{
  "type": "FeatureCollection",
  "name": "udes-v2-abu-dhabi-road-corridors",
  "bbox": [54.28, 24.24, 54.78, 24.62],
  "metadata": {
    "source": "osm / osrm",
    "sourceClass": "derived",
    "attribution": "© OpenStreetMap contributors",
    "note": "Static routed corridors between model-zone centroids; not the full street network."
  },
  "features": [
    {
      "type": "Feature",
      "id": "al-zahiyah--al-danah",
      "geometry": {
        "coordinates": [
          [54.380009, 24.499006],
          [54.379912, 24.499122],
          [54.379816, 24.499052],
          [54.379778, 24.499095],
          [54.37964, 24.499253],
          [54.379539, 24.499188],
          [54.379466, 24.499148],
          [54.379423, 24.499195],
          [54.37916, 24.499481],
          [54.378909, 24.499761],
          [54.378576, 24.500165],
          [54.378501, 24.500257],
          [54.378469, 24.500294],
          [54.378404, 24.500369],
          [54.378287, 24.500503],
          [54.37814, 24.50039],
          [54.37788, 24.500199],
          [54.377439, 24.499879],
          [54.377319, 24.499804],
          [54.377423, 24.499672],
          [54.377483, 24.499594],
          [54.377613, 24.499435],
          [54.37785, 24.499158],
          [54.378101, 24.498862],
          [54.37819, 24.498756],
          [54.378365, 24.49855],
          [54.37874, 24.49809],
          [54.378816, 24.497998],
          [54.379088, 24.497674],
          [54.379147, 24.497491],
          [54.379157, 24.49743],
          [54.379154, 24.497383],
          [54.379138, 24.49733],
          [54.37908, 24.497216],
          [54.37879, 24.497034],
          [54.378567, 24.496892],
          [54.37788, 24.496456],
          [54.377831, 24.496423],
          [54.377545, 24.496225],
          [54.377354, 24.496083],
          [54.377166, 24.495935],
          [54.37672, 24.495625],
          [54.376695, 24.495603],
          [54.376461, 24.495444],
          [54.37609, 24.495177],
          [54.375927, 24.495059],
          [54.3758, 24.494963],
          [54.375348, 24.494638],
          [54.375296, 24.4946],
          [54.375124, 24.494471],
          [54.375091, 24.494447],
          [54.375001, 24.494388],
          [54.374805, 24.494243],
          [54.374724, 24.494183],
          [54.374514, 24.494038],
          [54.374474, 24.494009],
          [54.374118, 24.49376],
          [54.372854, 24.492867],
          [54.372567, 24.492669],
          [54.371999, 24.492257],
          [54.371658, 24.492017],
          [54.371518, 24.491918],
          [54.371199, 24.491691],
          [54.370476, 24.491172],
          [54.370049, 24.490877],
          [54.370031, 24.490864],
          [54.369973, 24.490821],
          [54.369857, 24.490737],
          [54.369833, 24.490721],
          [54.369762, 24.490671],
          [54.369641, 24.490586],
          [54.369715, 24.490486],
          [54.369769, 24.490415],
          [54.369951, 24.490193],
          [54.370068, 24.490053],
          [54.370082, 24.489993],
          [54.370076, 24.489932],
          [54.370052, 24.489876],
          [54.370037, 24.489855],
          [54.370019, 24.489835],
          [54.369999, 24.489818],
          [54.369653, 24.48953],
          [54.369627, 24.489543],
          [54.369599, 24.48955],
          [54.369569, 24.489551],
          [54.369545, 24.489545],
          [54.369523, 24.489536],
          [54.369501, 24.489525],
          [54.369482, 24.489511],
          [54.369322, 24.489389],
          [54.368965, 24.489146],
          [54.368646, 24.48892],
          [54.368565, 24.488865],
          [54.368457, 24.488787],
          [54.368164, 24.488589],
          [54.367711, 24.488287],
          [54.367828, 24.488139],
          [54.36793, 24.488017],
          [54.368772, 24.486938],
          [54.369145, 24.486495],
          [54.369464, 24.486116],
          [54.369111, 24.485869]
        ],
        "type": "LineString"
      },
      "properties": {
        "id": "al-zahiyah--al-danah",
        "name": "Al Zahiyah — Al Danah",
        "from": "al-zahiyah",
        "to": "al-danah",
        "corridorType": "urban-arterial",
        "bidirectional": true,
        "distanceKm": 2.69,
        "freeFlowMinutes": 4.4,
        "capacityVehPerHour": 3600,
        "sourceClass": "derived",
        "geometrySource": "osm-osrm",
        "sourceClassByField": {
          "geometry": "derived",
          "distanceKm": "derived",
          "freeFlowMinutes": "derived",
          "corridorType": "synthetic",
          "capacityVehPerHour": "synthetic"
        },
        "fallbackReason": null
      }
    },
    {
      "type": "Feature",
      "id": "al-danah--al-nahyan",
      "geometry": {
        "coordinates": [
          [54.369111, 24.485869],
          [54.369464, 24.486116],
          [54.370153, 24.48528],
          [54.37088, 24.484424],
          [54.371372, 24.483846],
          [54.371922, 24.483185],
          [54.372806, 24.48211],
          [54.372898, 24.481994],
          [54.373103, 24.48175],
          [54.373138, 24.481686],
          [54.373169, 24.481619],
          [54.373194, 24.481551],
          [54.373213, 24.481482],
          [54.373059, 24.481372],
          [54.372625, 24.481054],
          [54.370706, 24.479682],
          [54.370504, 24.479538],
          [54.370225, 24.479347],
          [54.370204, 24.479333],
          [54.370106, 24.479266],
          [54.369946, 24.479157],
          [54.370071, 24.479012],
          [54.370153, 24.478918],
          [54.37033, 24.478713],
          [54.370641, 24.478347],
          [54.371852, 24.477101],
          [54.372203, 24.476739],
          [54.372675, 24.476252],
          [54.373416, 24.475439],
          [54.37349, 24.475356],
          [54.373622, 24.475225],
          [54.374176, 24.474672],
          [54.37428, 24.474569],
          [54.374942, 24.473892],
          [54.375121, 24.473724],
          [54.37515, 24.473693],
          [54.375226, 24.473612],
          [54.375318, 24.473515],
          [54.37539, 24.473437],
          [54.375467, 24.473356],
          [54.375626, 24.473187],
          [54.376057, 24.472726],
          [54.376269, 24.472506],
          [54.377081, 24.471668],
          [54.377446, 24.471276],
          [54.378114, 24.470562],
          [54.379753, 24.468833],
          [54.379995, 24.468453],
          [54.380306, 24.468041],
          [54.380761, 24.467178],
          [54.380998, 24.466774],
          [54.381101, 24.466642],
          [54.381316, 24.466413],
          [54.38134, 24.466388],
          [54.381392, 24.466338],
          [54.381539, 24.4662],
          [54.382359, 24.466891],
          [54.382465, 24.46698],
          [54.382597, 24.467091],
          [54.382644, 24.46713],
          [54.383036, 24.467448],
          [54.383233, 24.467608],
          [54.383342, 24.467704],
          [54.38418, 24.468403],
          [54.384251, 24.468431],
          [54.384328, 24.468444],
          [54.384406, 24.468442],
          [54.384482, 24.468423],
          [54.38455, 24.46839],
          [54.384639, 24.468336],
          [54.384788, 24.468235],
          [54.384927, 24.468113],
          [54.385183, 24.467847],
          [54.385457, 24.467566],
          [54.386403, 24.466571],
          [54.386567, 24.466398],
          [54.386596, 24.466367],
          [54.38662, 24.466332],
          [54.386637, 24.466294],
          [54.386648, 24.466254],
          [54.386644, 24.466225],
          [54.386651, 24.466202],
          [54.386656, 24.466186],
          [54.386679, 24.466152],
          [54.386713, 24.466127],
          [54.386729, 24.466121],
          [54.386754, 24.466113],
          [54.386798, 24.466112],
          [54.386838, 24.466089],
          [54.386876, 24.466063],
          [54.386909, 24.466032],
          [54.386939, 24.465998],
          [54.387084, 24.465844],
          [54.387339, 24.465574],
          [54.387433, 24.46547],
          [54.387958, 24.464923],
          [54.38807, 24.464809],
          [54.388263, 24.464601],
          [54.388274, 24.464588],
          [54.388282, 24.464504],
          [54.388284, 24.46447],
          [54.38829, 24.464437],
          [54.388301, 24.464406],
          [54.388306, 24.464391],
          [54.388292, 24.464365],
          [54.388273, 24.464341],
          [54.388252, 24.464318],
          [54.388228, 24.464298],
          [54.388216, 24.464299],
          [54.388187, 24.464293],
          [54.388161, 24.46428],
          [54.387776, 24.463972],
          [54.387756, 24.463952],
          [54.387743, 24.463927],
          [54.38774, 24.4639],
          [54.387745, 24.463873],
          [54.38776, 24.463849],
          [54.387779, 24.463832],
          [54.387802, 24.46382],
          [54.387828, 24.463814],
          [54.387854, 24.463815],
          [54.38788, 24.463822],
          [54.387902, 24.463835],
          [54.388048, 24.463949]
        ],
        "type": "LineString"
      },
      "properties": {
        "id": "al-danah--al-nahyan",
        "name": "Al Danah — Al Nahyan",
        "from": "al-danah",
        "to": "al-nahyan",
        "corridorType": "urban-arterial",
        "bidirectional": true,
        "distanceKm": 4.08,
        "freeFlowMinutes": 6,
        "capacityVehPerHour": 3600,
        "sourceClass": "derived",
        "geometrySource": "osm-osrm",
        "sourceClassByField": {
          "geometry": "derived",
          "distanceKm": "derived",
          "freeFlowMinutes": "derived",
          "corridorType": "synthetic",
          "capacityVehPerHour": "synthetic"
        },
        "fallbackReason": null
      }
    },
    {
      "type": "Feature",
      "id": "al-danah--al-khalidiyah",
      "geometry": {
        "coordinates": [
          [54.369111, 24.485869],
          [54.369464, 24.486116],
          [54.370153, 24.48528],
          [54.37088, 24.484424],
          [54.371372, 24.483846],
          [54.371922, 24.483185],
          [54.372806, 24.48211],
          [54.372898, 24.481994],
          [54.373103, 24.48175],
          [54.373138, 24.481686],
          [54.373169, 24.481619],
          [54.373194, 24.481551],
          [54.373213, 24.481482],
          [54.373059, 24.481372],
          [54.372625, 24.481054],
          [54.370706, 24.479682],
          [54.370504, 24.479538],
          [54.370225, 24.479347],
          [54.370204, 24.479333],
          [54.370106, 24.479266],
          [54.369946, 24.479157],
          [54.369858, 24.479097],
          [54.369648, 24.478952],
          [54.369138, 24.478603],
          [54.368066, 24.477806],
          [54.367967, 24.47773],
          [54.367771, 24.477592],
          [54.366252, 24.476527],
          [54.366001, 24.476341],
          [54.365706, 24.476124],
          [54.365661, 24.47609],
          [54.36556, 24.476016],
          [54.365335, 24.475851],
          [54.365065, 24.475652],
          [54.364968, 24.475581],
          [54.364706, 24.475388],
          [54.364195, 24.474965],
          [54.363198, 24.474149],
          [54.362796, 24.473826],
          [54.360482, 24.471962],
          [54.360438, 24.471926],
          [54.360304, 24.471821],
          [54.360274, 24.471796],
          [54.36011, 24.471661],
          [54.360035, 24.471598],
          [54.359938, 24.47152],
          [54.358275, 24.470175],
          [54.358139, 24.470064],
          [54.358088, 24.470023],
          [54.356157, 24.468458],
          [54.355754, 24.468148],
          [54.355555, 24.46799],
          [54.355478, 24.467929],
          [54.355363, 24.467838],
          [54.355285, 24.467776],
          [54.355123, 24.467647],
          [54.35443, 24.467085],
          [54.354051, 24.466778],
          [54.35362, 24.466433],
          [54.353349, 24.466208],
          [54.352432, 24.465464],
          [54.352354, 24.465402],
          [54.352298, 24.46546],
          [54.351004, 24.466806],
          [54.350897, 24.466918]
        ],
        "type": "LineString"
      },
      "properties": {
        "id": "al-danah--al-khalidiyah",
        "name": "Al Danah — Al Khalidiyah",
        "from": "al-danah",
        "to": "al-khalidiyah",
        "corridorType": "urban-arterial",
        "bidirectional": true,
        "distanceKm": 3.67,
        "freeFlowMinutes": 4.6,
        "capacityVehPerHour": 3600,
        "sourceClass": "derived",
        "geometrySource": "osm-osrm",
        "sourceClassByField": {
          "geometry": "derived",
          "distanceKm": "derived",
          "freeFlowMinutes": "derived",
          "corridorType": "synthetic",
          "capacityVehPerHour": "synthetic"
        },
        "fallbackReason": null
      }
    },
    {
      "type": "Feature",
      "id": "al-danah--al-manhal-karamah",
      "geometry": {
        "coordinates": [
          [54.369111, 24.485869],
          [54.369464, 24.486116],
          [54.370153, 24.48528],
          [54.37088, 24.484424],
          [54.371372, 24.483846],
          [54.371922, 24.483185],
          [54.372806, 24.48211],
          [54.372898, 24.481994],
          [54.373103, 24.48175],
          [54.373138, 24.481686],
          [54.373169, 24.481619],
          [54.373194, 24.481551],
          [54.373213, 24.481482],
          [54.373059, 24.481372],
          [54.372625, 24.481054],
          [54.370706, 24.479682],
          [54.370504, 24.479538],
          [54.370225, 24.479347],
          [54.370204, 24.479333],
          [54.370106, 24.479266],
          [54.369946, 24.479157],
          [54.369858, 24.479097],
          [54.369648, 24.478952],
          [54.369138, 24.478603],
          [54.368066, 24.477806],
          [54.367967, 24.47773],
          [54.367771, 24.477592],
          [54.366252, 24.476527],
          [54.366001, 24.476341],
          [54.365706, 24.476124],
          [54.365661, 24.47609],
          [54.36556, 24.476016],
          [54.365335, 24.475851],
          [54.365065, 24.475652],
          [54.364968, 24.475581],
          [54.364706, 24.475388],
          [54.364195, 24.474965],
          [54.363198, 24.474149],
          [54.362796, 24.473826],
          [54.360482, 24.471962],
          [54.360438, 24.471926],
          [54.360304, 24.471821],
          [54.360409, 24.47171],
          [54.360471, 24.471644],
          [54.360653, 24.471452],
          [54.361047, 24.471035],
          [54.361967, 24.470061],
          [54.362159, 24.469858],
          [54.362656, 24.469332],
          [54.362822, 24.469157],
          [54.363313, 24.468637],
          [54.363498, 24.468441],
          [54.363594, 24.468339],
          [54.36375, 24.468174],
          [54.364058, 24.467848],
          [54.364822, 24.467039],
          [54.365421, 24.466408],
          [54.365757, 24.466056],
          [54.365823, 24.465988],
          [54.36593, 24.465878],
          [54.365995, 24.465811],
          [54.366192, 24.465605],
          [54.366734, 24.465019],
          [54.367, 24.464736],
          [54.367805, 24.463884],
          [54.367786, 24.463779],
          [54.367772, 24.463695],
          [54.367694, 24.463634],
          [54.367281, 24.463317],
          [54.367045, 24.463146],
          [54.36693, 24.463268],
          [54.366193, 24.46268],
          [54.366162, 24.462619],
          [54.366172, 24.462552],
          [54.366392, 24.462317],
          [54.365994, 24.462006]
        ],
        "type": "LineString"
      },
      "properties": {
        "id": "al-danah--al-manhal-karamah",
        "name": "Al Danah — Al Manhal / Al Karamah",
        "from": "al-danah",
        "to": "al-manhal-karamah",
        "corridorType": "urban-arterial",
        "bidirectional": true,
        "distanceKm": 3.87,
        "freeFlowMinutes": 5.2,
        "capacityVehPerHour": 3600,
        "sourceClass": "derived",
        "geometrySource": "osm-osrm",
        "sourceClassByField": {
          "geometry": "derived",
          "distanceKm": "derived",
          "freeFlowMinutes": "derived",
          "corridorType": "synthetic",
          "capacityVehPerHour": "synthetic"
        },
        "fallbackReason": null
      }
    },
    {
      "type": "Feature",
      "id": "al-zahiyah--al-maryah",
      "geometry": {
        "coordinates": [
          [54.380009, 24.499006],
          [54.379912, 24.499122],
          [54.379816, 24.499052],
          [54.379778, 24.499095],
          [54.37964, 24.499253],
          [54.379539, 24.499188],
          [54.379466, 24.499148],
          [54.379423, 24.499195],
          [54.37916, 24.499481],
          [54.378909, 24.499761],
          [54.378576, 24.500165],
          [54.37857, 24.500265],
          [54.378568, 24.500301],
          [54.378571, 24.500347],
          [54.378576, 24.500387],
          [54.378589, 24.500431],
          [54.378601, 24.500471],
          [54.378617, 24.500518],
          [54.379315, 24.500983],
          [54.37965, 24.501227],
          [54.379756, 24.501216],
          [54.380384, 24.501607],
          [54.380429, 24.501635],
          [54.380728, 24.501817],
          [54.381158, 24.502079],
          [54.38142, 24.502244],
          [54.381607, 24.502342],
          [54.381919, 24.502478],
          [54.382606, 24.502668],
          [54.383073, 24.502807],
          [54.383542, 24.502941],
          [54.383941, 24.50305],
          [54.384341, 24.503155],
          [54.384681, 24.50324],
          [54.385511, 24.503448],
          [54.385693, 24.503487],
          [54.385877, 24.503522],
          [54.386061, 24.50355],
          [54.386247, 24.503573],
          [54.386444, 24.503591],
          [54.386642, 24.503603],
          [54.386841, 24.503608],
          [54.387039, 24.503607],
          [54.387353, 24.503591],
          [54.388108, 24.503511],
          [54.388301, 24.503491],
          [54.388369, 24.503483],
          [54.388466, 24.503472],
          [54.388564, 24.503461],
          [54.389894, 24.503313],
          [54.389992, 24.503219],
          [54.390035, 24.503177],
          [54.390082, 24.50311],
          [54.390129, 24.503006],
          [54.390097, 24.502775],
          [54.390019, 24.502191],
          [54.389995, 24.502]
        ],
        "type": "LineString"
      },
      "properties": {
        "id": "al-zahiyah--al-maryah",
        "name": "Al Zahiyah — Al Maryah Island",
        "from": "al-zahiyah",
        "to": "al-maryah",
        "corridorType": "bridge-arterial",
        "bidirectional": true,
        "distanceKm": 1.65,
        "freeFlowMinutes": 2.2,
        "capacityVehPerHour": 4800,
        "sourceClass": "derived",
        "geometrySource": "osm-osrm",
        "sourceClassByField": {
          "geometry": "derived",
          "distanceKm": "derived",
          "freeFlowMinutes": "derived",
          "corridorType": "synthetic",
          "capacityVehPerHour": "synthetic"
        },
        "fallbackReason": null
      }
    },
    {
      "type": "Feature",
      "id": "al-zahiyah--al-reem",
      "geometry": {
        "coordinates": [
          [54.380009, 24.499006],
          [54.379912, 24.499122],
          [54.379816, 24.499052],
          [54.379778, 24.499095],
          [54.37964, 24.499253],
          [54.379539, 24.499188],
          [54.379466, 24.499148],
          [54.379423, 24.499195],
          [54.37916, 24.499481],
          [54.378909, 24.499761],
          [54.378576, 24.500165],
          [54.378501, 24.500257],
          [54.378469, 24.500294],
          [54.378404, 24.500369],
          [54.378287, 24.500503],
          [54.37814, 24.50039],
          [54.37788, 24.500199],
          [54.377439, 24.499879],
          [54.377319, 24.499804],
          [54.377423, 24.499672],
          [54.377483, 24.499594],
          [54.377613, 24.499435],
          [54.37785, 24.499158],
          [54.378101, 24.498862],
          [54.37819, 24.498756],
          [54.378365, 24.49855],
          [54.37874, 24.49809],
          [54.378816, 24.497998],
          [54.379088, 24.497674],
          [54.379278, 24.497452],
          [54.379346, 24.49737],
          [54.379498, 24.497193],
          [54.379565, 24.497115],
          [54.37966, 24.496999],
          [54.37978, 24.496865],
          [54.380019, 24.496584],
          [54.380157, 24.496422],
          [54.380187, 24.496389],
          [54.380241, 24.496326],
          [54.380278, 24.496282],
          [54.380307, 24.49625],
          [54.380329, 24.496224],
          [54.380793, 24.495681],
          [54.381005, 24.495443],
          [54.381135, 24.495275],
          [54.381259, 24.495123],
          [54.38141, 24.494941],
          [54.381459, 24.494881],
          [54.381527, 24.494788],
          [54.381633, 24.494671],
          [54.381681, 24.494615],
          [54.381778, 24.494502],
          [54.381903, 24.494356],
          [54.38219, 24.494019],
          [54.382356, 24.493824],
          [54.382477, 24.493682],
          [54.382839, 24.493262],
          [54.38301, 24.493059],
          [54.383228, 24.492804],
          [54.383475, 24.492516],
          [54.383509, 24.492475],
          [54.383565, 24.49241],
          [54.383655, 24.4923],
          [54.383715, 24.492226],
          [54.383894, 24.492006],
          [54.384108, 24.491762],
          [54.384221, 24.491625],
          [54.385197, 24.490447],
          [54.385391, 24.49023],
          [54.385425, 24.490193],
          [54.385493, 24.490112],
          [54.385612, 24.489968],
          [54.385741, 24.49005],
          [54.385828, 24.490106],
          [54.386413, 24.490499],
          [54.387364, 24.491147],
          [54.387414, 24.491158],
          [54.387463, 24.491174],
          [54.387508, 24.491196],
          [54.387551, 24.491223],
          [54.388837, 24.492112],
          [54.389393, 24.492492],
          [54.389531, 24.49258],
          [54.389676, 24.492675],
          [54.389961, 24.492851],
          [54.390139, 24.492962],
          [54.390312, 24.493066],
          [54.390473, 24.493161],
          [54.390589, 24.493226],
          [54.390708, 24.493286],
          [54.39083, 24.493341],
          [54.390955, 24.493391],
          [54.391082, 24.493435],
          [54.391211, 24.493473],
          [54.391343, 24.493506],
          [54.391436, 24.493527],
          [54.39153, 24.493546],
          [54.39166, 24.493566],
          [54.391791, 24.493581],
          [54.391923, 24.49359],
          [54.392056, 24.493594],
          [54.392168, 24.493594],
          [54.39228, 24.49359],
          [54.392394, 24.493583],
          [54.393482, 24.493458],
          [54.393876, 24.493407],
          [54.394145, 24.493373],
          [54.394266, 24.493358],
          [54.395233, 24.493237],
          [54.396183, 24.493135],
          [54.3966, 24.493082],
          [54.396724, 24.493063],
          [54.396913, 24.493029],
          [54.397028, 24.493014],
          [54.397241, 24.492992],
          [54.397587, 24.492948],
          [54.398365, 24.49285],
          [54.39867, 24.492811],
          [54.400493, 24.492547],
          [54.400813, 24.4925],
          [54.400888, 24.492487],
          [54.400999, 24.492465],
          [54.401089, 24.492446],
          [54.401407, 24.49238],
          [54.401888, 24.492288],
          [54.40208, 24.492241],
          [54.402144, 24.492226],
          [54.402479, 24.492132],
          [54.402722, 24.492052],
          [54.402911, 24.491987],
          [54.403024, 24.491948],
          [54.403121, 24.491913],
          [54.40336, 24.491817],
          [54.403821, 24.491579],
          [54.403842, 24.491585],
          [54.403972, 24.491524],
          [54.404122, 24.491434],
          [54.404198, 24.491606],
          [54.404242, 24.491709],
          [54.404375, 24.492038],
          [54.404454, 24.492212],
          [54.404592, 24.49249],
          [54.404605, 24.492516],
          [54.404656, 24.492603],
          [54.40474, 24.492714],
          [54.404797, 24.49279],
          [54.405101, 24.493163],
          [54.405264, 24.49333],
          [54.405412, 24.49349],
          [54.405646, 24.493697],
          [54.405899, 24.493891],
          [54.406134, 24.494032],
          [54.406158, 24.494047],
          [54.406377, 24.494166],
          [54.406469, 24.494214],
          [54.40667, 24.494327],
          [54.407613, 24.494902],
          [54.408208, 24.495231],
          [54.40856, 24.495426],
          [54.409038, 24.495687],
          [54.409219, 24.495811],
          [54.40946, 24.495992],
          [54.409579, 24.496111],
          [54.409652, 24.496175],
          [54.409835, 24.496361],
          [54.409925, 24.496469],
          [54.410062, 24.496652],
          [54.410164, 24.496821],
          [54.410288, 24.497076],
          [54.410357, 24.497221],
          [54.410424, 24.497429],
          [54.41047, 24.497617],
          [54.410499, 24.497805],
          [54.410514, 24.498037],
          [54.410472, 24.498783],
          [54.410426, 24.499086],
          [54.410417, 24.499168],
          [54.410401, 24.499304],
          [54.410375, 24.499484],
          [54.410328, 24.499777],
          [54.410244, 24.500295],
          [54.410319, 24.500435],
          [54.410398, 24.500517],
          [54.410465, 24.500562],
          [54.410529, 24.500582],
          [54.410998, 24.500595],
          [54.411392, 24.500606],
          [54.411583, 24.500623],
          [54.411637, 24.50063],
          [54.411775, 24.500644],
          [54.411981, 24.500702],
          [54.411956, 24.500802],
          [54.411931, 24.500881],
          [54.411895, 24.501027],
          [54.411871, 24.501125],
          [54.411861, 24.501216],
          [54.411867, 24.501391],
          [54.411877, 24.501536],
          [54.411903, 24.50167],
          [54.411952, 24.501826],
          [54.412025, 24.502013],
          [54.412114, 24.502179],
          [54.412209, 24.502324],
          [54.412314, 24.502447],
          [54.412694, 24.50291],
          [54.412741, 24.502916],
          [54.412787, 24.502931],
          [54.412828, 24.502952],
          [54.412866, 24.502979],
          [54.412897, 24.503012],
          [54.412986, 24.503113],
          [54.413273, 24.503442],
          [54.413381, 24.503522],
          [54.41343, 24.503549],
          [54.413484, 24.503562],
          [54.413524, 24.503564],
          [54.413564, 24.50356],
          [54.413603, 24.50355],
          [54.413639, 24.503534],
          [54.413674, 24.503517],
          [54.413881, 24.503417],
          [54.41409, 24.503327],
          [54.414264, 24.503266],
          [54.414441, 24.50321],
          [54.414656, 24.503152],
          [54.414874, 24.503102],
          [54.415094, 24.503061],
          [54.415295, 24.503033],
          [54.415498, 24.503014],
          [54.415702, 24.503004],
          [54.415897, 24.503007],
          [54.415969, 24.503005],
          [54.416031, 24.503001],
          [54.416092, 24.502992],
          [54.416153, 24.502977],
          [54.416211, 24.502958],
          [54.416267, 24.502933],
          [54.416296, 24.502898],
          [54.416343, 24.502868],
          [54.4164, 24.502855],
          [54.416457, 24.502861],
          [54.416509, 24.502885],
          [54.416538, 24.502911],
          [54.416558, 24.502943],
          [54.41657, 24.502977],
          [54.416571, 24.503013],
          [54.416564, 24.503048],
          [54.416547, 24.503081],
          [54.416514, 24.503115],
          [54.416546, 24.503174],
          [54.416559, 24.503203],
          [54.416573, 24.503235],
          [54.416604, 24.503322],
          [54.416622, 24.503393],
          [54.416651, 24.5034],
          [54.416677, 24.503414],
          [54.416698, 24.503433],
          [54.416713, 24.503457],
          [54.41672, 24.503484],
          [54.416733, 24.503592],
          [54.416741, 24.5037],
          [54.416742, 24.503808],
          [54.416737, 24.503925],
          [54.416724, 24.504042],
          [54.416703, 24.504157],
          [54.41668, 24.504272],
          [54.416646, 24.504384],
          [54.416602, 24.504494],
          [54.41655, 24.504596],
          [54.41649, 24.504694]
        ],
        "type": "LineString"
      },
      "properties": {
        "id": "al-zahiyah--al-reem",
        "name": "Al Zahiyah — Al Reem Island",
        "from": "al-zahiyah",
        "to": "al-reem",
        "corridorType": "bridge-arterial",
        "bidirectional": true,
        "distanceKm": 6.19,
        "freeFlowMinutes": 9.3,
        "capacityVehPerHour": 4800,
        "sourceClass": "derived",
        "geometrySource": "osm-osrm",
        "sourceClassByField": {
          "geometry": "derived",
          "distanceKm": "derived",
          "freeFlowMinutes": "derived",
          "corridorType": "synthetic",
          "capacityVehPerHour": "synthetic"
        },
        "fallbackReason": null
      }
    },
    {
      "type": "Feature",
      "id": "al-nahyan--al-mushrif",
      "geometry": {
        "coordinates": [
          [54.388048, 24.463949],
          [54.38829, 24.464139],
          [54.388307, 24.464158],
          [54.388318, 24.464179],
          [54.388343, 24.4642],
          [54.388369, 24.464218],
          [54.388398, 24.464234],
          [54.388428, 24.464246],
          [54.388663, 24.464],
          [54.388854, 24.4638],
          [54.388866, 24.463787],
          [54.38888, 24.463777],
          [54.388897, 24.463771],
          [54.388915, 24.463768],
          [54.389085, 24.463734],
          [54.389142, 24.46367],
          [54.389164, 24.463641],
          [54.389185, 24.463609],
          [54.389203, 24.463576],
          [54.389219, 24.463541],
          [54.389232, 24.463506],
          [54.389211, 24.463454],
          [54.38921, 24.463399],
          [54.389194, 24.46334],
          [54.389167, 24.463282],
          [54.389132, 24.463229],
          [54.389089, 24.46318],
          [54.388993, 24.463099],
          [54.388926, 24.463048],
          [54.388687, 24.462862],
          [54.388514, 24.462729],
          [54.388356, 24.4626],
          [54.388198, 24.462469],
          [54.388059, 24.462358],
          [54.387665, 24.462046],
          [54.387209, 24.461684],
          [54.387162, 24.461649],
          [54.38705, 24.461564],
          [54.386838, 24.461405],
          [54.38674, 24.461331],
          [54.386637, 24.461253],
          [54.38626, 24.46096],
          [54.386198, 24.460914],
          [54.385997, 24.460757],
          [54.385945, 24.460705],
          [54.38447, 24.459537],
          [54.384257, 24.459373],
          [54.384206, 24.459333],
          [54.383954, 24.459123],
          [54.383557, 24.458828],
          [54.383241, 24.458592],
          [54.383022, 24.458429],
          [54.382925, 24.458345],
          [54.382601, 24.458103],
          [54.382488, 24.458013],
          [54.382407, 24.457948],
          [54.382313, 24.457877],
          [54.382249, 24.457827],
          [54.382153, 24.457754],
          [54.381874, 24.457524],
          [54.381583, 24.457304],
          [54.380847, 24.45668],
          [54.380341, 24.456275],
          [54.378255, 24.454628],
          [54.377785, 24.454252],
          [54.377663, 24.454182],
          [54.37763, 24.454175],
          [54.3775, 24.454146],
          [54.377399, 24.45416],
          [54.377298, 24.454148],
          [54.377205, 24.454109],
          [54.377128, 24.454048],
          [54.377074, 24.453969],
          [54.377048, 24.453884],
          [54.377048, 24.453795],
          [54.37708, 24.4537],
          [54.377144, 24.453618],
          [54.377231, 24.453558],
          [54.377332, 24.453526],
          [54.377438, 24.453523],
          [54.377571, 24.453432],
          [54.377692, 24.453326],
          [54.378866, 24.452073],
          [54.378949, 24.451905],
          [54.378981, 24.451804],
          [54.378989, 24.45172],
          [54.37902, 24.451641],
          [54.379082, 24.451564],
          [54.379165, 24.451507],
          [54.379263, 24.451475],
          [54.379367, 24.45147],
          [54.379436, 24.451425],
          [54.37955, 24.451353],
          [54.379626, 24.451305],
          [54.379749, 24.451178],
          [54.379792, 24.451133],
          [54.381607, 24.449208],
          [54.383461, 24.447241],
          [54.383765, 24.446919],
          [54.386867, 24.443629],
          [54.387075, 24.443423],
          [54.387168, 24.443328],
          [54.387674, 24.442792],
          [54.387726, 24.442738],
          [54.387909, 24.442554],
          [54.388464, 24.441998],
          [54.388716, 24.441736],
          [54.388936, 24.44155],
          [54.389113, 24.441468],
          [54.389236, 24.441342],
          [54.38953, 24.441041],
          [54.389611, 24.440958],
          [54.389449, 24.440831],
          [54.389289, 24.440701],
          [54.389266, 24.440677],
          [54.389248, 24.440651],
          [54.389235, 24.440622],
          [54.389226, 24.440594],
          [54.389261, 24.440528],
          [54.389286, 24.440458],
          [54.38931, 24.440355],
          [54.38932, 24.44032],
          [54.389332, 24.440287],
          [54.389347, 24.440254],
          [54.389435, 24.44012],
          [54.389402, 24.440101],
          [54.389374, 24.440076],
          [54.389353, 24.440047],
          [54.389339, 24.440014],
          [54.389333, 24.439979],
          [54.389333, 24.439979]
        ],
        "type": "LineString"
      },
      "properties": {
        "id": "al-nahyan--al-mushrif",
        "name": "Al Nahyan — Al Mushrif",
        "from": "al-nahyan",
        "to": "al-mushrif",
        "corridorType": "urban-arterial",
        "bidirectional": true,
        "distanceKm": 3.89,
        "freeFlowMinutes": 4.9,
        "capacityVehPerHour": 3600,
        "sourceClass": "derived",
        "geometrySource": "osm-osrm",
        "sourceClassByField": {
          "geometry": "derived",
          "distanceKm": "derived",
          "freeFlowMinutes": "derived",
          "corridorType": "synthetic",
          "capacityVehPerHour": "synthetic"
        },
        "fallbackReason": null
      }
    },
    {
      "type": "Feature",
      "id": "al-nahyan--al-manhal-karamah",
      "geometry": {
        "coordinates": [
          [54.388048, 24.463949],
          [54.38829, 24.464139],
          [54.388307, 24.464158],
          [54.388318, 24.464179],
          [54.388343, 24.4642],
          [54.388369, 24.464218],
          [54.388398, 24.464234],
          [54.388428, 24.464246],
          [54.388663, 24.464],
          [54.388854, 24.4638],
          [54.388866, 24.463787],
          [54.38888, 24.463777],
          [54.388897, 24.463771],
          [54.388915, 24.463768],
          [54.389085, 24.463734],
          [54.389142, 24.46367],
          [54.389164, 24.463641],
          [54.389185, 24.463609],
          [54.389203, 24.463576],
          [54.389219, 24.463541],
          [54.389232, 24.463506],
          [54.389211, 24.463454],
          [54.38921, 24.463399],
          [54.389194, 24.46334],
          [54.389167, 24.463282],
          [54.389132, 24.463229],
          [54.389089, 24.46318],
          [54.388993, 24.463099],
          [54.388926, 24.463048],
          [54.388687, 24.462862],
          [54.388514, 24.462729],
          [54.388356, 24.4626],
          [54.388198, 24.462469],
          [54.388059, 24.462358],
          [54.387665, 24.462046],
          [54.387209, 24.461684],
          [54.387162, 24.461649],
          [54.38705, 24.461564],
          [54.386838, 24.461405],
          [54.38674, 24.461331],
          [54.386637, 24.461253],
          [54.38626, 24.46096],
          [54.386198, 24.460914],
          [54.385997, 24.460757],
          [54.385945, 24.460705],
          [54.38447, 24.459537],
          [54.384257, 24.459373],
          [54.384206, 24.459333],
          [54.383954, 24.459123],
          [54.383557, 24.458828],
          [54.383241, 24.458592],
          [54.383022, 24.458429],
          [54.382925, 24.458345],
          [54.382601, 24.458103],
          [54.382488, 24.458013],
          [54.382407, 24.457948],
          [54.382313, 24.457877],
          [54.382249, 24.457827],
          [54.382153, 24.457754],
          [54.381874, 24.457524],
          [54.381583, 24.457304],
          [54.380847, 24.45668],
          [54.380341, 24.456275],
          [54.378255, 24.454628],
          [54.377785, 24.454252],
          [54.377663, 24.454182],
          [54.37763, 24.454175],
          [54.3775, 24.454146],
          [54.377399, 24.45416],
          [54.377298, 24.454148],
          [54.377205, 24.454109],
          [54.377128, 24.454048],
          [54.377074, 24.453969],
          [54.377048, 24.453884],
          [54.377048, 24.453795],
          [54.376999, 24.453687],
          [54.376943, 24.453613],
          [54.376869, 24.453548],
          [54.376101, 24.452939],
          [54.374704, 24.451803],
          [54.374606, 24.451723],
          [54.374536, 24.451673],
          [54.374445, 24.451602],
          [54.372923, 24.450392],
          [54.372832, 24.450357],
          [54.372702, 24.450347],
          [54.372625, 24.450367],
          [54.372544, 24.450371],
          [54.372465, 24.450359],
          [54.372357, 24.450404],
          [54.372262, 24.450479],
          [54.372054, 24.450697],
          [54.371469, 24.45131],
          [54.370517, 24.452286],
          [54.370329, 24.45249],
          [54.369598, 24.453235],
          [54.369518, 24.453323],
          [54.369464, 24.453379],
          [54.368278, 24.454607],
          [54.368109, 24.454782],
          [54.368045, 24.454863],
          [54.367993, 24.454964],
          [54.367943, 24.455113],
          [54.367954, 24.455195],
          [54.36794, 24.45528],
          [54.367901, 24.455358],
          [54.367841, 24.455424],
          [54.367763, 24.455473],
          [54.367674, 24.455501],
          [54.367558, 24.455503],
          [54.367445, 24.455553],
          [54.367352, 24.455608],
          [54.367274, 24.455671],
          [54.367081, 24.455867],
          [54.365842, 24.457127],
          [54.365704, 24.45727],
          [54.36568, 24.457381],
          [54.36568, 24.457464],
          [54.365699, 24.457559],
          [54.366004, 24.457799],
          [54.366396, 24.458105],
          [54.366526, 24.458199],
          [54.366592, 24.458241],
          [54.367103, 24.45862],
          [54.367184, 24.458684],
          [54.366108, 24.459824],
          [54.365924, 24.460019],
          [54.364875, 24.461131],
          [54.365088, 24.461297],
          [54.365161, 24.461354],
          [54.365543, 24.461653],
          [54.365994, 24.462006]
        ],
        "type": "LineString"
      },
      "properties": {
        "id": "al-nahyan--al-manhal-karamah",
        "name": "Al Nahyan — Al Manhal / Al Karamah",
        "from": "al-nahyan",
        "to": "al-manhal-karamah",
        "corridorType": "urban-arterial",
        "bidirectional": true,
        "distanceKm": 4.22,
        "freeFlowMinutes": 5.2,
        "capacityVehPerHour": 3600,
        "sourceClass": "derived",
        "geometrySource": "osm-osrm",
        "sourceClassByField": {
          "geometry": "derived",
          "distanceKm": "derived",
          "freeFlowMinutes": "derived",
          "corridorType": "synthetic",
          "capacityVehPerHour": "synthetic"
        },
        "fallbackReason": null
      }
    },
    {
      "type": "Feature",
      "id": "al-manhal-karamah--al-khalidiyah",
      "geometry": {
        "coordinates": [
          [54.365994, 24.462006],
          [54.365543, 24.461653],
          [54.365161, 24.461354],
          [54.365088, 24.461297],
          [54.364875, 24.461131],
          [54.365924, 24.460019],
          [54.366108, 24.459824],
          [54.365331, 24.459206],
          [54.364854, 24.459699],
          [54.364661, 24.459898],
          [54.364265, 24.460308],
          [54.363562, 24.459753],
          [54.363457, 24.459731],
          [54.363358, 24.459744],
          [54.363075, 24.460041],
          [54.362872, 24.460252],
          [54.361642, 24.461532],
          [54.361457, 24.461732],
          [54.361387, 24.461807],
          [54.361286, 24.46191],
          [54.361147, 24.461793],
          [54.361099, 24.461752],
          [54.360931, 24.461608],
          [54.360282, 24.461008],
          [54.359994, 24.460752],
          [54.359908, 24.460673],
          [54.359844, 24.460615],
          [54.359604, 24.460398],
          [54.358603, 24.459507],
          [54.358392, 24.459424],
          [54.358354, 24.45941],
          [54.358318, 24.459403],
          [54.358276, 24.459401],
          [54.358236, 24.459407],
          [54.358197, 24.459419],
          [54.358079, 24.459459],
          [54.357906, 24.459638],
          [54.357261, 24.460309],
          [54.357151, 24.460423],
          [54.356914, 24.46067],
          [54.355881, 24.461744],
          [54.355713, 24.461919],
          [54.354717, 24.462955],
          [54.354515, 24.463165],
          [54.353866, 24.463839],
          [54.353536, 24.464183],
          [54.353268, 24.464461],
          [54.352699, 24.465053],
          [54.352548, 24.465201],
          [54.352447, 24.465302],
          [54.352354, 24.465402],
          [54.352298, 24.46546],
          [54.351004, 24.466806],
          [54.350897, 24.466918]
        ],
        "type": "LineString"
      },
      "properties": {
        "id": "al-manhal-karamah--al-khalidiyah",
        "name": "Al Manhal / Al Karamah — Al Khalidiyah",
        "from": "al-manhal-karamah",
        "to": "al-khalidiyah",
        "corridorType": "urban-arterial",
        "bidirectional": true,
        "distanceKm": 2.58,
        "freeFlowMinutes": 3.7,
        "capacityVehPerHour": 3600,
        "sourceClass": "derived",
        "geometrySource": "osm-osrm",
        "sourceClassByField": {
          "geometry": "derived",
          "distanceKm": "derived",
          "freeFlowMinutes": "derived",
          "corridorType": "synthetic",
          "capacityVehPerHour": "synthetic"
        },
        "fallbackReason": null
      }
    },
    {
      "type": "Feature",
      "id": "al-manhal-karamah--al-mushrif",
      "geometry": {
        "coordinates": [
          [54.365994, 24.462006],
          [54.366392, 24.462317],
          [54.366172, 24.462552],
          [54.366162, 24.462619],
          [54.366193, 24.46268],
          [54.36693, 24.463268],
          [54.367045, 24.463146],
          [54.367281, 24.463317],
          [54.367694, 24.463634],
          [54.367772, 24.463695],
          [54.367866, 24.463702],
          [54.36797, 24.463709],
          [54.368204, 24.463461],
          [54.369836, 24.461734],
          [54.370071, 24.461485],
          [54.370201, 24.461348],
          [54.370243, 24.461304],
          [54.370495, 24.461037],
          [54.371829, 24.459625],
          [54.37207, 24.459384],
          [54.372309, 24.45912],
          [54.372356, 24.459067],
          [54.37246, 24.458957],
          [54.372544, 24.458869],
          [54.372726, 24.458679],
          [54.37287, 24.45852],
          [54.373171, 24.458202],
          [54.373341, 24.458025],
          [54.374526, 24.45675],
          [54.37461, 24.456659],
          [54.375085, 24.45613],
          [54.375196, 24.456019],
          [54.375506, 24.455705],
          [54.376428, 24.454739],
          [54.37654, 24.454622],
          [54.377001, 24.45414],
          [54.377047, 24.454068],
          [54.377074, 24.453969],
          [54.377048, 24.453884],
          [54.377048, 24.453795],
          [54.37708, 24.4537],
          [54.377144, 24.453618],
          [54.377231, 24.453558],
          [54.377332, 24.453526],
          [54.377438, 24.453523],
          [54.377571, 24.453432],
          [54.377692, 24.453326],
          [54.378866, 24.452073],
          [54.378949, 24.451905],
          [54.378981, 24.451804],
          [54.378989, 24.45172],
          [54.37902, 24.451641],
          [54.379082, 24.451564],
          [54.379165, 24.451507],
          [54.379263, 24.451475],
          [54.379367, 24.45147],
          [54.379436, 24.451425],
          [54.37955, 24.451353],
          [54.379626, 24.451305],
          [54.379749, 24.451178],
          [54.379792, 24.451133],
          [54.381607, 24.449208],
          [54.383461, 24.447241],
          [54.383765, 24.446919],
          [54.386867, 24.443629],
          [54.387075, 24.443423],
          [54.387168, 24.443328],
          [54.387674, 24.442792],
          [54.387726, 24.442738],
          [54.387909, 24.442554],
          [54.388464, 24.441998],
          [54.388716, 24.441736],
          [54.388936, 24.44155],
          [54.389113, 24.441468],
          [54.389236, 24.441342],
          [54.38953, 24.441041],
          [54.389611, 24.440958],
          [54.389449, 24.440831],
          [54.389289, 24.440701],
          [54.389266, 24.440677],
          [54.389248, 24.440651],
          [54.389235, 24.440622],
          [54.389226, 24.440594],
          [54.389261, 24.440528],
          [54.389286, 24.440458],
          [54.38931, 24.440355],
          [54.38932, 24.44032],
          [54.389332, 24.440287],
          [54.389347, 24.440254],
          [54.389435, 24.44012],
          [54.389402, 24.440101],
          [54.389374, 24.440076],
          [54.389353, 24.440047],
          [54.389339, 24.440014],
          [54.389333, 24.439979],
          [54.389333, 24.439979]
        ],
        "type": "LineString"
      },
      "properties": {
        "id": "al-manhal-karamah--al-mushrif",
        "name": "Al Manhal / Al Karamah — Al Mushrif",
        "from": "al-manhal-karamah",
        "to": "al-mushrif",
        "corridorType": "urban-arterial",
        "bidirectional": true,
        "distanceKm": 3.84,
        "freeFlowMinutes": 5,
        "capacityVehPerHour": 3600,
        "sourceClass": "derived",
        "geometrySource": "osm-osrm",
        "sourceClassByField": {
          "geometry": "derived",
          "distanceKm": "derived",
          "freeFlowMinutes": "derived",
          "corridorType": "synthetic",
          "capacityVehPerHour": "synthetic"
        },
        "fallbackReason": null
      }
    },
    {
      "type": "Feature",
      "id": "al-manhal-karamah--muroor-al-saadah",
      "geometry": {
        "coordinates": [
          [54.365994, 24.462006],
          [54.366392, 24.462317],
          [54.366172, 24.462552],
          [54.366162, 24.462619],
          [54.366193, 24.46268],
          [54.36693, 24.463268],
          [54.367045, 24.463146],
          [54.367281, 24.463317],
          [54.367694, 24.463634],
          [54.367772, 24.463695],
          [54.367866, 24.463702],
          [54.36797, 24.463709],
          [54.368204, 24.463461],
          [54.369836, 24.461734],
          [54.370071, 24.461485],
          [54.370201, 24.461348],
          [54.370243, 24.461304],
          [54.370495, 24.461037],
          [54.371829, 24.459625],
          [54.37207, 24.459384],
          [54.372309, 24.45912],
          [54.372356, 24.459067],
          [54.37246, 24.458957],
          [54.372589, 24.459054],
          [54.372663, 24.459111],
          [54.37285, 24.459257],
          [54.373285, 24.459591],
          [54.373854, 24.460028],
          [54.374268, 24.460357],
          [54.374359, 24.460432],
          [54.374465, 24.460516],
          [54.374733, 24.460727],
          [54.375392, 24.461249],
          [54.375538, 24.461365],
          [54.375898, 24.461654],
          [54.376689, 24.46229],
          [54.377151, 24.462653],
          [54.377297, 24.462763],
          [54.377355, 24.462806],
          [54.37745, 24.462878],
          [54.377542, 24.462947],
          [54.377621, 24.463006],
          [54.377659, 24.463035],
          [54.377721, 24.463081],
          [54.377867, 24.463191],
          [54.379013, 24.464137],
          [54.379455, 24.464502],
          [54.379628, 24.46465],
          [54.379664, 24.464679],
          [54.379795, 24.464785],
          [54.379907, 24.464877],
          [54.380608, 24.465448],
          [54.380784, 24.465589],
          [54.381461, 24.466135],
          [54.381486, 24.466155],
          [54.381539, 24.4662],
          [54.382359, 24.466891],
          [54.382465, 24.46698],
          [54.382597, 24.467091],
          [54.382644, 24.46713],
          [54.383036, 24.467448],
          [54.383233, 24.467608],
          [54.383342, 24.467704],
          [54.38418, 24.468403],
          [54.384702, 24.468868],
          [54.384775, 24.468928],
          [54.385495, 24.469511],
          [54.385789, 24.469743],
          [54.385934, 24.46986],
          [54.385972, 24.46989],
          [54.386435, 24.470259],
          [54.386534, 24.470341],
          [54.386805, 24.470545],
          [54.387084, 24.470762],
          [54.387231, 24.470883],
          [54.387907, 24.471418],
          [54.388218, 24.471653],
          [54.388379, 24.471764],
          [54.388535, 24.471853],
          [54.388677, 24.47193],
          [54.388809, 24.471994],
          [54.388963, 24.472058],
          [54.389112, 24.472111],
          [54.389254, 24.472157],
          [54.389408, 24.472204],
          [54.389587, 24.472246],
          [54.389773, 24.472282],
          [54.390007, 24.472303],
          [54.390276, 24.472317],
          [54.390532, 24.472331],
          [54.390716, 24.472339],
          [54.390793, 24.47232],
          [54.390865, 24.472308],
          [54.390938, 24.4723],
          [54.391011, 24.472295],
          [54.391377, 24.472291],
          [54.391497, 24.472276],
          [54.391618, 24.472238],
          [54.391723, 24.472174],
          [54.391809, 24.472099],
          [54.391849, 24.472046],
          [54.392113, 24.471673],
          [54.392162, 24.471608],
          [54.392218, 24.47154],
          [54.39228, 24.471476],
          [54.392347, 24.471417],
          [54.392662, 24.470942],
          [54.393859, 24.469138],
          [54.394138, 24.468762],
          [54.394747, 24.467941],
          [54.395064, 24.467514],
          [54.395114, 24.467447],
          [54.395167, 24.467381],
          [54.395226, 24.467319],
          [54.395285, 24.467267],
          [54.39535, 24.467221],
          [54.395418, 24.46718],
          [54.395671, 24.466782],
          [54.395931, 24.466375],
          [54.39697, 24.464742],
          [54.397462, 24.463986],
          [54.397828, 24.463432],
          [54.398384, 24.462572],
          [54.398455, 24.462465],
          [54.399147, 24.461414],
          [54.401681, 24.457592],
          [54.402052, 24.456991],
          [54.40416, 24.453724],
          [54.40567, 24.451412],
          [54.405809, 24.451205],
          [54.405956, 24.451003],
          [54.40611, 24.450805],
          [54.4062, 24.450696],
          [54.406292, 24.450589],
          [54.406862, 24.449953],
          [54.407062, 24.449768],
          [54.407255, 24.449592],
          [54.407453, 24.449421],
          [54.407657, 24.449255],
          [54.407865, 24.449094],
          [54.408078, 24.448939],
          [54.408296, 24.448789],
          [54.408519, 24.448645],
          [54.408745, 24.448507],
          [54.408868, 24.448435],
          [54.409273, 24.448215],
          [54.40969, 24.448013],
          [54.410116, 24.447829],
          [54.410552, 24.447664],
          [54.412469, 24.446949],
          [54.417272, 24.445147],
          [54.418322, 24.444751],
          [54.420721, 24.443857],
          [54.421239, 24.443684],
          [54.422022, 24.443494],
          [54.422666, 24.443393],
          [54.423001, 24.443367],
          [54.423371, 24.443342],
          [54.423742, 24.443331],
          [54.424114, 24.443333],
          [54.424464, 24.443348],
          [54.424813, 24.443375],
          [54.425161, 24.443414],
          [54.425508, 24.443466],
          [54.425851, 24.443529],
          [54.426972, 24.443736],
          [54.427251, 24.443711],
          [54.427321, 24.443709],
          [54.427391, 24.443713],
          [54.427446, 24.443718],
          [54.427501, 24.443727],
          [54.43142, 24.44443],
          [54.431467, 24.444431],
          [54.431514, 24.444422],
          [54.431557, 24.444404],
          [54.431595, 24.444378],
          [54.431624, 24.444344],
          [54.431645, 24.444306],
          [54.431655, 24.444263],
          [54.431655, 24.44422],
          [54.431625, 24.443989],
          [54.431616, 24.443915],
          [54.431588, 24.443699],
          [54.43155, 24.44343],
          [54.43131, 24.442076],
          [54.431281, 24.441875],
          [54.431105, 24.440882],
          [54.431069, 24.44062],
          [54.430892, 24.439667],
          [54.430858, 24.439416],
          [54.430559, 24.437688],
          [54.430526, 24.437485],
          [54.430279, 24.436021],
          [54.430244, 24.435989],
          [54.430204, 24.435962],
          [54.43016, 24.435941],
          [54.430113, 24.435927],
          [54.430064, 24.435919],
          [54.429795, 24.435956],
          [54.429013, 24.436074]
        ],
        "type": "LineString"
      },
      "properties": {
        "id": "al-manhal-karamah--muroor-al-saadah",
        "name": "Al Manhal / Al Karamah — Muroor / Al Sa'adah",
        "from": "al-manhal-karamah",
        "to": "muroor-al-saadah",
        "corridorType": "urban-arterial",
        "bidirectional": true,
        "distanceKm": 10.2,
        "freeFlowMinutes": 8.9,
        "capacityVehPerHour": 3600,
        "sourceClass": "derived",
        "geometrySource": "osm-osrm",
        "sourceClassByField": {
          "geometry": "derived",
          "distanceKm": "derived",
          "freeFlowMinutes": "derived",
          "corridorType": "synthetic",
          "capacityVehPerHour": "synthetic"
        },
        "fallbackReason": null
      }
    },
    {
      "type": "Feature",
      "id": "al-khalidiyah--al-bateen",
      "geometry": {
        "coordinates": [
          [54.350897, 24.466918],
          [54.350755, 24.467065],
          [54.350525, 24.467304],
          [54.349748, 24.468111],
          [54.349658, 24.468204],
          [54.349563, 24.468127],
          [54.349926, 24.46775],
          [54.350909, 24.466729],
          [54.351395, 24.466225],
          [54.351942, 24.465657],
          [54.352207, 24.465382],
          [54.352259, 24.465328],
          [54.352353, 24.465225],
          [54.352456, 24.465122],
          [54.352594, 24.464977],
          [54.352627, 24.464943],
          [54.353762, 24.463757],
          [54.3549, 24.462567],
          [54.354944, 24.462521],
          [54.355165, 24.462288],
          [54.356449, 24.460956],
          [54.356606, 24.46079],
          [54.357005, 24.460375],
          [54.35765, 24.459703],
          [54.357988, 24.459352],
          [54.358029, 24.459217],
          [54.358035, 24.459132],
          [54.35803, 24.459083],
          [54.358023, 24.459043],
          [54.357989, 24.458963],
          [54.357529, 24.458537],
          [54.357191, 24.458226],
          [54.35702, 24.458068],
          [54.356137, 24.457261],
          [54.355798, 24.456972],
          [54.355548, 24.45673],
          [54.355462, 24.456652],
          [54.3554, 24.456598],
          [54.355334, 24.456539],
          [54.355233, 24.456449],
          [54.355094, 24.456327],
          [54.354581, 24.455876],
          [54.354456, 24.455767],
          [54.353789, 24.455181],
          [54.353589, 24.455007],
          [54.35298, 24.454472],
          [54.352762, 24.454281],
          [54.352562, 24.454108],
          [54.352533, 24.454082],
          [54.352453, 24.454012],
          [54.352353, 24.453936],
          [54.352224, 24.453832],
          [54.352024, 24.453617],
          [54.351732, 24.453345],
          [54.350833, 24.4525],
          [54.350786, 24.452463],
          [54.350722, 24.452419],
          [54.350653, 24.45238],
          [54.35058, 24.452346],
          [54.350505, 24.452318],
          [54.350426, 24.452296],
          [54.350399, 24.452299],
          [54.350372, 24.452301],
          [54.350313, 24.452297],
          [54.350236, 24.452279],
          [54.350166, 24.452245],
          [54.350105, 24.452198],
          [54.350058, 24.45214],
          [54.350026, 24.452074],
          [54.350011, 24.452003],
          [54.350011, 24.451948],
          [54.349989, 24.451882],
          [54.34996, 24.451817],
          [54.349925, 24.451756],
          [54.349884, 24.451697],
          [54.349839, 24.451641],
          [54.349724, 24.451536],
          [54.349644, 24.451463],
          [54.349459, 24.451293],
          [54.34915, 24.45101],
          [54.348547, 24.450457],
          [54.348319, 24.450251],
          [54.348258, 24.450198],
          [54.348191, 24.450149],
          [54.348121, 24.450105],
          [54.348048, 24.450066],
          [54.347997, 24.450042],
          [54.347944, 24.450022],
          [54.347873, 24.450039],
          [54.347799, 24.450043],
          [54.347726, 24.450034],
          [54.347679, 24.450035],
          [54.347631, 24.450039],
          [54.347584, 24.450048],
          [54.347538, 24.45006],
          [54.347505, 24.450071],
          [54.347473, 24.450085],
          [54.34745, 24.450096],
          [54.347426, 24.450104],
          [54.347401, 24.450109],
          [54.347376, 24.45011],
          [54.34735, 24.450108],
          [54.347325, 24.450103],
          [54.347301, 24.450095],
          [54.346889, 24.450186],
          [54.346458, 24.450266],
          [54.34642, 24.450273],
          [54.346381, 24.450274],
          [54.346343, 24.450271],
          [54.346305, 24.450264],
          [54.346269, 24.450252],
          [54.346165, 24.450213],
          [54.34611, 24.450194],
          [54.346053, 24.450182],
          [54.345995, 24.450176],
          [54.345936, 24.450177],
          [54.345316, 24.450243],
          [54.34529, 24.450246],
          [54.345265, 24.450255],
          [54.345244, 24.45027],
          [54.345228, 24.450289],
          [54.345219, 24.450312]
        ],
        "type": "LineString"
      },
      "properties": {
        "id": "al-khalidiyah--al-bateen",
        "name": "Al Khalidiyah — Al Bateen",
        "from": "al-khalidiyah",
        "to": "al-bateen",
        "corridorType": "urban-arterial",
        "bidirectional": true,
        "distanceKm": 3.26,
        "freeFlowMinutes": 4.1,
        "capacityVehPerHour": 3600,
        "sourceClass": "derived",
        "geometrySource": "osm-osrm",
        "sourceClassByField": {
          "geometry": "derived",
          "distanceKm": "derived",
          "freeFlowMinutes": "derived",
          "corridorType": "synthetic",
          "capacityVehPerHour": "synthetic"
        },
        "fallbackReason": null
      }
    },
    {
      "type": "Feature",
      "id": "al-mushrif--al-bateen",
      "geometry": {
        "coordinates": [
          [54.389333, 24.439979],
          [54.389333, 24.439979],
          [54.389339, 24.440014],
          [54.389353, 24.440047],
          [54.389374, 24.440076],
          [54.389402, 24.440101],
          [54.389435, 24.44012],
          [54.389347, 24.440254],
          [54.389332, 24.440287],
          [54.38932, 24.44032],
          [54.38931, 24.440355],
          [54.389286, 24.440458],
          [54.389261, 24.440528],
          [54.389226, 24.440594],
          [54.389263, 24.440596],
          [54.389301, 24.440603],
          [54.389337, 24.440612],
          [54.389372, 24.440626],
          [54.389461, 24.44068],
          [54.389725, 24.440843],
          [54.389611, 24.440958],
          [54.38953, 24.441041],
          [54.389236, 24.441342],
          [54.389113, 24.441468],
          [54.389071, 24.4416],
          [54.388899, 24.44181],
          [54.388115, 24.442676],
          [54.388093, 24.442701],
          [54.387916, 24.442892],
          [54.387868, 24.442944],
          [54.387364, 24.443469],
          [54.387168, 24.443328],
          [54.387091, 24.443272],
          [54.386824, 24.443071],
          [54.38577, 24.442241],
          [54.385698, 24.442181],
          [54.385531, 24.442042],
          [54.384397, 24.44114],
          [54.384246, 24.441013],
          [54.383743, 24.440628],
          [54.38294, 24.439985],
          [54.37972, 24.437411],
          [54.379536, 24.437267],
          [54.379463, 24.437209],
          [54.379346, 24.437118],
          [54.379273, 24.437061],
          [54.379069, 24.436901],
          [54.378519, 24.436484],
          [54.378439, 24.436416],
          [54.377287, 24.435497],
          [54.377256, 24.435503],
          [54.377224, 24.435504],
          [54.377193, 24.4355],
          [54.377163, 24.435491],
          [54.377085, 24.435458],
          [54.377027, 24.435439],
          [54.376967, 24.435427],
          [54.376907, 24.43542],
          [54.376845, 24.435419],
          [54.376795, 24.435423],
          [54.376745, 24.43543],
          [54.376695, 24.435442],
          [54.376647, 24.435458],
          [54.376601, 24.435477],
          [54.376557, 24.4355],
          [54.37636, 24.435635],
          [54.376327, 24.43565],
          [54.376293, 24.435661],
          [54.376257, 24.435667],
          [54.37622, 24.435668],
          [54.375595, 24.436202],
          [54.373854, 24.437689],
          [54.37266, 24.438766],
          [54.372004, 24.439427],
          [54.371855, 24.439577],
          [54.371778, 24.439654],
          [54.371683, 24.439752],
          [54.371614, 24.43983],
          [54.37148, 24.439971],
          [54.37096, 24.440503],
          [54.370761, 24.440711],
          [54.370642, 24.440834],
          [54.370541, 24.44094],
          [54.370095, 24.441403],
          [54.369886, 24.441621],
          [54.369108, 24.44243],
          [54.368228, 24.443345],
          [54.368023, 24.443558],
          [54.367603, 24.443995],
          [54.36745, 24.444155],
          [54.366764, 24.444868],
          [54.366577, 24.445062],
          [54.366501, 24.445142],
          [54.366413, 24.445233],
          [54.366338, 24.445312],
          [54.366197, 24.445459],
          [54.365827, 24.445843],
          [54.365358, 24.44633],
          [54.364528, 24.447194],
          [54.363997, 24.447746],
          [54.363861, 24.447888],
          [54.362733, 24.449062],
          [54.362555, 24.449245],
          [54.362214, 24.449609],
          [54.361851, 24.449994],
          [54.361652, 24.450198],
          [54.361593, 24.45026],
          [54.361475, 24.450382],
          [54.361411, 24.45045],
          [54.361253, 24.450616],
          [54.360913, 24.450969],
          [54.360051, 24.451866],
          [54.359856, 24.452069],
          [54.359551, 24.452387],
          [54.358828, 24.453139],
          [54.358002, 24.453997],
          [54.357949, 24.454053],
          [54.357853, 24.454152],
          [54.357793, 24.454216],
          [54.357691, 24.454321],
          [54.356194, 24.455879],
          [54.356137, 24.455938],
          [54.356111, 24.455941],
          [54.356076, 24.455947],
          [54.356022, 24.45597],
          [54.355993, 24.455992],
          [54.355595, 24.456394],
          [54.355518, 24.456471],
          [54.355469, 24.456519],
          [54.355454, 24.456527],
          [54.355416, 24.456541],
          [54.355375, 24.456545],
          [54.355334, 24.456539],
          [54.355233, 24.456449],
          [54.355094, 24.456327],
          [54.354581, 24.455876],
          [54.354456, 24.455767],
          [54.353789, 24.455181],
          [54.353589, 24.455007],
          [54.35298, 24.454472],
          [54.352762, 24.454281],
          [54.352562, 24.454108],
          [54.352533, 24.454082],
          [54.352453, 24.454012],
          [54.352353, 24.453936],
          [54.352224, 24.453832],
          [54.352024, 24.453617],
          [54.351732, 24.453345],
          [54.350833, 24.4525],
          [54.350786, 24.452463],
          [54.350722, 24.452419],
          [54.350653, 24.45238],
          [54.35058, 24.452346],
          [54.350505, 24.452318],
          [54.350426, 24.452296],
          [54.350399, 24.452299],
          [54.350372, 24.452301],
          [54.350313, 24.452297],
          [54.350236, 24.452279],
          [54.350166, 24.452245],
          [54.350105, 24.452198],
          [54.350058, 24.45214],
          [54.350026, 24.452074],
          [54.350011, 24.452003],
          [54.350011, 24.451948],
          [54.349989, 24.451882],
          [54.34996, 24.451817],
          [54.349925, 24.451756],
          [54.349884, 24.451697],
          [54.349839, 24.451641],
          [54.349724, 24.451536],
          [54.349644, 24.451463],
          [54.349459, 24.451293],
          [54.34915, 24.45101],
          [54.348547, 24.450457],
          [54.348319, 24.450251],
          [54.348258, 24.450198],
          [54.348191, 24.450149],
          [54.348121, 24.450105],
          [54.348048, 24.450066],
          [54.347997, 24.450042],
          [54.347944, 24.450022],
          [54.347873, 24.450039],
          [54.347799, 24.450043],
          [54.347726, 24.450034],
          [54.347679, 24.450035],
          [54.347631, 24.450039],
          [54.347584, 24.450048],
          [54.347538, 24.45006],
          [54.347505, 24.450071],
          [54.347473, 24.450085],
          [54.34745, 24.450096],
          [54.347426, 24.450104],
          [54.347401, 24.450109],
          [54.347376, 24.45011],
          [54.34735, 24.450108],
          [54.347325, 24.450103],
          [54.347301, 24.450095],
          [54.346889, 24.450186],
          [54.346458, 24.450266],
          [54.34642, 24.450273],
          [54.346381, 24.450274],
          [54.346343, 24.450271],
          [54.346305, 24.450264],
          [54.346269, 24.450252],
          [54.346165, 24.450213],
          [54.34611, 24.450194],
          [54.346053, 24.450182],
          [54.345995, 24.450176],
          [54.345936, 24.450177],
          [54.345316, 24.450243],
          [54.34529, 24.450246],
          [54.345265, 24.450255],
          [54.345244, 24.45027],
          [54.345228, 24.450289],
          [54.345219, 24.450312]
        ],
        "type": "LineString"
      },
      "properties": {
        "id": "al-mushrif--al-bateen",
        "name": "Al Mushrif — Al Bateen",
        "from": "al-mushrif",
        "to": "al-bateen",
        "corridorType": "urban-arterial",
        "bidirectional": true,
        "distanceKm": 6.46,
        "freeFlowMinutes": 7.5,
        "capacityVehPerHour": 3600,
        "sourceClass": "derived",
        "geometrySource": "osm-osrm",
        "sourceClassByField": {
          "geometry": "derived",
          "distanceKm": "derived",
          "freeFlowMinutes": "derived",
          "corridorType": "synthetic",
          "capacityVehPerHour": "synthetic"
        },
        "fallbackReason": null
      }
    },
    {
      "type": "Feature",
      "id": "al-mushrif--muroor-al-saadah",
      "geometry": {
        "coordinates": [
          [54.389333, 24.439979],
          [54.389333, 24.439979],
          [54.389339, 24.440014],
          [54.389353, 24.440047],
          [54.389374, 24.440076],
          [54.389402, 24.440101],
          [54.389435, 24.44012],
          [54.389347, 24.440254],
          [54.389332, 24.440287],
          [54.38932, 24.44032],
          [54.38931, 24.440355],
          [54.389286, 24.440458],
          [54.389261, 24.440528],
          [54.389226, 24.440594],
          [54.389263, 24.440596],
          [54.389301, 24.440603],
          [54.389337, 24.440612],
          [54.389372, 24.440626],
          [54.389461, 24.44068],
          [54.389725, 24.440843],
          [54.389611, 24.440958],
          [54.38953, 24.441041],
          [54.389236, 24.441342],
          [54.389113, 24.441468],
          [54.389071, 24.4416],
          [54.388899, 24.44181],
          [54.388115, 24.442676],
          [54.388093, 24.442701],
          [54.388052, 24.442874],
          [54.388049, 24.442907],
          [54.38805, 24.44294],
          [54.388054, 24.442966],
          [54.38806, 24.442991],
          [54.388069, 24.443016],
          [54.38808, 24.44304],
          [54.388142, 24.443161],
          [54.391968, 24.446185],
          [54.39242, 24.446564],
          [54.392483, 24.446617],
          [54.392651, 24.446742],
          [54.392841, 24.446884],
          [54.393044, 24.44703],
          [54.393082, 24.447061],
          [54.393479, 24.447385],
          [54.394639, 24.448328],
          [54.39511, 24.448704],
          [54.395707, 24.449192],
          [54.395965, 24.449395],
          [54.396198, 24.44958],
          [54.396965, 24.450185],
          [54.397077, 24.450212],
          [54.397204, 24.450234],
          [54.397275, 24.450227],
          [54.397346, 24.450206],
          [54.397461, 24.450175],
          [54.397785, 24.449838],
          [54.39791, 24.449708],
          [54.398276, 24.449326],
          [54.398538, 24.449051],
          [54.398716, 24.448863],
          [54.399415, 24.448115],
          [54.400431, 24.447041],
          [54.40058, 24.446879],
          [54.400942, 24.446488],
          [54.401524, 24.445872],
          [54.401687, 24.44571],
          [54.401703, 24.445693],
          [54.40178, 24.445614],
          [54.401897, 24.445485],
          [54.401945, 24.445435],
          [54.40211, 24.445264],
          [54.402632, 24.444703],
          [54.402701, 24.444634],
          [54.403082, 24.444228],
          [54.403715, 24.443552],
          [54.404114, 24.443143],
          [54.404134, 24.443125],
          [54.404428, 24.442868],
          [54.404507, 24.442799],
          [54.404779, 24.442578],
          [54.405181, 24.442288],
          [54.405527, 24.442072],
          [54.405788, 24.441912],
          [54.406531, 24.441478],
          [54.406767, 24.44136],
          [54.406826, 24.44133],
          [54.406923, 24.441282],
          [54.407075, 24.441212],
          [54.40714, 24.441179],
          [54.407548, 24.441001],
          [54.408375, 24.44067],
          [54.410018, 24.440039],
          [54.410423, 24.43988],
          [54.411052, 24.439628],
          [54.412721, 24.438956],
          [54.413107, 24.438803],
          [54.414154, 24.438406],
          [54.415757, 24.43774],
          [54.415927, 24.437673],
          [54.416019, 24.437638],
          [54.416121, 24.437599],
          [54.416216, 24.437562],
          [54.416314, 24.437522],
          [54.416517, 24.437436],
          [54.417136, 24.437191],
          [54.417634, 24.436983],
          [54.418129, 24.436802],
          [54.419707, 24.436174],
          [54.419974, 24.436062],
          [54.420236, 24.435965],
          [54.421059, 24.435682],
          [54.4213, 24.435602],
          [54.421391, 24.435571],
          [54.421659, 24.43549],
          [54.421757, 24.435459],
          [54.422024, 24.43539],
          [54.422693, 24.435215],
          [54.423569, 24.435026],
          [54.42385, 24.434964],
          [54.424094, 24.434904],
          [54.424606, 24.43479],
          [54.426485, 24.434403],
          [54.426982, 24.434317],
          [54.429092, 24.434041],
          [54.429222, 24.43408],
          [54.429238, 24.434093],
          [54.429249, 24.434111],
          [54.429255, 24.43413],
          [54.429255, 24.43415],
          [54.429248, 24.434169],
          [54.429236, 24.434186],
          [54.429126, 24.434259],
          [54.428477, 24.434352],
          [54.428144, 24.434397],
          [54.427049, 24.434573],
          [54.426966, 24.43467],
          [54.426936, 24.434713],
          [54.426929, 24.434729],
          [54.426914, 24.43476],
          [54.426901, 24.43481],
          [54.426896, 24.43486],
          [54.42693, 24.435044],
          [54.427039, 24.4357],
          [54.427071, 24.435955],
          [54.427108, 24.436225],
          [54.427141, 24.436254],
          [54.427177, 24.436278],
          [54.427217, 24.436296],
          [54.42726, 24.436309],
          [54.427305, 24.436317],
          [54.427372, 24.436307],
          [54.428573, 24.43614],
          [54.429013, 24.436074]
        ],
        "type": "LineString"
      },
      "properties": {
        "id": "al-mushrif--muroor-al-saadah",
        "name": "Al Mushrif — Muroor / Al Sa'adah",
        "from": "al-mushrif",
        "to": "muroor-al-saadah",
        "corridorType": "urban-arterial",
        "bidirectional": true,
        "distanceKm": 6.12,
        "freeFlowMinutes": 6.5,
        "capacityVehPerHour": 3600,
        "sourceClass": "derived",
        "geometrySource": "osm-osrm",
        "sourceClassByField": {
          "geometry": "derived",
          "distanceKm": "derived",
          "freeFlowMinutes": "derived",
          "corridorType": "synthetic",
          "capacityVehPerHour": "synthetic"
        },
        "fallbackReason": null
      }
    },
    {
      "type": "Feature",
      "id": "muroor-al-saadah--al-rawdah",
      "geometry": {
        "coordinates": [
          [54.429013, 24.436074],
          [54.429795, 24.435956],
          [54.430064, 24.435919],
          [54.430113, 24.435896],
          [54.430156, 24.435865],
          [54.430191, 24.435827],
          [54.430217, 24.435782],
          [54.430231, 24.435734],
          [54.430033, 24.434491],
          [54.429984, 24.434253],
          [54.429959, 24.434144],
          [54.42991, 24.433885],
          [54.430042, 24.433864],
          [54.430177, 24.43384],
          [54.430463, 24.433791],
          [54.431042, 24.433724],
          [54.431187, 24.433705],
          [54.43154, 24.433651],
          [54.432569, 24.433504],
          [54.433127, 24.433427],
          [54.436204, 24.43301],
          [54.436579, 24.432959],
          [54.437335, 24.432858],
          [54.437725, 24.43279],
          [54.438216, 24.432715],
          [54.438359, 24.432692],
          [54.43852, 24.432654],
          [54.438656, 24.432613],
          [54.438928, 24.432529],
          [54.439285, 24.432396],
          [54.439579, 24.432255],
          [54.439995, 24.432029],
          [54.440352, 24.43182],
          [54.440795, 24.431494],
          [54.441262, 24.431055],
          [54.442022, 24.430135],
          [54.442711, 24.429245],
          [54.443346, 24.428495],
          [54.444058, 24.427638],
          [54.444342, 24.427301],
          [54.444393, 24.427232],
          [54.444432, 24.427156],
          [54.444457, 24.427076],
          [54.44447, 24.426993],
          [54.444469, 24.426966],
          [54.444468, 24.42691],
          [54.44444, 24.426839],
          [54.444359, 24.426755],
          [54.444264, 24.426615],
          [54.444199, 24.426463],
          [54.444166, 24.426303],
          [54.444167, 24.426141],
          [54.4442, 24.425982],
          [54.444264, 24.425832],
          [54.444358, 24.425695],
          [54.444432, 24.425616],
          [54.44453, 24.425536],
          [54.444638, 24.425469],
          [54.444757, 24.425415],
          [54.444882, 24.425377],
          [54.445012, 24.425355],
          [54.445144, 24.425349],
          [54.445277, 24.42536],
          [54.445417, 24.425391],
          [54.445551, 24.425441],
          [54.445675, 24.425508],
          [54.445952, 24.425623],
          [54.44601, 24.425638],
          [54.446217, 24.425685],
          [54.4465, 24.425706],
          [54.447551, 24.42564],
          [54.448045, 24.425609],
          [54.449477, 24.425478],
          [54.450751, 24.425172],
          [54.451629, 24.424913],
          [54.452446, 24.424635],
          [54.453039, 24.424403],
          [54.453377, 24.424268],
          [54.45425, 24.423839],
          [54.454789, 24.423534],
          [54.455419, 24.423174],
          [54.456356, 24.422557],
          [54.456625, 24.422372],
          [54.456914, 24.42217],
          [54.457603, 24.421687],
          [54.457668, 24.421514],
          [54.457682, 24.421469],
          [54.457692, 24.421413],
          [54.457694, 24.421358],
          [54.457689, 24.421296],
          [54.457659, 24.421165],
          [54.457421, 24.420882],
          [54.45697, 24.420345],
          [54.456901, 24.420263],
          [54.456856, 24.42021],
          [54.456801, 24.420152],
          [54.456735, 24.420101],
          [54.456666, 24.420057],
          [54.456593, 24.420018],
          [54.45647, 24.419967],
          [54.456419, 24.41997],
          [54.456368, 24.419966],
          [54.456318, 24.419956],
          [54.456252, 24.419934],
          [54.456191, 24.419901],
          [54.456138, 24.419859],
          [54.456093, 24.419809],
          [54.456059, 24.419753],
          [54.456036, 24.419692],
          [54.456025, 24.419628],
          [54.456025, 24.419595],
          [54.456014, 24.419562],
          [54.455998, 24.419531],
          [54.455978, 24.419503],
          [54.455954, 24.419477],
          [54.455926, 24.419454],
          [54.455831, 24.419408],
          [54.455804, 24.419397],
          [54.455778, 24.419385],
          [54.455753, 24.41937],
          [54.455651, 24.419293],
          [54.455206, 24.418644],
          [54.454584, 24.417694],
          [54.45449, 24.417741],
          [54.454349, 24.417802],
          [54.454203, 24.417853],
          [54.454054, 24.417894],
          [54.453901, 24.417924],
          [54.453747, 24.417944],
          [54.453591, 24.417952],
          [54.453424, 24.417948],
          [54.453251, 24.417932],
          [54.453079, 24.417901],
          [54.453035, 24.417889]
        ],
        "type": "LineString"
      },
      "properties": {
        "id": "muroor-al-saadah--al-rawdah",
        "name": "Muroor / Al Sa'adah — Al Rawdah",
        "from": "muroor-al-saadah",
        "to": "al-rawdah",
        "corridorType": "urban-arterial",
        "bidirectional": true,
        "distanceKm": 4.48,
        "freeFlowMinutes": 5.4,
        "capacityVehPerHour": 3600,
        "sourceClass": "derived",
        "geometrySource": "osm-osrm",
        "sourceClassByField": {
          "geometry": "derived",
          "distanceKm": "derived",
          "freeFlowMinutes": "derived",
          "corridorType": "synthetic",
          "capacityVehPerHour": "synthetic"
        },
        "fallbackReason": null
      }
    },
    {
      "type": "Feature",
      "id": "al-rawdah--rabdan-al-maqta",
      "geometry": {
        "coordinates": [
          [54.453035, 24.417889],
          [54.453079, 24.417901],
          [54.453251, 24.417932],
          [54.453424, 24.417948],
          [54.453591, 24.417952],
          [54.453747, 24.417944],
          [54.453901, 24.417924],
          [54.454054, 24.417894],
          [54.454203, 24.417853],
          [54.454349, 24.417802],
          [54.45449, 24.417741],
          [54.454584, 24.417694],
          [54.454849, 24.417529],
          [54.455693, 24.418327],
          [54.456313, 24.418907],
          [54.456345, 24.418937],
          [54.456384, 24.418971],
          [54.456445, 24.419025],
          [54.45662, 24.419125],
          [54.456663, 24.419141],
          [54.456708, 24.419154],
          [54.456756, 24.419161],
          [54.456805, 24.419163],
          [54.456853, 24.419158],
          [54.4569, 24.419148],
          [54.456932, 24.419128],
          [54.457971, 24.418403],
          [54.458321, 24.418159],
          [54.458497, 24.418038],
          [54.459475, 24.417343],
          [54.460635, 24.416521],
          [54.461255, 24.416096],
          [54.461532, 24.415906],
          [54.461876, 24.415705],
          [54.462593, 24.415286],
          [54.462759, 24.4152],
          [54.462914, 24.415125],
          [54.463799, 24.414696],
          [54.463948, 24.414626],
          [54.463985, 24.414607],
          [54.464016, 24.414584],
          [54.464042, 24.414557],
          [54.464085, 24.414505],
          [54.46409, 24.414472],
          [54.464099, 24.41444],
          [54.464112, 24.414409],
          [54.464139, 24.414366],
          [54.464173, 24.414329],
          [54.464214, 24.414298],
          [54.464261, 24.414273],
          [54.464311, 24.414257],
          [54.464364, 24.414249],
          [54.464418, 24.414249],
          [54.464471, 24.414258],
          [54.464521, 24.414275],
          [54.464583, 24.41431],
          [54.46464, 24.414315],
          [54.464682, 24.414313],
          [54.46472, 24.414308],
          [54.46476, 24.414299],
          [54.464927, 24.414242],
          [54.465441, 24.414065],
          [54.465614, 24.414008],
          [54.46579, 24.413954],
          [54.465975, 24.413899],
          [54.466318, 24.413804],
          [54.466566, 24.413742],
          [54.466822, 24.413682],
          [54.467061, 24.413628],
          [54.467619, 24.41351],
          [54.467755, 24.413481],
          [54.468135, 24.413422],
          [54.468465, 24.41337],
          [54.46877, 24.413334],
          [54.469076, 24.4133],
          [54.469448, 24.413269],
          [54.469811, 24.413241],
          [54.46995, 24.413234],
          [54.470112, 24.413231],
          [54.470251, 24.413226],
          [54.471124, 24.413211],
          [54.47116, 24.413212],
          [54.471927, 24.413217],
          [54.471959, 24.413218],
          [54.472087, 24.413195],
          [54.472122, 24.413188],
          [54.472162, 24.413178],
          [54.4722, 24.413164],
          [54.472237, 24.413147],
          [54.472264, 24.413131],
          [54.472305, 24.413097],
          [54.472336, 24.413064],
          [54.472363, 24.413029],
          [54.472393, 24.41299],
          [54.472485, 24.412857],
          [54.472539, 24.412674],
          [54.47257, 24.412534],
          [54.472592, 24.412392],
          [54.472607, 24.412195],
          [54.472608, 24.412089],
          [54.472603, 24.411977],
          [54.472594, 24.411877],
          [54.472565, 24.411689],
          [54.472531, 24.411547],
          [54.472416, 24.411204],
          [54.472366, 24.411058],
          [54.472287, 24.410815],
          [54.471571, 24.408587],
          [54.471551, 24.408531],
          [54.471524, 24.408478],
          [54.471483, 24.408417],
          [54.471433, 24.408362],
          [54.471375, 24.408314],
          [54.471256, 24.408286],
          [54.471143, 24.408238],
          [54.471062, 24.408168],
          [54.47099, 24.408052],
          [54.4709, 24.407851],
          [54.470789, 24.407551],
          [54.470701, 24.407247],
          [54.470671, 24.407057],
          [54.470676, 24.406962],
          [54.470704, 24.406871],
          [54.470753, 24.406787],
          [54.470796, 24.406739],
          [54.470845, 24.406697],
          [54.470952, 24.406639],
          [54.471073, 24.406608],
          [54.471198, 24.406608],
          [54.471319, 24.406638],
          [54.471402, 24.406679],
          [54.471565, 24.406697],
          [54.471653, 24.406701],
          [54.471761, 24.406697],
          [54.4724, 24.406664],
          [54.473521, 24.406585],
          [54.473851, 24.406556],
          [54.474199, 24.406496],
          [54.474522, 24.406445],
          [54.474854, 24.406399],
          [54.47698, 24.405784],
          [54.478467, 24.405379],
          [54.48351, 24.404046],
          [54.489212, 24.402458],
          [54.490785, 24.401999],
          [54.491947, 24.401661],
          [54.492834, 24.401429],
          [54.492901, 24.401386],
          [54.492976, 24.401335],
          [54.493057, 24.401293],
          [54.493144, 24.40126],
          [54.493636, 24.401103],
          [54.494066, 24.400957],
          [54.494193, 24.400909],
          [54.49433, 24.40085],
          [54.494398, 24.400815],
          [54.494471, 24.400762],
          [54.494543, 24.400688],
          [54.4946, 24.400603],
          [54.494627, 24.400534],
          [54.494638, 24.400467],
          [54.494643, 24.400401],
          [54.49464, 24.400335],
          [54.494576, 24.400117],
          [54.494483, 24.399842],
          [54.494462, 24.399778],
          [54.494431, 24.399717],
          [54.494391, 24.39966],
          [54.494343, 24.399609],
          [54.494225, 24.399526],
          [54.494164, 24.399504],
          [54.49413, 24.399482],
          [54.49408, 24.399432],
          [54.494049, 24.399371],
          [54.494038, 24.399305],
          [54.494054, 24.399228],
          [54.494097, 24.39916],
          [54.494139, 24.399124],
          [54.494189, 24.399098],
          [54.494244, 24.399083],
          [54.494302, 24.39908],
          [54.494358, 24.399089],
          [54.49441, 24.399109],
          [54.494456, 24.399139],
          [54.494531, 24.399146],
          [54.494607, 24.399146],
          [54.494661, 24.399141],
          [54.494714, 24.399132],
          [54.497537, 24.398337],
          [54.497766, 24.398272],
          [54.499169, 24.397885],
          [54.499347, 24.397836],
          [54.500061, 24.397644],
          [54.500096, 24.397601],
          [54.500117, 24.397552],
          [54.500125, 24.3975],
          [54.500118, 24.397448],
          [54.500098, 24.397389],
          [54.500086, 24.397352],
          [54.499972, 24.397008]
        ],
        "type": "LineString"
      },
      "properties": {
        "id": "al-rawdah--rabdan-al-maqta",
        "name": "Al Rawdah — Rabdan / Al Maqta",
        "from": "al-rawdah",
        "to": "rabdan-al-maqta",
        "corridorType": "urban-arterial",
        "bidirectional": true,
        "distanceKm": 6.42,
        "freeFlowMinutes": 7.9,
        "capacityVehPerHour": 3600,
        "sourceClass": "derived",
        "geometrySource": "osm-osrm",
        "sourceClassByField": {
          "geometry": "derived",
          "distanceKm": "derived",
          "freeFlowMinutes": "derived",
          "corridorType": "synthetic",
          "capacityVehPerHour": "synthetic"
        },
        "fallbackReason": null
      }
    },
    {
      "type": "Feature",
      "id": "al-rawdah--al-bateen",
      "geometry": {
        "coordinates": [
          [54.453035, 24.417889],
          [54.452912, 24.417857],
          [54.452749, 24.417799],
          [54.452593, 24.417728],
          [54.452443, 24.417647],
          [54.452317, 24.417569],
          [54.452199, 24.417481],
          [54.45209, 24.417384],
          [54.451999, 24.41729],
          [54.45191, 24.417191],
          [54.451837, 24.417096],
          [54.451772, 24.416998],
          [54.451716, 24.416895],
          [54.451485, 24.416975],
          [54.451296, 24.417042],
          [54.451098, 24.417112],
          [54.450977, 24.417158],
          [54.45092, 24.417174],
          [54.450872, 24.417184],
          [54.450797, 24.417197],
          [54.450724, 24.417215],
          [54.450653, 24.417238],
          [54.450584, 24.417266],
          [54.45051, 24.417087],
          [54.450461, 24.416968],
          [54.450384, 24.416734],
          [54.450362, 24.41663],
          [54.450344, 24.416526],
          [54.45033, 24.416421],
          [54.45032, 24.416316],
          [54.450313, 24.416211],
          [54.450311, 24.416105],
          [54.450313, 24.416],
          [54.450318, 24.415894],
          [54.450328, 24.415789],
          [54.450341, 24.415684],
          [54.450361, 24.41558],
          [54.450382, 24.415479],
          [54.450407, 24.415379],
          [54.450435, 24.41528],
          [54.450467, 24.415182],
          [54.450503, 24.415085],
          [54.450543, 24.414988],
          [54.450566, 24.41493],
          [54.450601, 24.414849],
          [54.450639, 24.414769],
          [54.45068, 24.414691],
          [54.450725, 24.414614],
          [54.450772, 24.414538],
          [54.450823, 24.414465],
          [54.450877, 24.414393],
          [54.450934, 24.414323],
          [54.450696, 24.414172],
          [54.450503, 24.414046],
          [54.45033, 24.413932],
          [54.450252, 24.413881],
          [54.450199, 24.41385],
          [54.450157, 24.413825],
          [54.45012, 24.4138],
          [54.450072, 24.413771],
          [54.450011, 24.413735],
          [54.449395, 24.413913],
          [54.448241, 24.414233],
          [54.447562, 24.41439],
          [54.443662, 24.415465],
          [54.442948, 24.415666],
          [54.441955, 24.415897],
          [54.440521, 24.416176],
          [54.440029, 24.416264],
          [54.439564, 24.416352],
          [54.43814, 24.416661],
          [54.434512, 24.417677],
          [54.433027, 24.418136],
          [54.432651, 24.418264],
          [54.432158, 24.418416],
          [54.43198, 24.418461],
          [54.431758, 24.418501],
          [54.431603, 24.418528],
          [54.431014, 24.418723],
          [54.430456, 24.418908],
          [54.429326, 24.419266],
          [54.42811, 24.419616],
          [54.426449, 24.420112],
          [54.423562, 24.42089],
          [54.422219, 24.421251],
          [54.42046, 24.42175],
          [54.418643, 24.422248],
          [54.416186, 24.422927],
          [54.414963, 24.423273],
          [54.413751, 24.42364],
          [54.41047, 24.424519],
          [54.409138, 24.424895],
          [54.402323, 24.426762],
          [54.401281, 24.427045],
          [54.399631, 24.427504],
          [54.396247, 24.428431],
          [54.394829, 24.428812],
          [54.392963, 24.429347],
          [54.391518, 24.429762],
          [54.39021, 24.43011],
          [54.387969, 24.430701],
          [54.38471, 24.431479],
          [54.382604, 24.432017],
          [54.381545, 24.432275],
          [54.38103, 24.432444],
          [54.380526, 24.432639],
          [54.380034, 24.432859],
          [54.379557, 24.433105],
          [54.379096, 24.433374],
          [54.378652, 24.433666],
          [54.378473, 24.433797],
          [54.37813, 24.434047],
          [54.377482, 24.434563],
          [54.377405, 24.434621],
          [54.377142, 24.434856],
          [54.376836, 24.435129],
          [54.376772, 24.435188],
          [54.37622, 24.435668],
          [54.375595, 24.436202],
          [54.373854, 24.437689],
          [54.37266, 24.438766],
          [54.372004, 24.439427],
          [54.371855, 24.439577],
          [54.371778, 24.439654],
          [54.371683, 24.439752],
          [54.371614, 24.43983],
          [54.37148, 24.439971],
          [54.37096, 24.440503],
          [54.370761, 24.440711],
          [54.370642, 24.440834],
          [54.370541, 24.44094],
          [54.370095, 24.441403],
          [54.369886, 24.441621],
          [54.369108, 24.44243],
          [54.368228, 24.443345],
          [54.368023, 24.443558],
          [54.367603, 24.443995],
          [54.36745, 24.444155],
          [54.366764, 24.444868],
          [54.366577, 24.445062],
          [54.366501, 24.445142],
          [54.366413, 24.445233],
          [54.366338, 24.445312],
          [54.366197, 24.445459],
          [54.365827, 24.445843],
          [54.365358, 24.44633],
          [54.364528, 24.447194],
          [54.363997, 24.447746],
          [54.363861, 24.447888],
          [54.362733, 24.449062],
          [54.362555, 24.449245],
          [54.362214, 24.449609],
          [54.361851, 24.449994],
          [54.361652, 24.450198],
          [54.361593, 24.45026],
          [54.361475, 24.450382],
          [54.361411, 24.45045],
          [54.361253, 24.450616],
          [54.360913, 24.450969],
          [54.360051, 24.451866],
          [54.359856, 24.452069],
          [54.359551, 24.452387],
          [54.358828, 24.453139],
          [54.358002, 24.453997],
          [54.357949, 24.454053],
          [54.357853, 24.454152],
          [54.357793, 24.454216],
          [54.357691, 24.454321],
          [54.356194, 24.455879],
          [54.356137, 24.455938],
          [54.356111, 24.455941],
          [54.356076, 24.455947],
          [54.356022, 24.45597],
          [54.355993, 24.455992],
          [54.355595, 24.456394],
          [54.355518, 24.456471],
          [54.355469, 24.456519],
          [54.355454, 24.456527],
          [54.355416, 24.456541],
          [54.355375, 24.456545],
          [54.355334, 24.456539],
          [54.355233, 24.456449],
          [54.355094, 24.456327],
          [54.354581, 24.455876],
          [54.354456, 24.455767],
          [54.353789, 24.455181],
          [54.353589, 24.455007],
          [54.35298, 24.454472],
          [54.352762, 24.454281],
          [54.352562, 24.454108],
          [54.352533, 24.454082],
          [54.352453, 24.454012],
          [54.352353, 24.453936],
          [54.352224, 24.453832],
          [54.352024, 24.453617],
          [54.351732, 24.453345],
          [54.350833, 24.4525],
          [54.350786, 24.452463],
          [54.350722, 24.452419],
          [54.350653, 24.45238],
          [54.35058, 24.452346],
          [54.350505, 24.452318],
          [54.350426, 24.452296],
          [54.350399, 24.452299],
          [54.350372, 24.452301],
          [54.350313, 24.452297],
          [54.350236, 24.452279],
          [54.350166, 24.452245],
          [54.350105, 24.452198],
          [54.350058, 24.45214],
          [54.350026, 24.452074],
          [54.350011, 24.452003],
          [54.350011, 24.451948],
          [54.349989, 24.451882],
          [54.34996, 24.451817],
          [54.349925, 24.451756],
          [54.349884, 24.451697],
          [54.349839, 24.451641],
          [54.349724, 24.451536],
          [54.349644, 24.451463],
          [54.349459, 24.451293],
          [54.34915, 24.45101],
          [54.348547, 24.450457],
          [54.348319, 24.450251],
          [54.348258, 24.450198],
          [54.348191, 24.450149],
          [54.348121, 24.450105],
          [54.348048, 24.450066],
          [54.347997, 24.450042],
          [54.347944, 24.450022],
          [54.347873, 24.450039],
          [54.347799, 24.450043],
          [54.347726, 24.450034],
          [54.347679, 24.450035],
          [54.347631, 24.450039],
          [54.347584, 24.450048],
          [54.347538, 24.45006],
          [54.347505, 24.450071],
          [54.347473, 24.450085],
          [54.34745, 24.450096],
          [54.347426, 24.450104],
          [54.347401, 24.450109],
          [54.347376, 24.45011],
          [54.34735, 24.450108],
          [54.347325, 24.450103],
          [54.347301, 24.450095],
          [54.346889, 24.450186],
          [54.346458, 24.450266],
          [54.34642, 24.450273],
          [54.346381, 24.450274],
          [54.346343, 24.450271],
          [54.346305, 24.450264],
          [54.346269, 24.450252],
          [54.346165, 24.450213],
          [54.34611, 24.450194],
          [54.346053, 24.450182],
          [54.345995, 24.450176],
          [54.345936, 24.450177],
          [54.345316, 24.450243],
          [54.34529, 24.450246],
          [54.345265, 24.450255],
          [54.345244, 24.45027],
          [54.345228, 24.450289],
          [54.345219, 24.450312]
        ],
        "type": "LineString"
      },
      "properties": {
        "id": "al-rawdah--al-bateen",
        "name": "Al Rawdah — Al Bateen",
        "from": "al-rawdah",
        "to": "al-bateen",
        "corridorType": "urban-arterial",
        "bidirectional": true,
        "distanceKm": 13.15,
        "freeFlowMinutes": 13.3,
        "capacityVehPerHour": 3600,
        "sourceClass": "derived",
        "geometrySource": "osm-osrm",
        "sourceClassByField": {
          "geometry": "derived",
          "distanceKm": "derived",
          "freeFlowMinutes": "derived",
          "corridorType": "synthetic",
          "capacityVehPerHour": "synthetic"
        },
        "fallbackReason": null
      }
    },
    {
      "type": "Feature",
      "id": "al-reem--al-maryah",
      "geometry": {
        "coordinates": [
          [54.41649, 24.504694],
          [54.41649, 24.504694],
          [54.416422, 24.504788],
          [54.416349, 24.504877],
          [54.416269, 24.504961],
          [54.416183, 24.50504],
          [54.416108, 24.5051],
          [54.416028, 24.505157],
          [54.415946, 24.505209],
          [54.415891, 24.505242],
          [54.41584, 24.505279],
          [54.415792, 24.505319],
          [54.415739, 24.50537],
          [54.415691, 24.505426],
          [54.415649, 24.505485],
          [54.415507, 24.505723],
          [54.415494, 24.505745],
          [54.415478, 24.505764],
          [54.415458, 24.505779],
          [54.415427, 24.505792],
          [54.415395, 24.505798],
          [54.415361, 24.505796],
          [54.415305, 24.505855],
          [54.415247, 24.505903],
          [54.415238, 24.505909],
          [54.415184, 24.505947],
          [54.415118, 24.505986],
          [54.415039, 24.506024],
          [54.414948, 24.506055],
          [54.414889, 24.506072],
          [54.414855, 24.506082],
          [54.414761, 24.506104],
          [54.414705, 24.506115],
          [54.414643, 24.506126],
          [54.414569, 24.506134],
          [54.414471, 24.506142],
          [54.414447, 24.506143],
          [54.414277, 24.506144],
          [54.414183, 24.506351],
          [54.414052, 24.506561],
          [54.413886, 24.50679],
          [54.413688, 24.506976],
          [54.413454, 24.507137],
          [54.413356, 24.507188],
          [54.41303, 24.507324],
          [54.412856, 24.507379],
          [54.412486, 24.507446],
          [54.411812, 24.507547],
          [54.411759, 24.507555],
          [54.411657, 24.50757],
          [54.411524, 24.507609],
          [54.411432, 24.507645],
          [54.411331, 24.507697],
          [54.4112, 24.507777],
          [54.410289, 24.508396],
          [54.409819, 24.508714],
          [54.409071, 24.509248],
          [54.408706, 24.509504],
          [54.408628, 24.509564],
          [54.408557, 24.509606],
          [54.408508, 24.509639],
          [54.408365, 24.509743],
          [54.407709, 24.5102],
          [54.407489, 24.510343],
          [54.407285, 24.510483],
          [54.406869, 24.510764],
          [54.406394, 24.511066],
          [54.406146, 24.511198],
          [54.40599, 24.511261],
          [54.405755, 24.511315],
          [54.405596, 24.511326],
          [54.405429, 24.511334],
          [54.405265, 24.511315],
          [54.405136, 24.511279],
          [54.405038, 24.511236],
          [54.404921, 24.511176],
          [54.404717, 24.511024],
          [54.404605, 24.510913],
          [54.404524, 24.510793],
          [54.404467, 24.510676],
          [54.404421, 24.51054],
          [54.404389, 24.510348],
          [54.404424, 24.510152],
          [54.404473, 24.509967],
          [54.404558, 24.509765],
          [54.404683, 24.509557],
          [54.404865, 24.509262],
          [54.405029, 24.508964],
          [54.405043, 24.508939],
          [54.405142, 24.50876],
          [54.405041, 24.508665],
          [54.404865, 24.508514],
          [54.404679, 24.508373],
          [54.404329, 24.508149],
          [54.404115, 24.508018],
          [54.40392, 24.507898],
          [54.403718, 24.507787],
          [54.403528, 24.507686],
          [54.40326, 24.507569],
          [54.402991, 24.507469],
          [54.402746, 24.507386],
          [54.402547, 24.507331],
          [54.40229, 24.507274],
          [54.402014, 24.507231],
          [54.401704, 24.507202],
          [54.40112, 24.50716],
          [54.40074, 24.507129],
          [54.400113, 24.507049],
          [54.399979, 24.507033],
          [54.399825, 24.507014],
          [54.399836, 24.506764],
          [54.399834, 24.506646],
          [54.399815, 24.506436],
          [54.399661, 24.505378],
          [54.399597, 24.504959],
          [54.399579, 24.504845],
          [54.399307, 24.502885],
          [54.399263, 24.502567],
          [54.399252, 24.502493],
          [54.399221, 24.502282],
          [54.3992, 24.502139],
          [54.399185, 24.502031],
          [54.399141, 24.501732],
          [54.39911, 24.501519],
          [54.399041, 24.50105],
          [54.398973, 24.500629],
          [54.39896, 24.500544],
          [54.398679, 24.498766],
          [54.398662, 24.498557],
          [54.398615, 24.498474],
          [54.398568, 24.498421],
          [54.398516, 24.498373],
          [54.398464, 24.498338],
          [54.398395, 24.498304],
          [54.398272, 24.498267],
          [54.397775, 24.498285],
          [54.397623, 24.498289],
          [54.397407, 24.498296],
          [54.397348, 24.498297],
          [54.397261, 24.4983],
          [54.397111, 24.498303],
          [54.396104, 24.498321],
          [54.395782, 24.498332],
          [54.395733, 24.498335],
          [54.395626, 24.49834],
          [54.395472, 24.498352],
          [54.395362, 24.498357],
          [54.395042, 24.498373],
          [54.394341, 24.498391],
          [54.394113, 24.498398],
          [54.394037, 24.498399],
          [54.393962, 24.498406],
          [54.393887, 24.498416],
          [54.393816, 24.498426],
          [54.393273, 24.498501],
          [54.392729, 24.498567],
          [54.391637, 24.498674],
          [54.391616, 24.498695],
          [54.391591, 24.498712],
          [54.391564, 24.498726],
          [54.391535, 24.498736],
          [54.391505, 24.498742],
          [54.391413, 24.498755],
          [54.391377, 24.498763],
          [54.391348, 24.498772],
          [54.391321, 24.498784],
          [54.391275, 24.49881],
          [54.39123, 24.498846],
          [54.391192, 24.498889],
          [54.391163, 24.498937],
          [54.39151, 24.50163],
          [54.391518, 24.501691],
          [54.391663, 24.502815],
          [54.391686, 24.502999],
          [54.391689, 24.503024],
          [54.391702, 24.503125],
          [54.391739, 24.503428],
          [54.391653, 24.503438],
          [54.390361, 24.503588],
          [54.390325, 24.503592],
          [54.390222, 24.503604],
          [54.390172, 24.50328],
          [54.390157, 24.503187],
          [54.390129, 24.503006],
          [54.390097, 24.502775],
          [54.390019, 24.502191],
          [54.389995, 24.502]
        ],
        "type": "LineString"
      },
      "properties": {
        "id": "al-reem--al-maryah",
        "name": "Al Reem Island — Al Maryah Island",
        "from": "al-reem",
        "to": "al-maryah",
        "corridorType": "bridge-arterial",
        "bidirectional": true,
        "distanceKm": 4.9,
        "freeFlowMinutes": 7.4,
        "capacityVehPerHour": 4800,
        "sourceClass": "derived",
        "geometrySource": "osm-osrm",
        "sourceClassByField": {
          "geometry": "derived",
          "distanceKm": "derived",
          "freeFlowMinutes": "derived",
          "corridorType": "synthetic",
          "capacityVehPerHour": "synthetic"
        },
        "fallbackReason": null
      }
    },
    {
      "type": "Feature",
      "id": "al-reem--al-saadiyat",
      "geometry": {
        "coordinates": [
          [54.41649, 24.504694],
          [54.41649, 24.504694],
          [54.416422, 24.504788],
          [54.416349, 24.504877],
          [54.416269, 24.504961],
          [54.416183, 24.50504],
          [54.416108, 24.5051],
          [54.416028, 24.505157],
          [54.415946, 24.505209],
          [54.415891, 24.505242],
          [54.41584, 24.505279],
          [54.415792, 24.505319],
          [54.415739, 24.50537],
          [54.415691, 24.505426],
          [54.415649, 24.505485],
          [54.415507, 24.505723],
          [54.415494, 24.505745],
          [54.415478, 24.505764],
          [54.415458, 24.505779],
          [54.415427, 24.505792],
          [54.415395, 24.505798],
          [54.415361, 24.505796],
          [54.415305, 24.505855],
          [54.415247, 24.505903],
          [54.415238, 24.505909],
          [54.415184, 24.505947],
          [54.415118, 24.505986],
          [54.415039, 24.506024],
          [54.414948, 24.506055],
          [54.414889, 24.506072],
          [54.414855, 24.506082],
          [54.414761, 24.506104],
          [54.414705, 24.506115],
          [54.414643, 24.506126],
          [54.414569, 24.506134],
          [54.414471, 24.506142],
          [54.414447, 24.506143],
          [54.414277, 24.506144],
          [54.414183, 24.506351],
          [54.414052, 24.506561],
          [54.413886, 24.50679],
          [54.413688, 24.506976],
          [54.413454, 24.507137],
          [54.413356, 24.507188],
          [54.41303, 24.507324],
          [54.412856, 24.507379],
          [54.412486, 24.507446],
          [54.411812, 24.507547],
          [54.411759, 24.507555],
          [54.411657, 24.50757],
          [54.411524, 24.507609],
          [54.411432, 24.507645],
          [54.411331, 24.507697],
          [54.4112, 24.507777],
          [54.410289, 24.508396],
          [54.409819, 24.508714],
          [54.409071, 24.509248],
          [54.408706, 24.509504],
          [54.408628, 24.509564],
          [54.408557, 24.509606],
          [54.408508, 24.509639],
          [54.408365, 24.509743],
          [54.407709, 24.5102],
          [54.407489, 24.510343],
          [54.407285, 24.510483],
          [54.406869, 24.510764],
          [54.406394, 24.511066],
          [54.406146, 24.511198],
          [54.40599, 24.511261],
          [54.405755, 24.511315],
          [54.405596, 24.511326],
          [54.405429, 24.511334],
          [54.405265, 24.511315],
          [54.405136, 24.511279],
          [54.405038, 24.511236],
          [54.404921, 24.511176],
          [54.404717, 24.511024],
          [54.404605, 24.510913],
          [54.404524, 24.510793],
          [54.404467, 24.510676],
          [54.404421, 24.51054],
          [54.404389, 24.510348],
          [54.404424, 24.510152],
          [54.404473, 24.509967],
          [54.404558, 24.509765],
          [54.404683, 24.509557],
          [54.404865, 24.509262],
          [54.405029, 24.508964],
          [54.405043, 24.508939],
          [54.405142, 24.50876],
          [54.405041, 24.508665],
          [54.404865, 24.508514],
          [54.404679, 24.508373],
          [54.404329, 24.508149],
          [54.404115, 24.508018],
          [54.40392, 24.507898],
          [54.403718, 24.507787],
          [54.403528, 24.507686],
          [54.40326, 24.507569],
          [54.402991, 24.507469],
          [54.402746, 24.507386],
          [54.402547, 24.507331],
          [54.40229, 24.507274],
          [54.402014, 24.507231],
          [54.401704, 24.507202],
          [54.40112, 24.50716],
          [54.40074, 24.507129],
          [54.400517, 24.507179],
          [54.400447, 24.507184],
          [54.400377, 24.507186],
          [54.400307, 24.507184],
          [54.400251, 24.507182],
          [54.400198, 24.507184],
          [54.400147, 24.507197],
          [54.400101, 24.507219],
          [54.400056, 24.507256],
          [54.400023, 24.507303],
          [54.400004, 24.507355],
          [54.399974, 24.507453],
          [54.399955, 24.507505],
          [54.399921, 24.507551],
          [54.399874, 24.507587],
          [54.39984, 24.507746],
          [54.399703, 24.50839],
          [54.399624, 24.508737],
          [54.399442, 24.509491],
          [54.399423, 24.509579],
          [54.399413, 24.50963],
          [54.399403, 24.509668],
          [54.399371, 24.509695],
          [54.399332, 24.509715],
          [54.39929, 24.509724],
          [54.399246, 24.509724],
          [54.399123, 24.5097],
          [54.397864, 24.509442],
          [54.397795, 24.50945],
          [54.397725, 24.509454],
          [54.397654, 24.509451],
          [54.397565, 24.509442],
          [54.397484, 24.509441],
          [54.397426, 24.509458],
          [54.39739, 24.509481],
          [54.397359, 24.509511],
          [54.397338, 24.509542],
          [54.397297, 24.509698],
          [54.397354, 24.509873],
          [54.397393, 24.510011],
          [54.397423, 24.510151],
          [54.397443, 24.510293],
          [54.397453, 24.510435],
          [54.397454, 24.510578],
          [54.397443, 24.510727],
          [54.397417, 24.510874],
          [54.397376, 24.511018],
          [54.39732, 24.511159],
          [54.397239, 24.511323],
          [54.397148, 24.511484],
          [54.397046, 24.511638],
          [54.396932, 24.511786],
          [54.395819, 24.513252],
          [54.395759, 24.513342],
          [54.39571, 24.513427],
          [54.395644, 24.513528],
          [54.395583, 24.513634],
          [54.395531, 24.51374],
          [54.395489, 24.513838],
          [54.395445, 24.513962],
          [54.395402, 24.514091],
          [54.395383, 24.514149],
          [54.395364, 24.514246],
          [54.395336, 24.514402],
          [54.395315, 24.514558],
          [54.395308, 24.514718],
          [54.395312, 24.514873],
          [54.395327, 24.515023],
          [54.395347, 24.515184],
          [54.395377, 24.515312],
          [54.395406, 24.515441],
          [54.395452, 24.515578],
          [54.395504, 24.515704],
          [54.39556, 24.515836],
          [54.395617, 24.515948],
          [54.395696, 24.516069],
          [54.395868, 24.51631],
          [54.395895, 24.516351],
          [54.396036, 24.516506],
          [54.396188, 24.516651],
          [54.396343, 24.51679],
          [54.396503, 24.516924],
          [54.396676, 24.517057],
          [54.397012, 24.517369],
          [54.397269, 24.517597],
          [54.39778, 24.518108],
          [54.397867, 24.518169],
          [54.397879, 24.518178],
          [54.397894, 24.518189],
          [54.397901, 24.518194],
          [54.398843, 24.518894],
          [54.405593, 24.523936],
          [54.406963, 24.524957],
          [54.409139, 24.52658],
          [54.41142, 24.528262],
          [54.411892, 24.528579],
          [54.412125, 24.528725],
          [54.412361, 24.528866],
          [54.4126, 24.529002],
          [54.412842, 24.529133],
          [54.413139, 24.529285],
          [54.41344, 24.529429],
          [54.413745, 24.529566],
          [54.414054, 24.529695],
          [54.414327, 24.529801],
          [54.414602, 24.529899],
          [54.41488, 24.529991],
          [54.415161, 24.530076],
          [54.415444, 24.530153],
          [54.41573, 24.530224],
          [54.416017, 24.530286],
          [54.416303, 24.530345],
          [54.41659, 24.530397],
          [54.416879, 24.530443],
          [54.417169, 24.530482],
          [54.417346, 24.530502],
          [54.417525, 24.530519],
          [54.417704, 24.530532],
          [54.417883, 24.53054],
          [54.418062, 24.530545],
          [54.418347, 24.530551],
          [54.418549, 24.530553],
          [54.418865, 24.530554],
          [54.419181, 24.530546],
          [54.419496, 24.53053],
          [54.419811, 24.530506],
          [54.420125, 24.530472],
          [54.421244, 24.530333],
          [54.422026, 24.530241],
          [54.424269, 24.529957],
          [54.425334, 24.529807],
          [54.425676, 24.529767],
          [54.42602, 24.529734],
          [54.426353, 24.529713],
          [54.426677, 24.529703],
          [54.42699, 24.529701],
          [54.427293, 24.529709],
          [54.427577, 24.529719],
          [54.427816, 24.529734],
          [54.428668, 24.529846],
          [54.428897, 24.529884],
          [54.429182, 24.529943],
          [54.429424, 24.529996],
          [54.429705, 24.530066],
          [54.429965, 24.530141],
          [54.430138, 24.530193],
          [54.430329, 24.530253],
          [54.430524, 24.53032],
          [54.430769, 24.530412],
          [54.431011, 24.530511],
          [54.431248, 24.530619],
          [54.431483, 24.530736],
          [54.431713, 24.530861],
          [54.431941, 24.530999],
          [54.432164, 24.531148],
          [54.432385, 24.531292],
          [54.432601, 24.531443],
          [54.432811, 24.531599],
          [54.433007, 24.531759],
          [54.433204, 24.53193],
          [54.433412, 24.532121],
          [54.433627, 24.532338],
          [54.433793, 24.532512],
          [54.433952, 24.53269],
          [54.434093, 24.532861],
          [54.434261, 24.533064],
          [54.434419, 24.533274],
          [54.434596, 24.533519],
          [54.434724, 24.533716],
          [54.434837, 24.533902],
          [54.435039, 24.53428],
          [54.435122, 24.534442],
          [54.435206, 24.534599],
          [54.435299, 24.534751],
          [54.435401, 24.534898],
          [54.436179, 24.536537],
          [54.436611, 24.537457],
          [54.43679, 24.537827],
          [54.4369, 24.53804],
          [54.437019, 24.538243],
          [54.437145, 24.538443],
          [54.437277, 24.53864],
          [54.437414, 24.538834],
          [54.437567, 24.539035],
          [54.437726, 24.539233],
          [54.437891, 24.539426],
          [54.438063, 24.539615],
          [54.43824, 24.539799],
          [54.438672, 24.540211],
          [54.438883, 24.540392],
          [54.439099, 24.540567],
          [54.439321, 24.540735],
          [54.439549, 24.540898],
          [54.439761, 24.54104],
          [54.439977, 24.541177],
          [54.440196, 24.541309],
          [54.440479, 24.541466],
          [54.440849, 24.541654],
          [54.441053, 24.541748],
          [54.441211, 24.541818],
          [54.441372, 24.541885],
          [54.441801, 24.542047],
          [54.442234, 24.542202],
          [54.442671, 24.542347],
          [54.443111, 24.542484],
          [54.444468, 24.542939],
          [54.444809, 24.543049],
          [54.445147, 24.543167],
          [54.445474, 24.54329],
          [54.445808, 24.543408],
          [54.446025, 24.543504],
          [54.44625, 24.543606],
          [54.446472, 24.543712],
          [54.446733, 24.543845],
          [54.446991, 24.543984],
          [54.447244, 24.544129],
          [54.447442, 24.544248],
          [54.447638, 24.544371],
          [54.447831, 24.544498],
          [54.448057, 24.544654],
          [54.448279, 24.544814],
          [54.448489, 24.544972],
          [54.450063, 24.54618],
          [54.450169, 24.546214],
          [54.450271, 24.546257],
          [54.450369, 24.546308],
          [54.450461, 24.546368],
          [54.450558, 24.546433],
          [54.451121, 24.546794],
          [54.451169, 24.546823],
          [54.45122, 24.546846],
          [54.451274, 24.546864],
          [54.45133, 24.546877],
          [54.451387, 24.546883],
          [54.451445, 24.546884],
          [54.451506, 24.546878],
          [54.451562, 24.546867],
          [54.451617, 24.54685],
          [54.451668, 24.546827],
          [54.451717, 24.546799],
          [54.451762, 24.546766],
          [54.451803, 24.546729],
          [54.451839, 24.546687],
          [54.451874, 24.546633],
          [54.451907, 24.54657],
          [54.451927, 24.546514],
          [54.451947, 24.546449],
          [54.451931, 24.546314],
          [54.451921, 24.546255],
          [54.451906, 24.546197],
          [54.451891, 24.546138],
          [54.451875, 24.546094],
          [54.451855, 24.546056],
          [54.451829, 24.546019],
          [54.451807, 24.545995],
          [54.451769, 24.545974],
          [54.451617, 24.545926],
          [54.45159, 24.545912],
          [54.451568, 24.545895],
          [54.451533, 24.545852],
          [54.451229, 24.545738],
          [54.451108, 24.54569],
          [54.450958, 24.545624],
          [54.450631, 24.545466],
          [54.45053, 24.545414],
          [54.450408, 24.545349],
          [54.450286, 24.545275],
          [54.450144, 24.545184],
          [54.450005, 24.545086],
          [54.449868, 24.544984],
          [54.449739, 24.544888],
          [54.449584, 24.54477],
          [54.44943, 24.544653],
          [54.449281, 24.544539],
          [54.449143, 24.54443],
          [54.448991, 24.544317],
          [54.44883, 24.544197],
          [54.448654, 24.544066],
          [54.448497, 24.543945],
          [54.448316, 24.54382],
          [54.448144, 24.543707],
          [54.448017, 24.543625],
          [54.447961, 24.543589],
          [54.447752, 24.543459],
          [54.44755, 24.54334],
          [54.447358, 24.54323],
          [54.447153, 24.543122],
          [54.446952, 24.543019],
          [54.446764, 24.542927],
          [54.446561, 24.54283],
          [54.446371, 24.542741],
          [54.446209, 24.542669],
          [54.446057, 24.542599],
          [54.445898, 24.542533],
          [54.445734, 24.542472],
          [54.445558, 24.542412],
          [54.44446, 24.542096],
          [54.444315, 24.542044],
          [54.444172, 24.541989],
          [54.444031, 24.541932],
          [54.443892, 24.541872],
          [54.443754, 24.541808],
          [54.443548, 24.541709],
          [54.443345, 24.541602],
          [54.443147, 24.54149],
          [54.443038, 24.541435],
          [54.442972, 24.541392],
          [54.442851, 24.54132],
          [54.442789, 24.541283],
          [54.442728, 24.541247],
          [54.442643, 24.541195],
          [54.442498, 24.541104],
          [54.442261, 24.540955],
          [54.442021, 24.540793],
          [54.44176, 24.540597],
          [54.441316, 24.540189],
          [54.440918, 24.539866],
          [54.440277, 24.539364],
          [54.440062, 24.539183],
          [54.439976, 24.539271],
          [54.439891, 24.539357],
          [54.44006, 24.539492],
          [54.440072, 24.539508],
          [54.440078, 24.539526],
          [54.440077, 24.539546],
          [54.440069, 24.539564],
          [54.440038, 24.539613],
          [54.440123, 24.539694],
          [54.440142, 24.539723],
          [54.440147, 24.539751],
          [54.44014, 24.539776],
          [54.440118, 24.539802],
          [54.439955, 24.539962]
        ],
        "type": "LineString"
      },
      "properties": {
        "id": "al-reem--al-saadiyat",
        "name": "Al Reem Island — Al Saadiyat Island",
        "from": "al-reem",
        "to": "al-saadiyat",
        "corridorType": "bridge-arterial",
        "bidirectional": true,
        "distanceKm": 12.28,
        "freeFlowMinutes": 14.1,
        "capacityVehPerHour": 4800,
        "sourceClass": "derived",
        "geometrySource": "osm-osrm",
        "sourceClassByField": {
          "geometry": "derived",
          "distanceKm": "derived",
          "freeFlowMinutes": "derived",
          "corridorType": "synthetic",
          "capacityVehPerHour": "synthetic"
        },
        "fallbackReason": null
      }
    },
    {
      "type": "Feature",
      "id": "al-maryah--al-saadiyat",
      "geometry": {
        "coordinates": [
          [54.389995, 24.502],
          [54.389932, 24.50149],
          [54.389911, 24.501322],
          [54.389856, 24.500898],
          [54.389753, 24.500093],
          [54.389737, 24.499967],
          [54.389725, 24.499872],
          [54.389703, 24.499707],
          [54.389659, 24.499358],
          [54.389628, 24.499121],
          [54.389613, 24.499007],
          [54.389609, 24.498971],
          [54.389595, 24.498862],
          [54.38958, 24.4987],
          [54.38977, 24.498683],
          [54.39092, 24.498578],
          [54.391021, 24.498567],
          [54.391104, 24.498557],
          [54.391127, 24.498713],
          [54.391141, 24.498801],
          [54.391163, 24.498937],
          [54.39151, 24.50163],
          [54.391518, 24.501691],
          [54.391663, 24.502815],
          [54.391686, 24.502999],
          [54.391689, 24.503024],
          [54.391702, 24.503125],
          [54.391739, 24.503428],
          [54.391653, 24.503438],
          [54.390361, 24.503588],
          [54.390325, 24.503592],
          [54.390222, 24.503604],
          [54.390107, 24.503615],
          [54.38976, 24.503648],
          [54.389573, 24.503664],
          [54.389445, 24.503673],
          [54.389397, 24.503677],
          [54.389221, 24.503683],
          [54.389044, 24.503684],
          [54.388861, 24.503693],
          [54.3886, 24.503709],
          [54.388506, 24.503717],
          [54.388398, 24.503726],
          [54.388336, 24.503733],
          [54.388121, 24.503759],
          [54.387376, 24.503845],
          [54.387184, 24.50386],
          [54.386996, 24.503867],
          [54.386819, 24.503867],
          [54.386643, 24.503859],
          [54.386467, 24.503844],
          [54.386234, 24.503816],
          [54.386002, 24.503782],
          [54.38578, 24.503743],
          [54.38556, 24.503697],
          [54.38534, 24.503646],
          [54.385123, 24.503588],
          [54.384082, 24.503322],
          [54.382522, 24.502896],
          [54.382173, 24.502808],
          [54.381741, 24.502685],
          [54.381707, 24.502687],
          [54.381623, 24.502687],
          [54.381495, 24.502696],
          [54.381416, 24.502715],
          [54.381371, 24.502743],
          [54.381352, 24.502777],
          [54.381325, 24.502841],
          [54.381455, 24.503127],
          [54.381529, 24.503381],
          [54.381555, 24.503515],
          [54.381573, 24.503651],
          [54.381593, 24.503998],
          [54.381616, 24.505168],
          [54.381623, 24.505583],
          [54.381633, 24.505868],
          [54.381648, 24.506613],
          [54.381655, 24.506881],
          [54.381666, 24.50713],
          [54.381683, 24.507268],
          [54.381706, 24.507383],
          [54.38176, 24.507571],
          [54.381805, 24.507696],
          [54.38183, 24.507766],
          [54.38188, 24.507872],
          [54.381928, 24.507975],
          [54.382007, 24.508117],
          [54.382104, 24.508267],
          [54.382195, 24.508389],
          [54.382282, 24.508502],
          [54.382307, 24.508528],
          [54.382387, 24.508614],
          [54.382516, 24.508726],
          [54.382734, 24.508896],
          [54.383017, 24.509116],
          [54.38307, 24.509156],
          [54.383182, 24.50924],
          [54.383271, 24.509307],
          [54.38406, 24.509893],
          [54.384563, 24.510252],
          [54.384731, 24.510387],
          [54.385401, 24.510923],
          [54.38552, 24.51102],
          [54.385746, 24.511202],
          [54.385787, 24.511235],
          [54.386274, 24.511629],
          [54.386539, 24.511834],
          [54.386646, 24.51193],
          [54.386749, 24.51203],
          [54.386889, 24.512174],
          [54.387068, 24.512362],
          [54.387184, 24.512493],
          [54.38731, 24.512645],
          [54.387478, 24.512872],
          [54.387635, 24.51308],
          [54.387804, 24.513302],
          [54.387917, 24.513443],
          [54.388024, 24.513573],
          [54.388137, 24.513698],
          [54.388257, 24.513817],
          [54.388384, 24.513928],
          [54.388538, 24.514051],
          [54.388703, 24.51416],
          [54.388876, 24.514259],
          [54.389063, 24.514357],
          [54.389299, 24.514459],
          [54.389505, 24.514535],
          [54.389775, 24.51461],
          [54.390018, 24.514664],
          [54.390146, 24.514698],
          [54.390271, 24.51474],
          [54.390393, 24.514789],
          [54.392157, 24.515031],
          [54.392619, 24.51509],
          [54.39316, 24.515197],
          [54.393581, 24.515321],
          [54.393892, 24.515438],
          [54.394287, 24.515602],
          [54.394547, 24.515741],
          [54.394737, 24.515858],
          [54.394831, 24.515912],
          [54.395224, 24.516174],
          [54.395623, 24.516485],
          [54.396046, 24.516808],
          [54.396526, 24.517172],
          [54.39778, 24.518108],
          [54.397867, 24.518169],
          [54.397879, 24.518178],
          [54.397894, 24.518189],
          [54.397901, 24.518194],
          [54.398843, 24.518894],
          [54.405593, 24.523936],
          [54.406963, 24.524957],
          [54.409139, 24.52658],
          [54.41142, 24.528262],
          [54.411892, 24.528579],
          [54.412125, 24.528725],
          [54.412361, 24.528866],
          [54.4126, 24.529002],
          [54.412842, 24.529133],
          [54.413139, 24.529285],
          [54.41344, 24.529429],
          [54.413745, 24.529566],
          [54.414054, 24.529695],
          [54.414327, 24.529801],
          [54.414602, 24.529899],
          [54.41488, 24.529991],
          [54.415161, 24.530076],
          [54.415444, 24.530153],
          [54.41573, 24.530224],
          [54.416017, 24.530286],
          [54.416303, 24.530345],
          [54.41659, 24.530397],
          [54.416879, 24.530443],
          [54.417169, 24.530482],
          [54.417346, 24.530502],
          [54.417525, 24.530519],
          [54.417704, 24.530532],
          [54.417883, 24.53054],
          [54.418062, 24.530545],
          [54.418347, 24.530551],
          [54.418549, 24.530553],
          [54.418865, 24.530554],
          [54.419181, 24.530546],
          [54.419496, 24.53053],
          [54.419811, 24.530506],
          [54.420125, 24.530472],
          [54.421244, 24.530333],
          [54.422026, 24.530241],
          [54.424269, 24.529957],
          [54.425334, 24.529807],
          [54.425676, 24.529767],
          [54.42602, 24.529734],
          [54.426353, 24.529713],
          [54.426677, 24.529703],
          [54.42699, 24.529701],
          [54.427293, 24.529709],
          [54.427577, 24.529719],
          [54.427816, 24.529734],
          [54.428668, 24.529846],
          [54.428897, 24.529884],
          [54.429182, 24.529943],
          [54.429424, 24.529996],
          [54.429705, 24.530066],
          [54.429965, 24.530141],
          [54.430138, 24.530193],
          [54.430329, 24.530253],
          [54.430524, 24.53032],
          [54.430769, 24.530412],
          [54.431011, 24.530511],
          [54.431248, 24.530619],
          [54.431483, 24.530736],
          [54.431713, 24.530861],
          [54.431941, 24.530999],
          [54.432164, 24.531148],
          [54.432385, 24.531292],
          [54.432601, 24.531443],
          [54.432811, 24.531599],
          [54.433007, 24.531759],
          [54.433204, 24.53193],
          [54.433412, 24.532121],
          [54.433627, 24.532338],
          [54.433793, 24.532512],
          [54.433952, 24.53269],
          [54.434093, 24.532861],
          [54.434261, 24.533064],
          [54.434419, 24.533274],
          [54.434596, 24.533519],
          [54.434724, 24.533716],
          [54.434837, 24.533902],
          [54.435039, 24.53428],
          [54.435122, 24.534442],
          [54.435206, 24.534599],
          [54.435299, 24.534751],
          [54.435401, 24.534898],
          [54.436179, 24.536537],
          [54.436611, 24.537457],
          [54.43679, 24.537827],
          [54.4369, 24.53804],
          [54.437019, 24.538243],
          [54.437145, 24.538443],
          [54.437277, 24.53864],
          [54.437414, 24.538834],
          [54.437567, 24.539035],
          [54.437726, 24.539233],
          [54.437891, 24.539426],
          [54.438063, 24.539615],
          [54.43824, 24.539799],
          [54.438672, 24.540211],
          [54.438883, 24.540392],
          [54.439099, 24.540567],
          [54.439321, 24.540735],
          [54.439549, 24.540898],
          [54.439761, 24.54104],
          [54.439977, 24.541177],
          [54.440196, 24.541309],
          [54.440479, 24.541466],
          [54.440849, 24.541654],
          [54.441053, 24.541748],
          [54.441211, 24.541818],
          [54.441372, 24.541885],
          [54.441801, 24.542047],
          [54.442234, 24.542202],
          [54.442671, 24.542347],
          [54.443111, 24.542484],
          [54.444468, 24.542939],
          [54.444809, 24.543049],
          [54.445147, 24.543167],
          [54.445474, 24.54329],
          [54.445808, 24.543408],
          [54.446025, 24.543504],
          [54.44625, 24.543606],
          [54.446472, 24.543712],
          [54.446733, 24.543845],
          [54.446991, 24.543984],
          [54.447244, 24.544129],
          [54.447442, 24.544248],
          [54.447638, 24.544371],
          [54.447831, 24.544498],
          [54.448057, 24.544654],
          [54.448279, 24.544814],
          [54.448489, 24.544972],
          [54.450063, 24.54618],
          [54.450169, 24.546214],
          [54.450271, 24.546257],
          [54.450369, 24.546308],
          [54.450461, 24.546368],
          [54.450558, 24.546433],
          [54.451121, 24.546794],
          [54.451169, 24.546823],
          [54.45122, 24.546846],
          [54.451274, 24.546864],
          [54.45133, 24.546877],
          [54.451387, 24.546883],
          [54.451445, 24.546884],
          [54.451506, 24.546878],
          [54.451562, 24.546867],
          [54.451617, 24.54685],
          [54.451668, 24.546827],
          [54.451717, 24.546799],
          [54.451762, 24.546766],
          [54.451803, 24.546729],
          [54.451839, 24.546687],
          [54.451874, 24.546633],
          [54.451907, 24.54657],
          [54.451927, 24.546514],
          [54.451947, 24.546449],
          [54.451931, 24.546314],
          [54.451921, 24.546255],
          [54.451906, 24.546197],
          [54.451891, 24.546138],
          [54.451875, 24.546094],
          [54.451855, 24.546056],
          [54.451829, 24.546019],
          [54.451807, 24.545995],
          [54.451769, 24.545974],
          [54.451617, 24.545926],
          [54.45159, 24.545912],
          [54.451568, 24.545895],
          [54.451533, 24.545852],
          [54.451229, 24.545738],
          [54.451108, 24.54569],
          [54.450958, 24.545624],
          [54.450631, 24.545466],
          [54.45053, 24.545414],
          [54.450408, 24.545349],
          [54.450286, 24.545275],
          [54.450144, 24.545184],
          [54.450005, 24.545086],
          [54.449868, 24.544984],
          [54.449739, 24.544888],
          [54.449584, 24.54477],
          [54.44943, 24.544653],
          [54.449281, 24.544539],
          [54.449143, 24.54443],
          [54.448991, 24.544317],
          [54.44883, 24.544197],
          [54.448654, 24.544066],
          [54.448497, 24.543945],
          [54.448316, 24.54382],
          [54.448144, 24.543707],
          [54.448017, 24.543625],
          [54.447961, 24.543589],
          [54.447752, 24.543459],
          [54.44755, 24.54334],
          [54.447358, 24.54323],
          [54.447153, 24.543122],
          [54.446952, 24.543019],
          [54.446764, 24.542927],
          [54.446561, 24.54283],
          [54.446371, 24.542741],
          [54.446209, 24.542669],
          [54.446057, 24.542599],
          [54.445898, 24.542533],
          [54.445734, 24.542472],
          [54.445558, 24.542412],
          [54.44446, 24.542096],
          [54.444315, 24.542044],
          [54.444172, 24.541989],
          [54.444031, 24.541932],
          [54.443892, 24.541872],
          [54.443754, 24.541808],
          [54.443548, 24.541709],
          [54.443345, 24.541602],
          [54.443147, 24.54149],
          [54.443038, 24.541435],
          [54.442972, 24.541392],
          [54.442851, 24.54132],
          [54.442789, 24.541283],
          [54.442728, 24.541247],
          [54.442643, 24.541195],
          [54.442498, 24.541104],
          [54.442261, 24.540955],
          [54.442021, 24.540793],
          [54.44176, 24.540597],
          [54.441316, 24.540189],
          [54.440918, 24.539866],
          [54.440277, 24.539364],
          [54.440062, 24.539183],
          [54.439976, 24.539271],
          [54.439891, 24.539357],
          [54.44006, 24.539492],
          [54.440072, 24.539508],
          [54.440078, 24.539526],
          [54.440077, 24.539546],
          [54.440069, 24.539564],
          [54.440038, 24.539613],
          [54.440123, 24.539694],
          [54.440142, 24.539723],
          [54.440147, 24.539751],
          [54.44014, 24.539776],
          [54.440118, 24.539802],
          [54.439955, 24.539962]
        ],
        "type": "LineString"
      },
      "properties": {
        "id": "al-maryah--al-saadiyat",
        "name": "Al Maryah Island — Al Saadiyat Island",
        "from": "al-maryah",
        "to": "al-saadiyat",
        "corridorType": "bridge-arterial",
        "bidirectional": true,
        "distanceKm": 13.12,
        "freeFlowMinutes": 13,
        "capacityVehPerHour": 4800,
        "sourceClass": "derived",
        "geometrySource": "osm-osrm",
        "sourceClassByField": {
          "geometry": "derived",
          "distanceKm": "derived",
          "freeFlowMinutes": "derived",
          "corridorType": "synthetic",
          "capacityVehPerHour": "synthetic"
        },
        "fallbackReason": null
      }
    },
    {
      "type": "Feature",
      "id": "al-saadiyat--yas-island",
      "geometry": {
        "coordinates": [
          [54.439955, 24.539962],
          [54.439905, 24.54001],
          [54.439883, 24.540023],
          [54.439859, 24.540032],
          [54.439833, 24.540035],
          [54.439807, 24.540032],
          [54.439708, 24.540013],
          [54.439681, 24.540007],
          [54.439656, 24.539997],
          [54.439632, 24.539985],
          [54.439554, 24.539932],
          [54.43953, 24.539902],
          [54.439519, 24.539867],
          [54.43952, 24.53983],
          [54.439534, 24.53975],
          [54.439546, 24.539718],
          [54.439563, 24.539688],
          [54.439584, 24.53966],
          [54.439813, 24.539432],
          [54.439891, 24.539357],
          [54.439976, 24.539271],
          [54.440062, 24.539183],
          [54.439933, 24.539075],
          [54.439627, 24.538781],
          [54.439366, 24.538498],
          [54.439132, 24.538197],
          [54.43883, 24.537752],
          [54.438695, 24.537494],
          [54.438603, 24.537286],
          [54.438538, 24.53715],
          [54.438489, 24.537025],
          [54.438381, 24.536779],
          [54.438293, 24.53652],
          [54.438234, 24.536257],
          [54.4382, 24.536016],
          [54.438185, 24.535843],
          [54.43819, 24.53566],
          [54.438197, 24.535463],
          [54.438224, 24.535272],
          [54.438253, 24.535146],
          [54.438288, 24.535007],
          [54.43834, 24.534847],
          [54.438409, 24.534673],
          [54.438672, 24.534121],
          [54.438718, 24.53402],
          [54.438796, 24.533848],
          [54.438832, 24.533769],
          [54.439062, 24.533335],
          [54.439107, 24.533242],
          [54.439153, 24.533125],
          [54.439176, 24.533034],
          [54.439196, 24.532928],
          [54.439208, 24.532847],
          [54.439215, 24.532746],
          [54.439218, 24.532534],
          [54.439205, 24.532449],
          [54.439183, 24.532347],
          [54.439158, 24.532256],
          [54.43915, 24.532225],
          [54.439135, 24.532181],
          [54.439104, 24.532095],
          [54.439053, 24.531991],
          [54.438994, 24.531917],
          [54.438936, 24.531836],
          [54.438869, 24.531758],
          [54.438795, 24.531679],
          [54.438725, 24.531612],
          [54.438623, 24.531534],
          [54.438479, 24.531435],
          [54.438329, 24.53136],
          [54.438169, 24.531295],
          [54.438032, 24.531254],
          [54.437958, 24.531236],
          [54.437926, 24.531229],
          [54.437522, 24.531162],
          [54.437465, 24.531166],
          [54.437407, 24.531165],
          [54.43735, 24.531161],
          [54.437293, 24.531153],
          [54.437198, 24.531139],
          [54.437173, 24.531135],
          [54.437147, 24.531135],
          [54.437121, 24.531137],
          [54.437095, 24.531141],
          [54.437071, 24.531148],
          [54.437047, 24.531158],
          [54.436946, 24.531204],
          [54.43688, 24.531234],
          [54.436853, 24.531247],
          [54.436831, 24.531265],
          [54.436813, 24.531288],
          [54.436801, 24.531313],
          [54.436765, 24.531405],
          [54.436752, 24.531432],
          [54.436735, 24.531456],
          [54.436713, 24.531477],
          [54.436686, 24.531494],
          [54.43662, 24.531513],
          [54.436499, 24.531695],
          [54.436403, 24.531823],
          [54.436281, 24.531938],
          [54.436121, 24.532076],
          [54.43599, 24.532166],
          [54.435793, 24.53228],
          [54.435511, 24.532428],
          [54.435325, 24.532575],
          [54.43527, 24.532622],
          [54.435222, 24.532673],
          [54.435179, 24.532728],
          [54.435142, 24.532787],
          [54.435113, 24.53285],
          [54.43509, 24.532914],
          [54.435074, 24.532985],
          [54.435066, 24.533057],
          [54.435068, 24.53313],
          [54.435077, 24.533201],
          [54.435095, 24.533272],
          [54.435117, 24.533328],
          [54.435197, 24.53352],
          [54.435235, 24.533613],
          [54.435268, 24.533707],
          [54.4353, 24.533814],
          [54.435337, 24.533931],
          [54.435542, 24.534477],
          [54.43607, 24.535833],
          [54.436329, 24.536481],
          [54.436741, 24.537525],
          [54.436758, 24.537581],
          [54.436771, 24.537638],
          [54.436781, 24.537696],
          [54.436788, 24.537761],
          [54.43679, 24.537827],
          [54.4369, 24.53804],
          [54.437019, 24.538243],
          [54.437145, 24.538443],
          [54.437277, 24.53864],
          [54.437414, 24.538834],
          [54.437567, 24.539035],
          [54.437726, 24.539233],
          [54.437891, 24.539426],
          [54.438063, 24.539615],
          [54.43824, 24.539799],
          [54.438672, 24.540211],
          [54.438883, 24.540392],
          [54.439099, 24.540567],
          [54.439321, 24.540735],
          [54.439549, 24.540898],
          [54.439761, 24.54104],
          [54.439977, 24.541177],
          [54.440196, 24.541309],
          [54.440479, 24.541466],
          [54.440849, 24.541654],
          [54.441053, 24.541748],
          [54.441211, 24.541818],
          [54.441372, 24.541885],
          [54.441801, 24.542047],
          [54.442234, 24.542202],
          [54.442671, 24.542347],
          [54.443111, 24.542484],
          [54.444468, 24.542939],
          [54.444809, 24.543049],
          [54.445147, 24.543167],
          [54.445474, 24.54329],
          [54.445808, 24.543408],
          [54.446025, 24.543504],
          [54.44625, 24.543606],
          [54.446472, 24.543712],
          [54.446733, 24.543845],
          [54.446991, 24.543984],
          [54.447244, 24.544129],
          [54.447442, 24.544248],
          [54.447638, 24.544371],
          [54.447831, 24.544498],
          [54.448057, 24.544654],
          [54.448279, 24.544814],
          [54.448489, 24.544972],
          [54.450063, 24.54618],
          [54.450365, 24.546419],
          [54.45048, 24.546506],
          [54.450965, 24.546872],
          [54.451361, 24.54716],
          [54.451693, 24.547366],
          [54.45199, 24.54754],
          [54.452257, 24.547693],
          [54.452486, 24.54781],
          [54.453013, 24.548067],
          [54.45365, 24.548329],
          [54.453927, 24.548433],
          [54.454207, 24.54852],
          [54.454476, 24.548597],
          [54.454747, 24.548668],
          [54.455027, 24.548736],
          [54.455317, 24.548799],
          [54.45561, 24.548856],
          [54.455903, 24.548905],
          [54.456198, 24.548948],
          [54.456495, 24.548985],
          [54.456792, 24.549014],
          [54.45709, 24.549036],
          [54.457388, 24.549052],
          [54.457686, 24.54906],
          [54.457985, 24.549062],
          [54.458284, 24.549057],
          [54.458583, 24.549045],
          [54.459134, 24.549005],
          [54.459626, 24.548937],
          [54.460301, 24.548793],
          [54.462094, 24.548446],
          [54.465468, 24.547815],
          [54.468819, 24.547191],
          [54.470043, 24.546969],
          [54.470561, 24.546864],
          [54.471895, 24.546621],
          [54.47243, 24.546539],
          [54.472862, 24.546462],
          [54.473398, 24.54636],
          [54.473887, 24.546264],
          [54.474493, 24.54613],
          [54.47503, 24.545984],
          [54.475581, 24.545811],
          [54.476165, 24.545601],
          [54.476759, 24.545365],
          [54.477214, 24.545178],
          [54.477658, 24.544974],
          [54.478234, 24.544684],
          [54.478594, 24.544484],
          [54.478852, 24.544335],
          [54.479106, 24.544181],
          [54.479392, 24.544],
          [54.479672, 24.543812],
          [54.479913, 24.543646],
          [54.480151, 24.543476],
          [54.480386, 24.543302],
          [54.480625, 24.543118],
          [54.480861, 24.542928],
          [54.481406, 24.542456],
          [54.481789, 24.542096],
          [54.482053, 24.541825],
          [54.482309, 24.541542],
          [54.482651, 24.541137],
          [54.483039, 24.540643],
          [54.483203, 24.540417],
          [54.483362, 24.540188],
          [54.483505, 24.539968],
          [54.483642, 24.539745],
          [54.483795, 24.539486],
          [54.483965, 24.539184],
          [54.484187, 24.538767],
          [54.485238, 24.536798],
          [54.485313, 24.536652],
          [54.485943, 24.535502],
          [54.486085, 24.535236],
          [54.486236, 24.534972],
          [54.486404, 24.534696],
          [54.486581, 24.534423],
          [54.486767, 24.534155],
          [54.486898, 24.533964],
          [54.487034, 24.533777],
          [54.487174, 24.533591],
          [54.487368, 24.53335],
          [54.487569, 24.533114],
          [54.487778, 24.532884],
          [54.487985, 24.532654],
          [54.488197, 24.532428],
          [54.488414, 24.532205],
          [54.488634, 24.531988],
          [54.488858, 24.531775],
          [54.489087, 24.531566],
          [54.489281, 24.531397],
          [54.489479, 24.531232],
          [54.489727, 24.531035],
          [54.489982, 24.530845],
          [54.490243, 24.530661],
          [54.490557, 24.530451],
          [54.490876, 24.530248],
          [54.4912, 24.530051],
          [54.491566, 24.529839],
          [54.491937, 24.529636],
          [54.492314, 24.529441],
          [54.492654, 24.529278],
          [54.492998, 24.529124],
          [54.493346, 24.528977],
          [54.49366, 24.528853],
          [54.493976, 24.528736],
          [54.49428, 24.528632],
          [54.495126, 24.528369],
          [54.497054, 24.527766],
          [54.501067, 24.526507],
          [54.502966, 24.525935],
          [54.503992, 24.525623],
          [54.507988, 24.524432],
          [54.50817, 24.524374],
          [54.508195, 24.524366],
          [54.509074, 24.524097],
          [54.509668, 24.523913],
          [54.511867, 24.523212],
          [54.514567, 24.522399],
          [54.515469, 24.522126],
          [54.519526, 24.520865],
          [54.521605, 24.520225],
          [54.526452, 24.518722],
          [54.528756, 24.518053],
          [54.531794, 24.51714],
          [54.534954, 24.516202],
          [54.537722, 24.51535],
          [54.539656, 24.514668],
          [54.540715, 24.514295],
          [54.541395, 24.514044],
          [54.542416, 24.513645],
          [54.543478, 24.513211],
          [54.545584, 24.512405],
          [54.546162, 24.512171],
          [54.547889, 24.511452],
          [54.553149, 24.509337],
          [54.553265, 24.509291],
          [54.55329, 24.509281],
          [54.55388, 24.509058],
          [54.55612, 24.50823],
          [54.556283, 24.508166],
          [54.558298, 24.507503],
          [54.558597, 24.507401],
          [54.560711, 24.50676],
          [54.563052, 24.506114],
          [54.564704, 24.505705],
          [54.565086, 24.505611],
          [54.565371, 24.505548],
          [54.5665, 24.505295],
          [54.567079, 24.505162],
          [54.56752, 24.505061],
          [54.569777, 24.504578],
          [54.570783, 24.504362],
          [54.574399, 24.503462],
          [54.574553, 24.503428],
          [54.574655, 24.50337],
          [54.5747, 24.503344],
          [54.574756, 24.503319],
          [54.575098, 24.503198],
          [54.575557, 24.503049],
          [54.575836, 24.502963],
          [54.576457, 24.50278],
          [54.576636, 24.50272],
          [54.57704, 24.502598],
          [54.57763, 24.502454],
          [54.57806, 24.502363],
          [54.578604, 24.502242],
          [54.578663, 24.502228],
          [54.5798, 24.501985],
          [54.580493, 24.501765],
          [54.580946, 24.501598],
          [54.581359, 24.501409],
          [54.581546, 24.501303],
          [54.581725, 24.501186],
          [54.581896, 24.501059],
          [54.582423, 24.50065],
          [54.582488, 24.500595],
          [54.582616, 24.500488],
          [54.582776, 24.500358],
          [54.582988, 24.500192],
          [54.583817, 24.499515],
          [54.584034, 24.49933],
          [54.584263, 24.499157],
          [54.584502, 24.498996],
          [54.584752, 24.498848],
          [54.58504, 24.498695],
          [54.585235, 24.498596],
          [54.585294, 24.498566],
          [54.585452, 24.498486],
          [54.585523, 24.498449],
          [54.585597, 24.498418],
          [54.585672, 24.498386],
          [54.586005, 24.498245],
          [54.586348, 24.49813],
          [54.58696, 24.497929],
          [54.587572, 24.49768],
          [54.588145, 24.497426],
          [54.588325, 24.497328],
          [54.588634, 24.497161],
          [54.59003, 24.496297],
          [54.590484, 24.496086],
          [54.590987, 24.495887],
          [54.591034, 24.495874],
          [54.591157, 24.495842],
          [54.591279, 24.495812],
          [54.591349, 24.495801],
          [54.591512, 24.495785],
          [54.592108, 24.495755],
          [54.594179, 24.495819],
          [54.594397, 24.495825],
          [54.594616, 24.495825],
          [54.594835, 24.495821],
          [54.595053, 24.495811],
          [54.595271, 24.495796],
          [54.595489, 24.495775],
          [54.595706, 24.49575],
          [54.595922, 24.495719],
          [54.596521, 24.49561],
          [54.597159, 24.495478],
          [54.597436, 24.495413],
          [54.597507, 24.495394],
          [54.597529, 24.495389],
          [54.597642, 24.495359],
          [54.597748, 24.495332],
          [54.598016, 24.495264],
          [54.598486, 24.495117],
          [54.598914, 24.494963],
          [54.599498, 24.494724],
          [54.600027, 24.494496],
          [54.600515, 24.494252],
          [54.600857, 24.494042],
          [54.601212, 24.493799],
          [54.601257, 24.493766],
          [54.601383, 24.493665],
          [54.601541, 24.493537],
          [54.601603, 24.493482],
          [54.601906, 24.493207],
          [54.602255, 24.492836],
          [54.60278, 24.492226],
          [54.602998, 24.491999]
        ],
        "type": "LineString"
      },
      "properties": {
        "id": "al-saadiyat--yas-island",
        "name": "Al Saadiyat Island — Yas Island",
        "from": "al-saadiyat",
        "to": "yas-island",
        "corridorType": "motorway",
        "bidirectional": true,
        "distanceKm": 21.12,
        "freeFlowMinutes": 17.2,
        "capacityVehPerHour": 6500,
        "sourceClass": "derived",
        "geometrySource": "osm-osrm",
        "sourceClassByField": {
          "geometry": "derived",
          "distanceKm": "derived",
          "freeFlowMinutes": "derived",
          "corridorType": "synthetic",
          "capacityVehPerHour": "synthetic"
        },
        "fallbackReason": null
      }
    },
    {
      "type": "Feature",
      "id": "al-saadiyat--rabdan-al-maqta",
      "geometry": {
        "coordinates": [
          [54.439955, 24.539962],
          [54.439905, 24.54001],
          [54.439883, 24.540023],
          [54.439859, 24.540032],
          [54.439833, 24.540035],
          [54.439807, 24.540032],
          [54.439708, 24.540013],
          [54.439681, 24.540007],
          [54.439656, 24.539997],
          [54.439632, 24.539985],
          [54.439554, 24.539932],
          [54.43953, 24.539902],
          [54.439519, 24.539867],
          [54.43952, 24.53983],
          [54.439534, 24.53975],
          [54.439546, 24.539718],
          [54.439563, 24.539688],
          [54.439584, 24.53966],
          [54.439813, 24.539432],
          [54.439891, 24.539357],
          [54.439976, 24.539271],
          [54.440062, 24.539183],
          [54.439933, 24.539075],
          [54.439627, 24.538781],
          [54.439366, 24.538498],
          [54.439132, 24.538197],
          [54.43883, 24.537752],
          [54.438695, 24.537494],
          [54.438603, 24.537286],
          [54.438538, 24.53715],
          [54.438489, 24.537025],
          [54.438381, 24.536779],
          [54.438293, 24.53652],
          [54.438234, 24.536257],
          [54.4382, 24.536016],
          [54.438185, 24.535843],
          [54.43819, 24.53566],
          [54.438197, 24.535463],
          [54.438224, 24.535272],
          [54.438253, 24.535146],
          [54.438288, 24.535007],
          [54.43834, 24.534847],
          [54.438409, 24.534673],
          [54.438672, 24.534121],
          [54.438718, 24.53402],
          [54.438796, 24.533848],
          [54.438832, 24.533769],
          [54.439062, 24.533335],
          [54.439107, 24.533242],
          [54.439153, 24.533125],
          [54.439176, 24.533034],
          [54.439196, 24.532928],
          [54.439208, 24.532847],
          [54.439215, 24.532746],
          [54.439218, 24.532534],
          [54.439205, 24.532449],
          [54.439183, 24.532347],
          [54.439158, 24.532256],
          [54.43915, 24.532225],
          [54.439135, 24.532181],
          [54.439104, 24.532095],
          [54.439053, 24.531991],
          [54.438994, 24.531917],
          [54.438936, 24.531836],
          [54.438869, 24.531758],
          [54.438795, 24.531679],
          [54.438725, 24.531612],
          [54.438623, 24.531534],
          [54.438479, 24.531435],
          [54.438329, 24.53136],
          [54.438169, 24.531295],
          [54.438032, 24.531254],
          [54.437958, 24.531236],
          [54.437926, 24.531229],
          [54.437522, 24.531162],
          [54.437465, 24.531166],
          [54.437407, 24.531165],
          [54.43735, 24.531161],
          [54.437293, 24.531153],
          [54.437198, 24.531139],
          [54.437173, 24.531135],
          [54.437147, 24.531135],
          [54.437121, 24.531137],
          [54.437095, 24.531141],
          [54.437071, 24.531148],
          [54.437047, 24.531158],
          [54.436946, 24.531204],
          [54.43688, 24.531234],
          [54.436853, 24.531247],
          [54.436831, 24.531265],
          [54.436813, 24.531288],
          [54.436801, 24.531313],
          [54.436765, 24.531405],
          [54.436752, 24.531432],
          [54.436735, 24.531456],
          [54.436713, 24.531477],
          [54.436686, 24.531494],
          [54.43662, 24.531513],
          [54.436499, 24.531695],
          [54.436403, 24.531823],
          [54.436281, 24.531938],
          [54.436121, 24.532076],
          [54.43599, 24.532166],
          [54.435793, 24.53228],
          [54.435511, 24.532428],
          [54.435341, 24.53251],
          [54.435249, 24.532534],
          [54.435159, 24.532562],
          [54.435071, 24.532595],
          [54.434986, 24.532634],
          [54.43455, 24.53285],
          [54.434453, 24.532886],
          [54.434353, 24.532915],
          [54.434251, 24.532937],
          [54.434147, 24.532952],
          [54.43396, 24.532934],
          [54.433888, 24.532946],
          [54.433781, 24.532942],
          [54.433694, 24.532931],
          [54.433609, 24.532913],
          [54.433526, 24.53289],
          [54.433445, 24.53286],
          [54.433367, 24.532824],
          [54.433293, 24.532783],
          [54.432705, 24.532418],
          [54.431643, 24.531709],
          [54.431466, 24.531595],
          [54.431284, 24.531486],
          [54.431099, 24.531383],
          [54.43091, 24.531286],
          [54.430673, 24.531173],
          [54.430431, 24.531069],
          [54.430185, 24.530974],
          [54.429935, 24.530888],
          [54.429586, 24.530783],
          [54.429164, 24.530679],
          [54.428722, 24.530599],
          [54.428433, 24.530563],
          [54.428115, 24.530535],
          [54.427305, 24.530512],
          [54.42561, 24.53048],
          [54.42464, 24.530478],
          [54.42419, 24.530491],
          [54.42398, 24.530495],
          [54.423762, 24.530499],
          [54.423544, 24.530499],
          [54.423327, 24.530495],
          [54.422509, 24.530565],
          [54.422283, 24.530586],
          [54.422088, 24.530602],
          [54.421916, 24.530614],
          [54.421712, 24.530626],
          [54.420258, 24.530792],
          [54.419844, 24.530833],
          [54.419425, 24.530872],
          [54.419155, 24.530891],
          [54.418853, 24.530905],
          [54.418615, 24.530912],
          [54.418377, 24.530915],
          [54.41814, 24.530913],
          [54.417902, 24.530906],
          [54.417614, 24.530891],
          [54.417327, 24.530868],
          [54.417041, 24.53084],
          [54.416707, 24.530797],
          [54.416375, 24.530746],
          [54.416051, 24.530688],
          [54.415729, 24.53062],
          [54.415409, 24.530544],
          [54.41519, 24.530488],
          [54.414972, 24.530428],
          [54.414759, 24.530364],
          [54.414214, 24.530178],
          [54.413989, 24.530101],
          [54.413767, 24.530019],
          [54.413547, 24.529931],
          [54.413327, 24.529837],
          [54.41311, 24.529737],
          [54.412813, 24.529591],
          [54.412693, 24.529532],
          [54.412665, 24.529518],
          [54.41222, 24.529284],
          [54.412084, 24.529206],
          [54.4119, 24.529095],
          [54.411538, 24.528836],
          [54.411321, 24.528675],
          [54.411106, 24.528512],
          [54.410473, 24.528024],
          [54.408912, 24.526819],
          [54.406741, 24.525182],
          [54.405383, 24.524137],
          [54.398681, 24.519107],
          [54.397723, 24.518382],
          [54.397705, 24.518368],
          [54.39763, 24.518316],
          [54.396292, 24.517305],
          [54.395782, 24.516924],
          [54.395229, 24.516528],
          [54.395035, 24.51642],
          [54.394891, 24.516311],
          [54.394595, 24.516088],
          [54.394382, 24.515968],
          [54.394145, 24.51585],
          [54.393753, 24.515689],
          [54.393356, 24.515546],
          [54.392983, 24.51545],
          [54.392657, 24.51538],
          [54.392301, 24.515329],
          [54.391941, 24.51528],
          [54.390027, 24.515032],
          [54.386975, 24.514569],
          [54.38616, 24.514446],
          [54.385798, 24.514399],
          [54.385434, 24.514356],
          [54.385046, 24.514317],
          [54.384631, 24.514279],
          [54.383547, 24.514201],
          [54.38333, 24.514191],
          [54.383112, 24.514186],
          [54.382894, 24.514186],
          [54.382662, 24.514198],
          [54.382457, 24.514223],
          [54.381691, 24.51427],
          [54.381457, 24.51428],
          [54.381222, 24.514273],
          [54.380989, 24.514248],
          [54.380758, 24.514206],
          [54.380532, 24.514148],
          [54.380312, 24.514072],
          [54.3801, 24.513981],
          [54.379896, 24.513874],
          [54.379781, 24.513805],
          [54.379681, 24.513732],
          [54.379531, 24.513617],
          [54.379389, 24.513493],
          [54.379256, 24.513361],
          [54.379132, 24.513221],
          [54.379018, 24.513075],
          [54.378914, 24.512923],
          [54.378653, 24.512441],
          [54.378445, 24.512075],
          [54.37805, 24.511433],
          [54.377917, 24.511216],
          [54.377781, 24.511],
          [54.377642, 24.510786],
          [54.377501, 24.510573],
          [54.377265, 24.510209],
          [54.377154, 24.510032],
          [54.377048, 24.509853],
          [54.376946, 24.509672],
          [54.37685, 24.509488],
          [54.376114, 24.508156],
          [54.375055, 24.506197],
          [54.374732, 24.505601],
          [54.374453, 24.505085],
          [54.374392, 24.504971],
          [54.374204, 24.504611],
          [54.373802, 24.503833],
          [54.373767, 24.50377],
          [54.373405, 24.503113],
          [54.373148, 24.502658],
          [54.37236, 24.501259],
          [54.371896, 24.500396],
          [54.371717, 24.500075],
          [54.371618, 24.499896],
          [54.371513, 24.499707],
          [54.371403, 24.499486],
          [54.371351, 24.499363],
          [54.371314, 24.499237],
          [54.371292, 24.499098],
          [54.371285, 24.498976],
          [54.371291, 24.498871],
          [54.371302, 24.498783],
          [54.371312, 24.498729],
          [54.371336, 24.498635],
          [54.371363, 24.498542],
          [54.371394, 24.498459],
          [54.371444, 24.498355],
          [54.371502, 24.49828],
          [54.371883, 24.49786],
          [54.372028, 24.497649],
          [54.37289, 24.496738],
          [54.373805, 24.495657],
          [54.374933, 24.494248],
          [54.37709, 24.491636],
          [54.380193, 24.487989],
          [54.383973, 24.483749],
          [54.384482, 24.483178],
          [54.384978, 24.482597],
          [54.385461, 24.482007],
          [54.385931, 24.481409],
          [54.386388, 24.480802],
          [54.387085, 24.479891],
          [54.388011, 24.478561],
          [54.388919, 24.477163],
          [54.390059, 24.475401],
          [54.39176, 24.472799],
          [54.392345, 24.471898],
          [54.395321, 24.46733],
          [54.395418, 24.46718],
          [54.395671, 24.466782],
          [54.395931, 24.466375],
          [54.39697, 24.464742],
          [54.397462, 24.463986],
          [54.397828, 24.463432],
          [54.398384, 24.462572],
          [54.398455, 24.462465],
          [54.399147, 24.461414],
          [54.401681, 24.457592],
          [54.402052, 24.456991],
          [54.40416, 24.453724],
          [54.40567, 24.451412],
          [54.405809, 24.451205],
          [54.405956, 24.451003],
          [54.40611, 24.450805],
          [54.4062, 24.450696],
          [54.406292, 24.450589],
          [54.406862, 24.449953],
          [54.407062, 24.449768],
          [54.407255, 24.449592],
          [54.407453, 24.449421],
          [54.407657, 24.449255],
          [54.407865, 24.449094],
          [54.408078, 24.448939],
          [54.408296, 24.448789],
          [54.408519, 24.448645],
          [54.408745, 24.448507],
          [54.408868, 24.448435],
          [54.409273, 24.448215],
          [54.40969, 24.448013],
          [54.410116, 24.447829],
          [54.410552, 24.447664],
          [54.412469, 24.446949],
          [54.417272, 24.445147],
          [54.418322, 24.444751],
          [54.420721, 24.443857],
          [54.421239, 24.443684],
          [54.422022, 24.443494],
          [54.422666, 24.443393],
          [54.423001, 24.443367],
          [54.423371, 24.443342],
          [54.423742, 24.443331],
          [54.424114, 24.443333],
          [54.424464, 24.443348],
          [54.424813, 24.443375],
          [54.425161, 24.443414],
          [54.425508, 24.443466],
          [54.425851, 24.443529],
          [54.426972, 24.443736],
          [54.431823, 24.444607],
          [54.432379, 24.44471],
          [54.432871, 24.444783],
          [54.433577, 24.444876],
          [54.43396, 24.44491],
          [54.434453, 24.444951],
          [54.434955, 24.444976],
          [54.435453, 24.445006],
          [54.435952, 24.44502],
          [54.436457, 24.445017],
          [54.436957, 24.444981],
          [54.437467, 24.444923],
          [54.437958, 24.444839],
          [54.438371, 24.444744],
          [54.439808, 24.444348],
          [54.440919, 24.444035],
          [54.443617, 24.443274],
          [54.447241, 24.442281],
          [54.448886, 24.441803],
          [54.451647, 24.440881],
          [54.452757, 24.440479],
          [54.453393, 24.440238],
          [54.454111, 24.439959],
          [54.454764, 24.439685],
          [54.455459, 24.439372],
          [54.456145, 24.439045],
          [54.456824, 24.438705],
          [54.457495, 24.438351],
          [54.458229, 24.437951],
          [54.459487, 24.437183],
          [54.46061, 24.436447],
          [54.461202, 24.436031],
          [54.462022, 24.435422],
          [54.462825, 24.4348],
          [54.464123, 24.433763],
          [54.465518, 24.432625],
          [54.466139, 24.432119],
          [54.467965, 24.430632],
          [54.468765, 24.429914],
          [54.469493, 24.429281],
          [54.469878, 24.428965],
          [54.471635, 24.427616],
          [54.472277, 24.427112],
          [54.47401, 24.425848],
          [54.474274, 24.425691],
          [54.474423, 24.425579],
          [54.47457, 24.425447],
          [54.474711, 24.425314],
          [54.474944, 24.425073],
          [54.475288, 24.424682],
          [54.475495, 24.424415],
          [54.47588, 24.423876],
          [54.476083, 24.423549],
          [54.476328, 24.423119],
          [54.47654, 24.422701],
          [54.476724, 24.422259],
          [54.476903, 24.421786],
          [54.477132, 24.421055],
          [54.477234, 24.420613],
          [54.477325, 24.420087],
          [54.477521, 24.418031],
          [54.47758, 24.417442],
          [54.477591, 24.417169],
          [54.47762, 24.416993],
          [54.477639, 24.416834],
          [54.477674, 24.416533],
          [54.47776, 24.415699],
          [54.47792, 24.414068],
          [54.477981, 24.413446],
          [54.478089, 24.412403],
          [54.478121, 24.412075],
          [54.478135, 24.411942],
          [54.478144, 24.41183],
          [54.478157, 24.411621],
          [54.478166, 24.411405],
          [54.478296, 24.410223],
          [54.478316, 24.409907],
          [54.478318, 24.409626],
          [54.478305, 24.409369],
          [54.478317, 24.409282],
          [54.478319, 24.409217],
          [54.478314, 24.409142],
          [54.478265, 24.408754],
          [54.478184, 24.408388],
          [54.477592, 24.406562],
          [54.477224, 24.4055],
          [54.477055, 24.405143],
          [54.476792, 24.404792],
          [54.476594, 24.404618],
          [54.476373, 24.404485],
          [54.476159, 24.404393],
          [54.476003, 24.404329],
          [54.475845, 24.404283],
          [54.475692, 24.404256],
          [54.475432, 24.404222],
          [54.475185, 24.404224],
          [54.475024, 24.404248],
          [54.474844, 24.404292],
          [54.474676, 24.404363],
          [54.474548, 24.404445],
          [54.474446, 24.404533],
          [54.474348, 24.404659],
          [54.474265, 24.40484],
          [54.474209, 24.405084],
          [54.474206, 24.405218],
          [54.474222, 24.405333],
          [54.474273, 24.405475],
          [54.474308, 24.405575],
          [54.474372, 24.40568],
          [54.474445, 24.40577],
          [54.474516, 24.405838],
          [54.474609, 24.405901],
          [54.474698, 24.405953],
          [54.474797, 24.405993],
          [54.474901, 24.406027],
          [54.475006, 24.406047],
          [54.475133, 24.406063],
          [54.475261, 24.406063],
          [54.475384, 24.40606],
          [54.475508, 24.406044],
          [54.475723, 24.406001],
          [54.475937, 24.405945],
          [54.476461, 24.40586],
          [54.476723, 24.405824],
          [54.47698, 24.405784],
          [54.478467, 24.405379],
          [54.48351, 24.404046],
          [54.489212, 24.402458],
          [54.490785, 24.401999],
          [54.491947, 24.401661],
          [54.492834, 24.401429],
          [54.492901, 24.401386],
          [54.492976, 24.401335],
          [54.493057, 24.401293],
          [54.493144, 24.40126],
          [54.493636, 24.401103],
          [54.494066, 24.400957],
          [54.494193, 24.400909],
          [54.49433, 24.40085],
          [54.494398, 24.400815],
          [54.494471, 24.400762],
          [54.494543, 24.400688],
          [54.4946, 24.400603],
          [54.494627, 24.400534],
          [54.494638, 24.400467],
          [54.494643, 24.400401],
          [54.49464, 24.400335],
          [54.494576, 24.400117],
          [54.494483, 24.399842],
          [54.494462, 24.399778],
          [54.494431, 24.399717],
          [54.494391, 24.39966],
          [54.494343, 24.399609],
          [54.494225, 24.399526],
          [54.494164, 24.399504],
          [54.49413, 24.399482],
          [54.49408, 24.399432],
          [54.494049, 24.399371],
          [54.494038, 24.399305],
          [54.494054, 24.399228],
          [54.494097, 24.39916],
          [54.494139, 24.399124],
          [54.494189, 24.399098],
          [54.494244, 24.399083],
          [54.494302, 24.39908],
          [54.494358, 24.399089],
          [54.49441, 24.399109],
          [54.494456, 24.399139],
          [54.494531, 24.399146],
          [54.494607, 24.399146],
          [54.494661, 24.399141],
          [54.494714, 24.399132],
          [54.497537, 24.398337],
          [54.497766, 24.398272],
          [54.499169, 24.397885],
          [54.499347, 24.397836],
          [54.500061, 24.397644],
          [54.500096, 24.397601],
          [54.500117, 24.397552],
          [54.500125, 24.3975],
          [54.500118, 24.397448],
          [54.500098, 24.397389],
          [54.500086, 24.397352],
          [54.499972, 24.397008]
        ],
        "type": "LineString"
      },
      "properties": {
        "id": "al-saadiyat--rabdan-al-maqta",
        "name": "Al Saadiyat Island — Rabdan / Al Maqta",
        "from": "al-saadiyat",
        "to": "rabdan-al-maqta",
        "corridorType": "motorway",
        "bidirectional": true,
        "distanceKm": 29.76,
        "freeFlowMinutes": 26,
        "capacityVehPerHour": 6500,
        "sourceClass": "derived",
        "geometrySource": "osm-osrm",
        "sourceClassByField": {
          "geometry": "derived",
          "distanceKm": "derived",
          "freeFlowMinutes": "derived",
          "corridorType": "synthetic",
          "capacityVehPerHour": "synthetic"
        },
        "fallbackReason": null
      }
    },
    {
      "type": "Feature",
      "id": "rabdan-al-maqta--al-raha",
      "geometry": {
        "coordinates": [
          [54.499972, 24.397008],
          [54.500086, 24.397352],
          [54.500098, 24.397389],
          [54.500118, 24.397448],
          [54.500156, 24.397497],
          [54.500209, 24.397535],
          [54.50027, 24.397558],
          [54.500336, 24.397566],
          [54.5015, 24.397254],
          [54.501829, 24.397162],
          [54.501916, 24.397138],
          [54.502026, 24.397102],
          [54.502063, 24.397204],
          [54.502092, 24.397295],
          [54.502127, 24.397408],
          [54.502729, 24.399237],
          [54.502786, 24.399389],
          [54.502843, 24.399533],
          [54.502894, 24.399644],
          [54.502965, 24.399777],
          [54.502994, 24.399828],
          [54.503032, 24.399893],
          [54.503105, 24.400011],
          [54.503166, 24.40011],
          [54.503259, 24.4003],
          [54.503295, 24.400406],
          [54.503526, 24.401144],
          [54.503595, 24.401394],
          [54.503635, 24.401565],
          [54.503655, 24.401649],
          [54.503673, 24.401743],
          [54.503702, 24.40186],
          [54.503735, 24.401991],
          [54.5038, 24.402347],
          [54.503906, 24.402746],
          [54.503988, 24.403006],
          [54.50435, 24.404137],
          [54.504455, 24.404447],
          [54.50458, 24.404814],
          [54.504612, 24.404909],
          [54.50464, 24.404991],
          [54.504501, 24.405031],
          [54.50442, 24.405054],
          [54.504295, 24.40509],
          [54.504032, 24.405164],
          [54.503817, 24.405223],
          [54.502949, 24.40546],
          [54.5026, 24.405566],
          [54.501756, 24.405789],
          [54.501615, 24.405827],
          [54.501422, 24.405879],
          [54.501144, 24.405956],
          [54.497676, 24.406909],
          [54.497495, 24.406958],
          [54.496946, 24.407109],
          [54.496758, 24.407161],
          [54.496026, 24.407362],
          [54.495974, 24.407382],
          [54.495925, 24.407408],
          [54.495881, 24.40744],
          [54.495833, 24.40748],
          [54.495818, 24.407517],
          [54.495795, 24.407549],
          [54.495755, 24.407583],
          [54.495707, 24.407607],
          [54.495653, 24.407618],
          [54.495599, 24.407615],
          [54.495536, 24.407595],
          [54.495484, 24.407558],
          [54.495408, 24.407561],
          [54.495333, 24.407569],
          [54.495258, 24.407581],
          [54.495185, 24.407598],
          [54.494106, 24.407892],
          [54.492965, 24.408205],
          [54.492339, 24.408375],
          [54.492274, 24.408404],
          [54.492213, 24.408441],
          [54.492157, 24.408485],
          [54.492108, 24.408534],
          [54.49209, 24.408563],
          [54.492058, 24.408596],
          [54.491996, 24.40875],
          [54.491977, 24.408913],
          [54.491979, 24.408937],
          [54.492055, 24.409544],
          [54.492071, 24.409725],
          [54.492219, 24.411265],
          [54.492245, 24.411457],
          [54.492255, 24.411523],
          [54.492268, 24.411616],
          [54.492312, 24.411637],
          [54.492348, 24.411667],
          [54.492377, 24.41171],
          [54.492392, 24.411759],
          [54.492391, 24.41181],
          [54.492375, 24.411859],
          [54.49234, 24.411904],
          [54.492323, 24.412055],
          [54.492334, 24.412258],
          [54.492449, 24.413531],
          [54.492466, 24.41372],
          [54.492481, 24.413889],
          [54.492625, 24.415276],
          [54.492645, 24.415465],
          [54.49268, 24.41584],
          [54.4927, 24.415967],
          [54.492736, 24.41609],
          [54.49277, 24.41617],
          [54.49281, 24.416248],
          [54.492857, 24.416323],
          [54.492909, 24.416394],
          [54.492967, 24.416462],
          [54.493003, 24.41648],
          [54.493033, 24.416507],
          [54.493082, 24.416565],
          [54.493112, 24.416632],
          [54.49312, 24.416705],
          [54.493107, 24.416777],
          [54.493081, 24.416838],
          [54.493036, 24.416887],
          [54.493013, 24.416953],
          [54.493004, 24.416998],
          [54.493003, 24.41706],
          [54.49301, 24.417122],
          [54.493024, 24.417182],
          [54.49326, 24.417604],
          [54.493437, 24.417922],
          [54.49356, 24.418134],
          [54.493587, 24.418172],
          [54.493618, 24.418208],
          [54.493653, 24.418241],
          [54.493692, 24.41827],
          [54.493715, 24.418281],
          [54.493759, 24.418318],
          [54.493786, 24.418367],
          [54.49379, 24.418421],
          [54.493784, 24.418448],
          [54.493773, 24.418473],
          [54.49378, 24.418511],
          [54.493792, 24.418547],
          [54.493809, 24.418581],
          [54.49383, 24.418613],
          [54.493856, 24.418643],
          [54.49388, 24.41866],
          [54.493908, 24.418671],
          [54.493939, 24.418675],
          [54.493969, 24.418671],
          [54.494035, 24.418649],
          [54.494819, 24.418349],
          [54.495458, 24.41815],
          [54.496531, 24.417659],
          [54.496696, 24.417542],
          [54.496872, 24.417437],
          [54.497056, 24.417345],
          [54.49814, 24.416828],
          [54.499617, 24.416079],
          [54.49978, 24.415988],
          [54.499885, 24.415924],
          [54.500081, 24.415795],
          [54.500177, 24.415723],
          [54.500295, 24.415624],
          [54.500404, 24.415513],
          [54.500513, 24.41539],
          [54.500634, 24.415227],
          [54.500772, 24.414987],
          [54.500937, 24.414619],
          [54.501105, 24.414288],
          [54.501284, 24.414044],
          [54.501499, 24.413858],
          [54.50177, 24.413711],
          [54.502045, 24.413624],
          [54.502325, 24.41359],
          [54.502576, 24.413593],
          [54.50282, 24.413626],
          [54.503063, 24.413695],
          [54.503263, 24.413794],
          [54.503426, 24.413904],
          [54.503579, 24.414027],
          [54.504733, 24.415041],
          [54.507405, 24.417426],
          [54.507937, 24.417862],
          [54.508105, 24.418],
          [54.508441, 24.418276],
          [54.509097, 24.418789],
          [54.509635, 24.419148],
          [54.510008, 24.41938],
          [54.510379, 24.419592],
          [54.510786, 24.419803],
          [54.511226, 24.420016],
          [54.511599, 24.420173],
          [54.511879, 24.420291],
          [54.512329, 24.420481],
          [54.512454, 24.420533],
          [54.512707, 24.420629],
          [54.513152, 24.420776],
          [54.513366, 24.420836],
          [54.51398, 24.421023],
          [54.51475, 24.421223],
          [54.51559, 24.421377],
          [54.51824, 24.42178],
          [54.519299, 24.42197],
          [54.51958, 24.422024],
          [54.519914, 24.42209],
          [54.520415, 24.422203],
          [54.520984, 24.422344],
          [54.522641, 24.422789],
          [54.523311, 24.422974],
          [54.524465, 24.423306],
          [54.525431, 24.423586],
          [54.525877, 24.423728],
          [54.526265, 24.423847],
          [54.528541, 24.424543],
          [54.529473, 24.424845],
          [54.530465, 24.425182],
          [54.533179, 24.42596],
          [54.536112, 24.426811],
          [54.540461, 24.428029],
          [54.541438, 24.428306],
          [54.552708, 24.4315],
          [54.553955, 24.431847],
          [54.555579, 24.432298],
          [54.556483, 24.432576],
          [54.56107, 24.433862],
          [54.566725, 24.435462],
          [54.570756, 24.436599],
          [54.57387, 24.437491],
          [54.574031, 24.437536],
          [54.576895, 24.43833],
          [54.585552, 24.440814],
          [54.591421, 24.442466],
          [54.596122, 24.443769],
          [54.600716, 24.445095],
          [54.603676, 24.445947],
          [54.604777, 24.446219],
          [54.605227, 24.446354],
          [54.605513, 24.446406],
          [54.605814, 24.446458],
          [54.606113, 24.446519],
          [54.606409, 24.446588],
          [54.606686, 24.44667],
          [54.606966, 24.446743],
          [54.607212, 24.446801],
          [54.60746, 24.446852],
          [54.607737, 24.446911],
          [54.608016, 24.446963],
          [54.608296, 24.447009],
          [54.608577, 24.447048],
          [54.60881, 24.447088],
          [54.609042, 24.447133],
          [54.609273, 24.447182],
          [54.609503, 24.447236],
          [54.609857, 24.447329],
          [54.609934, 24.44735],
          [54.610012, 24.447368],
          [54.610091, 24.447381],
          [54.611031, 24.447666],
          [54.612699, 24.448184],
          [54.613273, 24.448307],
          [54.614559, 24.448639],
          [54.614843, 24.448693],
          [54.615103, 24.448715],
          [54.615367, 24.448707],
          [54.615573, 24.448688],
          [54.615788, 24.448643],
          [54.615993, 24.448576],
          [54.616179, 24.448495],
          [54.616356, 24.448393],
          [54.616567, 24.448247],
          [54.616762, 24.448085],
          [54.616935, 24.447902],
          [54.617418, 24.447245],
          [54.617559, 24.447084],
          [54.617606, 24.447055],
          [54.617648, 24.447021],
          [54.617685, 24.446982],
          [54.617743, 24.446917],
          [54.617797, 24.446869],
          [54.617835, 24.446835],
          [54.617888, 24.446814],
          [54.617956, 24.446789],
          [54.618023, 24.446762],
          [54.618109, 24.446739],
          [54.618143, 24.446728],
          [54.61824, 24.446708],
          [54.618333, 24.446758],
          [54.618959, 24.44712],
          [54.619088, 24.447211],
          [54.619348, 24.447401],
          [54.619599, 24.447609],
          [54.619724, 24.44772],
          [54.620504, 24.44841],
          [54.620613, 24.448507],
          [54.620991, 24.448834],
          [54.621083, 24.448914],
          [54.621349, 24.449145],
          [54.621638, 24.449397],
          [54.621983, 24.449709],
          [54.622343, 24.450016],
          [54.622624, 24.450288],
          [54.62278, 24.450485],
          [54.622907, 24.450681],
          [54.622975, 24.45079],
          [54.623051, 24.450951],
          [54.623089, 24.451041],
          [54.623108, 24.451117],
          [54.623155, 24.451299],
          [54.623196, 24.451446],
          [54.623216, 24.451586],
          [54.623232, 24.451814],
          [54.623235, 24.451928],
          [54.623232, 24.452012],
          [54.623209, 24.452131],
          [54.623176, 24.452266],
          [54.623153, 24.452383],
          [54.623067, 24.452622],
          [54.62287, 24.453147],
          [54.622723, 24.453493],
          [54.622613, 24.453787],
          [54.622435, 24.454182],
          [54.62229, 24.454638],
          [54.622247, 24.454839],
          [54.622221, 24.455049],
          [54.622147, 24.455554],
          [54.622095, 24.455851],
          [54.621958, 24.456219],
          [54.621717, 24.456663],
          [54.621427, 24.457042],
          [54.621014, 24.457448],
          [54.620674, 24.457697],
          [54.620349, 24.457907],
          [54.620119, 24.458071],
          [54.620059, 24.458115],
          [54.619963, 24.458183],
          [54.619856, 24.458255],
          [54.619737, 24.458324],
          [54.619385, 24.458541],
          [54.618009, 24.459465],
          [54.61738, 24.459866],
          [54.616746, 24.460284],
          [54.61657, 24.460393],
          [54.616473, 24.460437],
          [54.616376, 24.460477],
          [54.615944, 24.460668],
          [54.615568, 24.460788],
          [54.615297, 24.460864],
          [54.615075, 24.460913],
          [54.614777, 24.460969],
          [54.61456, 24.461008],
          [54.614154, 24.461072],
          [54.613587, 24.46111],
          [54.612935, 24.461095],
          [54.612154, 24.461078],
          [54.611711, 24.461088],
          [54.611266, 24.461142],
          [54.610751, 24.461249],
          [54.610327, 24.461342],
          [54.609863, 24.461472],
          [54.609294, 24.461658],
          [54.607916, 24.462206],
          [54.606423, 24.46288],
          [54.605795, 24.463162],
          [54.605639, 24.463238],
          [54.605057, 24.463543],
          [54.60492, 24.463612],
          [54.6047, 24.463725],
          [54.604667, 24.463743],
          [54.604191, 24.464012],
          [54.60394, 24.464161],
          [54.603696, 24.46432],
          [54.603459, 24.464488],
          [54.60323, 24.464665],
          [54.602939, 24.464915],
          [54.602776, 24.464974],
          [54.602699, 24.465012],
          [54.602626, 24.465056],
          [54.601764, 24.465734],
          [54.601725, 24.465765],
          [54.601699, 24.46578],
          [54.601662, 24.465797],
          [54.601622, 24.465807],
          [54.601581, 24.465814],
          [54.601539, 24.465814],
          [54.601497, 24.465808],
          [54.601456, 24.465797],
          [54.601383, 24.465757],
          [54.601289, 24.465662],
          [54.600867, 24.465234],
          [54.600729, 24.465102],
          [54.60054, 24.464955],
          [54.600492, 24.464917],
          [54.600237, 24.464755],
          [54.599956, 24.464605],
          [54.599722, 24.464518],
          [54.599471, 24.464438],
          [54.599213, 24.464378],
          [54.59895, 24.464338],
          [54.598642, 24.464275],
          [54.598542, 24.464254],
          [54.598295, 24.46419],
          [54.598227, 24.464172],
          [54.597757, 24.464033],
          [54.597493, 24.463944],
          [54.597233, 24.463846],
          [54.597009, 24.463749],
          [54.596732, 24.463638],
          [54.596351, 24.463447],
          [54.596048, 24.463283],
          [54.595753, 24.463109],
          [54.595454, 24.462915],
          [54.595288, 24.462801],
          [54.595064, 24.462637],
          [54.594846, 24.462466],
          [54.594484, 24.462176],
          [54.594306, 24.462026],
          [54.594101, 24.461831],
          [54.593947, 24.46169],
          [54.593536, 24.461326],
          [54.593454, 24.461252],
          [54.593389, 24.461194],
          [54.593315, 24.461135],
          [54.593238, 24.461075],
          [54.593102, 24.460962],
          [54.592928, 24.460868],
          [54.592744, 24.460795],
          [54.591441, 24.460269],
          [54.591409, 24.460251],
          [54.591382, 24.460227],
          [54.591361, 24.460199],
          [54.591346, 24.460167],
          [54.591339, 24.460133],
          [54.591341, 24.460099],
          [54.591354, 24.460041],
          [54.591376, 24.459947],
          [54.591412, 24.459796],
          [54.591581, 24.459036],
          [54.591591, 24.458979],
          [54.591594, 24.458922],
          [54.591591, 24.45889],
          [54.591574, 24.458829],
          [54.591552, 24.458773],
          [54.591542, 24.458744],
          [54.591529, 24.458716],
          [54.591495, 24.45868],
          [54.591472, 24.458637],
          [54.591462, 24.458591],
          [54.591465, 24.458544],
          [54.591481, 24.458498],
          [54.59151, 24.458459],
          [54.591548, 24.458426],
          [54.591589, 24.458357],
          [54.591607, 24.458316],
          [54.591621, 24.458274],
          [54.591624, 24.458257],
          [54.59163, 24.458176],
          [54.591656, 24.456671],
          [54.591658, 24.456636],
          [54.59166, 24.45659],
          [54.591693, 24.456468],
          [54.591725, 24.456386],
          [54.591776, 24.45631],
          [54.59182, 24.456241],
          [54.591872, 24.456176],
          [54.59193, 24.456117],
          [54.591995, 24.456063],
          [54.592065, 24.456016],
          [54.592141, 24.455981],
          [54.592216, 24.455955],
          [54.592284, 24.455935],
          [54.592326, 24.455927],
          [54.592461, 24.45592],
          [54.592458, 24.455877],
          [54.592463, 24.455822],
          [54.592465, 24.455789],
          [54.592468, 24.455742],
          [54.592467, 24.455712],
          [54.592428, 24.455111],
          [54.59243, 24.455056],
          [54.592431, 24.455027],
          [54.592437, 24.455002],
          [54.592445, 24.454967],
          [54.592456, 24.454934],
          [54.592519, 24.454758],
          [54.592569, 24.454653],
          [54.592627, 24.454552]
        ],
        "type": "LineString"
      },
      "properties": {
        "id": "rabdan-al-maqta--al-raha",
        "name": "Rabdan / Al Maqta — Al Raha",
        "from": "rabdan-al-maqta",
        "to": "al-raha",
        "corridorType": "motorway",
        "bidirectional": true,
        "distanceKm": 22.94,
        "freeFlowMinutes": 23.7,
        "capacityVehPerHour": 6500,
        "sourceClass": "derived",
        "geometrySource": "osm-osrm",
        "sourceClassByField": {
          "geometry": "derived",
          "distanceKm": "derived",
          "freeFlowMinutes": "derived",
          "corridorType": "synthetic",
          "capacityVehPerHour": "synthetic"
        },
        "fallbackReason": null
      }
    },
    {
      "type": "Feature",
      "id": "al-raha--khalifa-city",
      "geometry": {
        "coordinates": [
          [54.592627, 24.454552],
          [54.592569, 24.454653],
          [54.592519, 24.454758],
          [54.592456, 24.454934],
          [54.592445, 24.454967],
          [54.592437, 24.455002],
          [54.592431, 24.455027],
          [54.59243, 24.455056],
          [54.592428, 24.455111],
          [54.592467, 24.455712],
          [54.592468, 24.455742],
          [54.592488, 24.4558],
          [54.592497, 24.45582],
          [54.592515, 24.455858],
          [54.592551, 24.455889],
          [54.592634, 24.455923],
          [54.592741, 24.455934],
          [54.592831, 24.455952],
          [54.592914, 24.455978],
          [54.592993, 24.456015],
          [54.593072, 24.456054],
          [54.593136, 24.456099],
          [54.593191, 24.456146],
          [54.593257, 24.456208],
          [54.593284, 24.456247],
          [54.593325, 24.456303],
          [54.59336, 24.456365],
          [54.593378, 24.456407],
          [54.593393, 24.456441],
          [54.59342, 24.456515],
          [54.593435, 24.456579],
          [54.593688, 24.457715],
          [54.593762, 24.458043],
          [54.593784, 24.4581],
          [54.593796, 24.458133],
          [54.593819, 24.458172],
          [54.593843, 24.458208],
          [54.593883, 24.458251],
          [54.593913, 24.458271],
          [54.593947, 24.458303],
          [54.594016, 24.458321],
          [54.594055, 24.458332],
          [54.594094, 24.458338],
          [54.594155, 24.458344],
          [54.594229, 24.45834],
          [54.59574, 24.458223],
          [54.595819, 24.458228],
          [54.595898, 24.458239],
          [54.595975, 24.458258],
          [54.59605, 24.458282],
          [54.596135, 24.458319],
          [54.596214, 24.458363],
          [54.596287, 24.458416],
          [54.596354, 24.458475],
          [54.596414, 24.45854],
          [54.596527, 24.458665],
          [54.596575, 24.458718],
          [54.59666, 24.458812],
          [54.5969, 24.459078],
          [54.596941, 24.459117],
          [54.596961, 24.459136],
          [54.596983, 24.459155],
          [54.597038, 24.459185],
          [54.597084, 24.459205],
          [54.597157, 24.459232],
          [54.597426, 24.459281],
          [54.597696, 24.459333],
          [54.597826, 24.459358],
          [54.598034, 24.459401],
          [54.598481, 24.459494],
          [54.598827, 24.459566],
          [54.598928, 24.459587],
          [54.599543, 24.459685],
          [54.599654, 24.459706],
          [54.599915, 24.459758],
          [54.600038, 24.459781],
          [54.600864, 24.459954],
          [54.601304, 24.460045],
          [54.602241, 24.460241],
          [54.60234, 24.460264],
          [54.602438, 24.460292],
          [54.60256, 24.460338],
          [54.602627, 24.460363],
          [54.602719, 24.460406],
          [54.60283, 24.460471],
          [54.602892, 24.460506],
          [54.602974, 24.460563],
          [54.603052, 24.460624],
          [54.603126, 24.460688],
          [54.603196, 24.460757],
          [54.603261, 24.460829],
          [54.603322, 24.460904],
          [54.603342, 24.460932],
          [54.603378, 24.460982],
          [54.603529, 24.461226],
          [54.60368, 24.46147],
          [54.60373, 24.461547],
          [54.603789, 24.461643],
          [54.603828, 24.461708],
          [54.603992, 24.461971],
          [54.604505, 24.462785],
          [54.60456, 24.462809],
          [54.604612, 24.462837],
          [54.60466, 24.462871],
          [54.604705, 24.462908],
          [54.604745, 24.462949],
          [54.604795, 24.462994],
          [54.604851, 24.463032],
          [54.604913, 24.463063],
          [54.604978, 24.463085],
          [54.60504, 24.463097],
          [54.605103, 24.463103],
          [54.605167, 24.4631],
          [54.605353, 24.463069],
          [54.605632, 24.462948],
          [54.607808, 24.462011],
          [54.60916, 24.461443],
          [54.609776, 24.461213],
          [54.610237, 24.461086],
          [54.610637, 24.460994],
          [54.610918, 24.460935],
          [54.611267, 24.460881],
          [54.611631, 24.460853],
          [54.612146, 24.460834],
          [54.612935, 24.460866],
          [54.613605, 24.460873],
          [54.61411, 24.46084],
          [54.614518, 24.460785],
          [54.614683, 24.460756],
          [54.614918, 24.460716],
          [54.615126, 24.460671],
          [54.615361, 24.460611],
          [54.615649, 24.460531],
          [54.615924, 24.460417],
          [54.616228, 24.460282],
          [54.616584, 24.460083],
          [54.616875, 24.459913],
          [54.617833, 24.459247],
          [54.619159, 24.45835],
          [54.61955, 24.458101],
          [54.619591, 24.458074],
          [54.619699, 24.457998],
          [54.619813, 24.457918],
          [54.619906, 24.457852],
          [54.620179, 24.457674],
          [54.620366, 24.457552],
          [54.620845, 24.457224],
          [54.621132, 24.456994],
          [54.621421, 24.456676],
          [54.621638, 24.456324],
          [54.621854, 24.455801],
          [54.621937, 24.455422],
          [54.621998, 24.454967],
          [54.62204, 24.454651],
          [54.622117, 24.454347],
          [54.622297, 24.453818],
          [54.622501, 24.453271],
          [54.622635, 24.452937],
          [54.622762, 24.452603],
          [54.622857, 24.452386],
          [54.622917, 24.452187],
          [54.62295, 24.451978],
          [54.622963, 24.451769],
          [54.622934, 24.451529],
          [54.62293, 24.451501],
          [54.62292, 24.451441],
          [54.622905, 24.45134],
          [54.623155, 24.451299],
          [54.623196, 24.451446],
          [54.623216, 24.451586],
          [54.623232, 24.451814],
          [54.623235, 24.451928],
          [54.623232, 24.452012],
          [54.623209, 24.452131],
          [54.623297, 24.452296],
          [54.623424, 24.452468],
          [54.623537, 24.452617],
          [54.623625, 24.452738],
          [54.623702, 24.452851],
          [54.623762, 24.452985],
          [54.623807, 24.453123],
          [54.623834, 24.45329],
          [54.623868, 24.453535],
          [54.62388, 24.453618],
          [54.623899, 24.4537],
          [54.623925, 24.45378],
          [54.623957, 24.453858],
          [54.623996, 24.453934],
          [54.62404, 24.454008],
          [54.624588, 24.454703],
          [54.625135, 24.455387],
          [54.625533, 24.455937],
          [54.625798, 24.456329],
          [54.625928, 24.45653],
          [54.626059, 24.456742],
          [54.626172, 24.456934],
          [54.626614, 24.457673],
          [54.626686, 24.457793],
          [54.62672, 24.457874],
          [54.626753, 24.457965],
          [54.626779, 24.458057],
          [54.626788, 24.45819],
          [54.626973, 24.458507],
          [54.627186, 24.458918],
          [54.627429, 24.459416],
          [54.627753, 24.460195],
          [54.628366, 24.461845],
          [54.628593, 24.462456],
          [54.629056, 24.463704],
          [54.629475, 24.464826],
          [54.629769, 24.465504],
          [54.630159, 24.466309],
          [54.630497, 24.466926],
          [54.63087, 24.467557],
          [54.63109, 24.467896],
          [54.631321, 24.468228],
          [54.631565, 24.468553],
          [54.632074, 24.469239],
          [54.632634, 24.469946],
          [54.634599, 24.472455],
          [54.635308, 24.473181],
          [54.636369, 24.474562],
          [54.636942, 24.475278],
          [54.637572, 24.476064],
          [54.639132, 24.478123],
          [54.640025, 24.479064],
          [54.640613, 24.479689],
          [54.64135, 24.48045],
          [54.642037, 24.480914],
          [54.642879, 24.481283],
          [54.643671, 24.481535],
          [54.644161, 24.481603],
          [54.644548, 24.481627],
          [54.645065, 24.481671],
          [54.645916, 24.481866],
          [54.646428, 24.482072],
          [54.646739, 24.482218],
          [54.647283, 24.482496],
          [54.647968, 24.482727],
          [54.648476, 24.48283],
          [54.648725, 24.482865],
          [54.649216, 24.482891],
          [54.649505, 24.482886],
          [54.649736, 24.482881],
          [54.649959, 24.482856],
          [54.650194, 24.482836],
          [54.650422, 24.482806],
          [54.650673, 24.482764],
          [54.651002, 24.482708],
          [54.651424, 24.48262],
          [54.651783, 24.482541],
          [54.652348, 24.482414],
          [54.653361, 24.482189],
          [54.654546, 24.481906],
          [54.656618, 24.481412],
          [54.657478, 24.481111],
          [54.658524, 24.480722],
          [54.659271, 24.480406],
          [54.660054, 24.480044],
          [54.660969, 24.479589],
          [54.661848, 24.479098],
          [54.662442, 24.478778],
          [54.663161, 24.478365],
          [54.664301, 24.477692],
          [54.665294, 24.477049],
          [54.666448, 24.476308],
          [54.666571, 24.476233],
          [54.666697, 24.476162],
          [54.666827, 24.476097],
          [54.66696, 24.476037],
          [54.667974, 24.4753],
          [54.668268, 24.475059],
          [54.66855, 24.474807],
          [54.668847, 24.474544],
          [54.668971, 24.474418],
          [54.669099, 24.47428],
          [54.669229, 24.474136],
          [54.669348, 24.473995],
          [54.66947, 24.473846],
          [54.669588, 24.473692],
          [54.669805, 24.473393],
          [54.669912, 24.473236],
          [54.670022, 24.47307],
          [54.670109, 24.472935],
          [54.670196, 24.472788],
          [54.670296, 24.472616],
          [54.670377, 24.472469],
          [54.670466, 24.472292],
          [54.670514, 24.472197],
          [54.670565, 24.472093],
          [54.670654, 24.4719],
          [54.670739, 24.471711],
          [54.670836, 24.471495],
          [54.670995, 24.471134],
          [54.671246, 24.470571],
          [54.671438, 24.470141],
          [54.671713, 24.4695],
          [54.671928, 24.468932],
          [54.672463, 24.467757],
          [54.672628, 24.467386],
          [54.673003, 24.466531],
          [54.673017, 24.466491],
          [54.673056, 24.466406],
          [54.673122, 24.466271],
          [54.673181, 24.466156],
          [54.673301, 24.465905],
          [54.673404, 24.465735],
          [54.673544, 24.46553],
          [54.673627, 24.465423],
          [54.673733, 24.465301],
          [54.673856, 24.465161],
          [54.67399, 24.46505],
          [54.674133, 24.464948],
          [54.674255, 24.46486],
          [54.674384, 24.464781],
          [54.674519, 24.464711],
          [54.67466, 24.464649],
          [54.674864, 24.464561],
          [54.675205, 24.464458],
          [54.67535, 24.464423],
          [54.67554, 24.464386],
          [54.675733, 24.46436],
          [54.675926, 24.464347],
          [54.676121, 24.464345],
          [54.676398, 24.46436],
          [54.678289, 24.46455],
          [54.679326, 24.464664],
          [54.679443, 24.464671],
          [54.679682, 24.464672],
          [54.679821, 24.464669],
          [54.679963, 24.464657],
          [54.680147, 24.464633],
          [54.680223, 24.46462],
          [54.680295, 24.464604],
          [54.68045, 24.464558],
          [54.681378, 24.464234],
          [54.682482, 24.463842],
          [54.685583, 24.462727],
          [54.687185, 24.462173],
          [54.688815, 24.461603],
          [54.688896, 24.461574],
          [54.688974, 24.46154],
          [54.689047, 24.461498],
          [54.689115, 24.461449],
          [54.689176, 24.461393],
          [54.689231, 24.461332],
          [54.689276, 24.461267],
          [54.689297, 24.461206],
          [54.689328, 24.461148],
          [54.689368, 24.461096],
          [54.689416, 24.461049],
          [54.68947, 24.461009],
          [54.689531, 24.460976],
          [54.689596, 24.460952],
          [54.68962, 24.460936],
          [54.689664, 24.460937],
          [54.689734, 24.460931],
          [54.689805, 24.460935],
          [54.689873, 24.460948],
          [54.68994, 24.460969],
          [54.690005, 24.460998],
          [54.690058, 24.461038],
          [54.690108, 24.461083],
          [54.69015, 24.461134],
          [54.690204, 24.461169],
          [54.690261, 24.4612],
          [54.690321, 24.461227],
          [54.690396, 24.461251],
          [54.690473, 24.461269],
          [54.690551, 24.461279],
          [54.690631, 24.461282],
          [54.691507, 24.461256],
          [54.692684, 24.461263],
          [54.69548, 24.461223],
          [54.699495, 24.461174],
          [54.704828, 24.461111],
          [54.706325, 24.461074],
          [54.706399, 24.461072],
          [54.706472, 24.461061],
          [54.706544, 24.461044],
          [54.706604, 24.461022],
          [54.706662, 24.460995],
          [54.706718, 24.460963],
          [54.706763, 24.460894],
          [54.706822, 24.460834],
          [54.706892, 24.460784],
          [54.706971, 24.460747],
          [54.707025, 24.460687],
          [54.707073, 24.460623],
          [54.707113, 24.460555],
          [54.707147, 24.460484],
          [54.707172, 24.46041],
          [54.70719, 24.460335],
          [54.707389, 24.458954],
          [54.70758, 24.457678],
          [54.707733, 24.456772],
          [54.707755, 24.456641],
          [54.707775, 24.456502],
          [54.707924, 24.455498],
          [54.707974, 24.455185],
          [54.70801, 24.454949],
          [54.70856, 24.45157],
          [54.708649, 24.450993],
          [54.708776, 24.450128],
          [54.708996, 24.448739],
          [54.709076, 24.448226],
          [54.709593, 24.444873],
          [54.710111, 24.441507],
          [54.710353, 24.439942],
          [54.710414, 24.439546],
          [54.710485, 24.438838],
          [54.710506, 24.438712],
          [54.710523, 24.438581],
          [54.710569, 24.43825],
          [54.710656, 24.437714],
          [54.710776, 24.437114],
          [54.710834, 24.436811],
          [54.711145, 24.434801],
          [54.711259, 24.43415],
          [54.711583, 24.432056],
          [54.711979, 24.429411],
          [54.712108, 24.428651],
          [54.712198, 24.428028],
          [54.712297, 24.427343],
          [54.712436, 24.426501],
          [54.712444, 24.426331],
          [54.712408, 24.426221],
          [54.712341, 24.426116],
          [54.712258, 24.42606],
          [54.71219, 24.425991],
          [54.712102, 24.425937],
          [54.712011, 24.425887],
          [54.711917, 24.425842],
          [54.711821, 24.425802],
          [54.711722, 24.425767],
          [54.711621, 24.425736],
          [54.711519, 24.425711],
          [54.711415, 24.425691],
          [54.706764, 24.425096],
          [54.698361, 24.424044],
          [54.697173, 24.42389]
        ],
        "type": "LineString"
      },
      "properties": {
        "id": "al-raha--khalifa-city",
        "name": "Al Raha — Khalifa City",
        "from": "al-raha",
        "to": "khalifa-city",
        "corridorType": "urban-arterial",
        "bidirectional": true,
        "distanceKm": 21.29,
        "freeFlowMinutes": 24.5,
        "capacityVehPerHour": 3600,
        "sourceClass": "derived",
        "geometrySource": "osm-osrm",
        "sourceClassByField": {
          "geometry": "derived",
          "distanceKm": "derived",
          "freeFlowMinutes": "derived",
          "corridorType": "synthetic",
          "capacityVehPerHour": "synthetic"
        },
        "fallbackReason": null
      }
    },
    {
      "type": "Feature",
      "id": "al-raha--yas-island",
      "geometry": {
        "coordinates": [
          [54.592627, 24.454552],
          [54.592569, 24.454653],
          [54.592519, 24.454758],
          [54.592456, 24.454934],
          [54.592445, 24.454967],
          [54.592437, 24.455002],
          [54.592431, 24.455027],
          [54.59243, 24.455056],
          [54.592428, 24.455111],
          [54.592467, 24.455712],
          [54.592468, 24.455742],
          [54.592488, 24.4558],
          [54.592497, 24.45582],
          [54.592515, 24.455858],
          [54.592551, 24.455889],
          [54.592634, 24.455923],
          [54.592741, 24.455934],
          [54.592831, 24.455952],
          [54.592914, 24.455978],
          [54.592993, 24.456015],
          [54.593072, 24.456054],
          [54.593136, 24.456099],
          [54.593191, 24.456146],
          [54.593257, 24.456208],
          [54.593284, 24.456247],
          [54.593325, 24.456303],
          [54.59336, 24.456365],
          [54.593378, 24.456407],
          [54.593393, 24.456441],
          [54.59342, 24.456515],
          [54.593435, 24.456579],
          [54.593688, 24.457715],
          [54.593762, 24.458043],
          [54.593784, 24.4581],
          [54.593796, 24.458133],
          [54.593819, 24.458172],
          [54.593843, 24.458208],
          [54.593883, 24.458251],
          [54.593913, 24.458271],
          [54.593947, 24.458303],
          [54.59396, 24.458326],
          [54.593975, 24.45836],
          [54.593983, 24.458395],
          [54.593983, 24.458432],
          [54.593975, 24.458467],
          [54.59396, 24.458501],
          [54.593952, 24.458514],
          [54.593915, 24.458554],
          [54.593872, 24.458581],
          [54.593824, 24.458597],
          [54.593773, 24.458602],
          [54.593722, 24.458596],
          [54.593674, 24.458578],
          [54.593646, 24.458561],
          [54.593627, 24.458548],
          [54.593584, 24.458535],
          [54.593514, 24.458522],
          [54.59345, 24.458517],
          [54.593401, 24.458518],
          [54.593272, 24.458527],
          [54.592794, 24.458566],
          [54.592696, 24.458573],
          [54.592466, 24.458588],
          [54.59209, 24.458614],
          [54.592033, 24.458625],
          [54.591966, 24.458635],
          [54.591911, 24.458653],
          [54.591864, 24.45867],
          [54.591836, 24.45868],
          [54.591812, 24.458707],
          [54.591785, 24.45873],
          [54.591773, 24.458757],
          [54.591759, 24.458798],
          [54.591732, 24.458893],
          [54.591728, 24.458927],
          [54.591718, 24.45899],
          [54.591712, 24.459053],
          [54.59164, 24.459551],
          [54.591648, 24.459605],
          [54.591654, 24.459647],
          [54.591666, 24.459697],
          [54.591682, 24.459748],
          [54.591694, 24.459794],
          [54.591713, 24.459824],
          [54.591747, 24.459853],
          [54.591801, 24.459897],
          [54.591917, 24.459955],
          [54.592038, 24.460016],
          [54.592139, 24.460065],
          [54.59226, 24.460144],
          [54.592362, 24.460227],
          [54.592436, 24.460282],
          [54.592529, 24.460355],
          [54.592615, 24.460413],
          [54.592785, 24.46051],
          [54.592981, 24.460607],
          [54.593085, 24.46067],
          [54.59322, 24.460771],
          [54.593266, 24.460808],
          [54.59335, 24.460875],
          [54.593479, 24.460992],
          [54.593559, 24.461071],
          [54.593623, 24.461121],
          [54.5937, 24.461183],
          [54.593825, 24.461286],
          [54.594275, 24.461714],
          [54.59445, 24.46187],
          [54.595135, 24.46243],
          [54.595613, 24.462769],
          [54.595759, 24.462859],
          [54.595881, 24.462939],
          [54.596153, 24.463096],
          [54.596451, 24.463264],
          [54.59684, 24.463454],
          [54.597302, 24.463648],
          [54.597491, 24.463723],
          [54.597724, 24.463802],
          [54.598292, 24.463981],
          [54.598362, 24.463997],
          [54.598627, 24.464059],
          [54.598701, 24.464076],
          [54.598974, 24.464133],
          [54.599456, 24.464236],
          [54.599639, 24.464286],
          [54.599817, 24.464347],
          [54.599991, 24.464419],
          [54.600158, 24.464502],
          [54.60032, 24.464595],
          [54.600517, 24.464733],
          [54.600619, 24.46481],
          [54.600755, 24.464933],
          [54.601349, 24.465545],
          [54.601389, 24.465586],
          [54.601485, 24.465678],
          [54.601622, 24.465807],
          [54.601728, 24.465922],
          [54.601609, 24.466016],
          [54.60153, 24.46608],
          [54.601186, 24.466349],
          [54.601043, 24.466468],
          [54.600509, 24.466889],
          [54.600052, 24.467256],
          [54.599934, 24.467365],
          [54.599841, 24.467463],
          [54.599723, 24.4676],
          [54.599676, 24.467677],
          [54.599641, 24.467767],
          [54.599617, 24.467837],
          [54.599605, 24.467917],
          [54.599604, 24.467999],
          [54.599613, 24.46808],
          [54.599634, 24.468159],
          [54.599688, 24.468316],
          [54.60009, 24.468999],
          [54.600154, 24.46913],
          [54.600317, 24.469443],
          [54.600595, 24.470058],
          [54.600657, 24.470224],
          [54.600868, 24.470821],
          [54.601454, 24.472451],
          [54.601546, 24.47272],
          [54.602404, 24.475019],
          [54.602427, 24.475077],
          [54.60257, 24.475442],
          [54.602592, 24.475497],
          [54.602631, 24.475604],
          [54.602661, 24.475686],
          [54.602759, 24.475954],
          [54.602825, 24.476135],
          [54.603384, 24.477654],
          [54.603562, 24.478143],
          [54.603594, 24.478225],
          [54.603638, 24.478366],
          [54.603689, 24.478527],
          [54.603738, 24.478711],
          [54.603779, 24.478896],
          [54.603916, 24.479609],
          [54.603948, 24.47986],
          [54.603959, 24.479947],
          [54.603963, 24.479984],
          [54.604021, 24.480558],
          [54.604021, 24.480702],
          [54.604015, 24.480845],
          [54.604003, 24.480989],
          [54.603985, 24.481131],
          [54.60396, 24.481273],
          [54.603929, 24.481414],
          [54.603829, 24.481772],
          [54.603751, 24.481986],
          [54.60369, 24.482124],
          [54.603607, 24.482284],
          [54.603448, 24.482542],
          [54.603443, 24.4826],
          [54.603431, 24.482657],
          [54.603412, 24.482712],
          [54.603387, 24.482766],
          [54.603356, 24.482816],
          [54.603237, 24.482983],
          [54.603191, 24.483054],
          [54.60315, 24.483126],
          [54.603112, 24.483201],
          [54.603085, 24.483256],
          [54.603065, 24.483312],
          [54.603049, 24.48337],
          [54.602972, 24.483729],
          [54.602933, 24.484193],
          [54.602916, 24.484307],
          [54.602891, 24.484419],
          [54.602859, 24.48453],
          [54.60282, 24.484639],
          [54.602774, 24.484746],
          [54.602717, 24.48485],
          [54.602642, 24.484973],
          [54.602568, 24.485098],
          [54.602497, 24.485225],
          [54.602429, 24.485354],
          [54.602363, 24.485481],
          [54.602302, 24.48561],
          [54.602247, 24.485741],
          [54.602196, 24.485875],
          [54.602147, 24.486035],
          [54.602103, 24.486196],
          [54.602065, 24.486359],
          [54.602033, 24.486522],
          [54.602008, 24.486687],
          [54.601987, 24.486877],
          [54.601974, 24.487068],
          [54.601969, 24.48726],
          [54.601972, 24.487452],
          [54.601983, 24.487643],
          [54.602083, 24.488849],
          [54.602121, 24.489065],
          [54.602138, 24.489133],
          [54.602151, 24.48919],
          [54.602179, 24.489327],
          [54.602209, 24.489436],
          [54.602282, 24.489691],
          [54.602418, 24.490077],
          [54.602423, 24.490089],
          [54.602474, 24.490217],
          [54.602477, 24.490226],
          [54.602536, 24.49036],
          [54.602601, 24.490493],
          [54.60267, 24.490624],
          [54.602937, 24.491074],
          [54.603238, 24.491555],
          [54.603257, 24.491579],
          [54.603326, 24.49167],
          [54.603434, 24.49179],
          [54.603369, 24.491855],
          [54.603312, 24.491917],
          [54.603236, 24.491984],
          [54.602919, 24.49233],
          [54.602251, 24.493127],
          [54.602091, 24.493307],
          [54.601754, 24.493634],
          [54.601726, 24.493663],
          [54.601609, 24.493773],
          [54.601559, 24.493814],
          [54.601551, 24.493764],
          [54.601555, 24.493711],
          [54.601562, 24.493659],
          [54.601571, 24.493607],
          [54.601583, 24.493553],
          [54.601603, 24.493482],
          [54.601906, 24.493207],
          [54.602255, 24.492836],
          [54.60278, 24.492226],
          [54.602998, 24.491999]
        ],
        "type": "LineString"
      },
      "properties": {
        "id": "al-raha--yas-island",
        "name": "Al Raha — Yas Island",
        "from": "al-raha",
        "to": "yas-island",
        "corridorType": "motorway",
        "bidirectional": true,
        "distanceKm": 5.75,
        "freeFlowMinutes": 9.5,
        "capacityVehPerHour": 6500,
        "sourceClass": "derived",
        "geometrySource": "osm-osrm",
        "sourceClassByField": {
          "geometry": "derived",
          "distanceKm": "derived",
          "freeFlowMinutes": "derived",
          "corridorType": "synthetic",
          "capacityVehPerHour": "synthetic"
        },
        "fallbackReason": null
      }
    },
    {
      "type": "Feature",
      "id": "yas-island--khalifa-city",
      "geometry": {
        "coordinates": [
          [54.602998, 24.491999],
          [54.603074, 24.49192],
          [54.603115, 24.49188],
          [54.603205, 24.491791],
          [54.603326, 24.49167],
          [54.603434, 24.49179],
          [54.603369, 24.491855],
          [54.603312, 24.491917],
          [54.603236, 24.491984],
          [54.602919, 24.49233],
          [54.602251, 24.493127],
          [54.602091, 24.493307],
          [54.601754, 24.493634],
          [54.601726, 24.493663],
          [54.601609, 24.493773],
          [54.601559, 24.493814],
          [54.601514, 24.493846],
          [54.601453, 24.493889],
          [54.601404, 24.49392],
          [54.60095, 24.494231],
          [54.600764, 24.494342],
          [54.60066, 24.494403],
          [54.600554, 24.494462],
          [54.600447, 24.494519],
          [54.600339, 24.494573],
          [54.599649, 24.494889],
          [54.59939, 24.495003],
          [54.5984, 24.495347],
          [54.598039, 24.495465],
          [54.597811, 24.495534],
          [54.597731, 24.495558],
          [54.5977, 24.495567],
          [54.597586, 24.495595],
          [54.597298, 24.495671],
          [54.596916, 24.49575],
          [54.596533, 24.495823],
          [54.596148, 24.49589],
          [54.595762, 24.49595],
          [54.595581, 24.495975],
          [54.595399, 24.495998],
          [54.595199, 24.496016],
          [54.594998, 24.496027],
          [54.594797, 24.496031],
          [54.593711, 24.496007],
          [54.592549, 24.495961],
          [54.592458, 24.495986],
          [54.592365, 24.496005],
          [54.592271, 24.496017],
          [54.592095, 24.49603],
          [54.592016, 24.49605],
          [54.591942, 24.49608],
          [54.591874, 24.496121],
          [54.591813, 24.49617],
          [54.591762, 24.496228],
          [54.591716, 24.496319],
          [54.591682, 24.496414],
          [54.591661, 24.496513],
          [54.591628, 24.496743],
          [54.59191, 24.497824],
          [54.592204, 24.498897],
          [54.592217, 24.498944],
          [54.593208, 24.498838],
          [54.59537, 24.498602],
          [54.595552, 24.498574],
          [54.595733, 24.498543],
          [54.595914, 24.498509],
          [54.596094, 24.498472],
          [54.596973, 24.498287],
          [54.597702, 24.498133],
          [54.597841, 24.498116],
          [54.597982, 24.498114],
          [54.598208, 24.498127],
          [54.603591, 24.496931],
          [54.606632, 24.496238],
          [54.609909, 24.495516],
          [54.611071, 24.495234],
          [54.612561, 24.494916],
          [54.613328, 24.494729],
          [54.614052, 24.494521],
          [54.614587, 24.494351],
          [54.615124, 24.494179],
          [54.616195, 24.493795],
          [54.617258, 24.493382],
          [54.618361, 24.492908],
          [54.619534, 24.492372],
          [54.619796, 24.49224],
          [54.619895, 24.492195],
          [54.620268, 24.492025],
          [54.624167, 24.490251],
          [54.62544, 24.489691],
          [54.6267, 24.489193],
          [54.627104, 24.489052],
          [54.62803, 24.488729],
          [54.629957, 24.488174],
          [54.630229, 24.488103],
          [54.630684, 24.48798],
          [54.631791, 24.487694],
          [54.632254, 24.487578],
          [54.632851, 24.487428],
          [54.6345, 24.487025],
          [54.635809, 24.486705],
          [54.635962, 24.486661],
          [54.637117, 24.486428],
          [54.638341, 24.486138],
          [54.640836, 24.485513],
          [54.643366, 24.484872],
          [54.644261, 24.484657],
          [54.647776, 24.48378],
          [54.648653, 24.483569],
          [54.652909, 24.482494],
          [54.654858, 24.482016],
          [54.656615, 24.481572],
          [54.657752, 24.481201],
          [54.658463, 24.480948],
          [54.659159, 24.480657],
          [54.659672, 24.480428],
          [54.659945, 24.480306],
          [54.660822, 24.479904],
          [54.661302, 24.479652],
          [54.661977, 24.479269],
          [54.663093, 24.478664],
          [54.663354, 24.478507],
          [54.663612, 24.478347],
          [54.663869, 24.478184],
          [54.664123, 24.478018],
          [54.665372, 24.477157],
          [54.666956, 24.47604],
          [54.66696, 24.476037],
          [54.667974, 24.4753],
          [54.668268, 24.475059],
          [54.66855, 24.474807],
          [54.668847, 24.474544],
          [54.668971, 24.474418],
          [54.669099, 24.47428],
          [54.669229, 24.474136],
          [54.669348, 24.473995],
          [54.66947, 24.473846],
          [54.669588, 24.473692],
          [54.669805, 24.473393],
          [54.669912, 24.473236],
          [54.670022, 24.47307],
          [54.670109, 24.472935],
          [54.670196, 24.472788],
          [54.670296, 24.472616],
          [54.670377, 24.472469],
          [54.670466, 24.472292],
          [54.670514, 24.472197],
          [54.670565, 24.472093],
          [54.670654, 24.4719],
          [54.670739, 24.471711],
          [54.670836, 24.471495],
          [54.670995, 24.471134],
          [54.671246, 24.470571],
          [54.671438, 24.470141],
          [54.671713, 24.4695],
          [54.671928, 24.468932],
          [54.672463, 24.467757],
          [54.672628, 24.467386],
          [54.673003, 24.466531],
          [54.673017, 24.466491],
          [54.673056, 24.466406],
          [54.673122, 24.466271],
          [54.673181, 24.466156],
          [54.673301, 24.465905],
          [54.673404, 24.465735],
          [54.673544, 24.46553],
          [54.673627, 24.465423],
          [54.673733, 24.465301],
          [54.673856, 24.465161],
          [54.67399, 24.46505],
          [54.674133, 24.464948],
          [54.674255, 24.46486],
          [54.674384, 24.464781],
          [54.674519, 24.464711],
          [54.67466, 24.464649],
          [54.674864, 24.464561],
          [54.675205, 24.464458],
          [54.67535, 24.464423],
          [54.67554, 24.464386],
          [54.675733, 24.46436],
          [54.675926, 24.464347],
          [54.676121, 24.464345],
          [54.676398, 24.46436],
          [54.678289, 24.46455],
          [54.679326, 24.464664],
          [54.679443, 24.464671],
          [54.679682, 24.464672],
          [54.679821, 24.464669],
          [54.679963, 24.464657],
          [54.680147, 24.464633],
          [54.680223, 24.46462],
          [54.680295, 24.464604],
          [54.68045, 24.464558],
          [54.681378, 24.464234],
          [54.682482, 24.463842],
          [54.685583, 24.462727],
          [54.687185, 24.462173],
          [54.688815, 24.461603],
          [54.688896, 24.461574],
          [54.688974, 24.46154],
          [54.689047, 24.461498],
          [54.689115, 24.461449],
          [54.689176, 24.461393],
          [54.689231, 24.461332],
          [54.689276, 24.461267],
          [54.689297, 24.461206],
          [54.689328, 24.461148],
          [54.689368, 24.461096],
          [54.689416, 24.461049],
          [54.68947, 24.461009],
          [54.689531, 24.460976],
          [54.689596, 24.460952],
          [54.68962, 24.460936],
          [54.689664, 24.460937],
          [54.689734, 24.460931],
          [54.689805, 24.460935],
          [54.689873, 24.460948],
          [54.68994, 24.460969],
          [54.690005, 24.460998],
          [54.690058, 24.461038],
          [54.690108, 24.461083],
          [54.69015, 24.461134],
          [54.690204, 24.461169],
          [54.690261, 24.4612],
          [54.690321, 24.461227],
          [54.690396, 24.461251],
          [54.690473, 24.461269],
          [54.690551, 24.461279],
          [54.690631, 24.461282],
          [54.691507, 24.461256],
          [54.692684, 24.461263],
          [54.69548, 24.461223],
          [54.699495, 24.461174],
          [54.704828, 24.461111],
          [54.706325, 24.461074],
          [54.706399, 24.461072],
          [54.706472, 24.461061],
          [54.706544, 24.461044],
          [54.706604, 24.461022],
          [54.706662, 24.460995],
          [54.706718, 24.460963],
          [54.706763, 24.460894],
          [54.706822, 24.460834],
          [54.706892, 24.460784],
          [54.706971, 24.460747],
          [54.707025, 24.460687],
          [54.707073, 24.460623],
          [54.707113, 24.460555],
          [54.707147, 24.460484],
          [54.707172, 24.46041],
          [54.70719, 24.460335],
          [54.707389, 24.458954],
          [54.70758, 24.457678],
          [54.707733, 24.456772],
          [54.707755, 24.456641],
          [54.707775, 24.456502],
          [54.707924, 24.455498],
          [54.707974, 24.455185],
          [54.70801, 24.454949],
          [54.70856, 24.45157],
          [54.708649, 24.450993],
          [54.708776, 24.450128],
          [54.708996, 24.448739],
          [54.709076, 24.448226],
          [54.709593, 24.444873],
          [54.710111, 24.441507],
          [54.710353, 24.439942],
          [54.710414, 24.439546],
          [54.710485, 24.438838],
          [54.710506, 24.438712],
          [54.710523, 24.438581],
          [54.710569, 24.43825],
          [54.710656, 24.437714],
          [54.710776, 24.437114],
          [54.710834, 24.436811],
          [54.711145, 24.434801],
          [54.711259, 24.43415],
          [54.711583, 24.432056],
          [54.711979, 24.429411],
          [54.712108, 24.428651],
          [54.712198, 24.428028],
          [54.712297, 24.427343],
          [54.712436, 24.426501],
          [54.712444, 24.426331],
          [54.712408, 24.426221],
          [54.712341, 24.426116],
          [54.712258, 24.42606],
          [54.71219, 24.425991],
          [54.712102, 24.425937],
          [54.712011, 24.425887],
          [54.711917, 24.425842],
          [54.711821, 24.425802],
          [54.711722, 24.425767],
          [54.711621, 24.425736],
          [54.711519, 24.425711],
          [54.711415, 24.425691],
          [54.706764, 24.425096],
          [54.698361, 24.424044],
          [54.697173, 24.42389]
        ],
        "type": "LineString"
      },
      "properties": {
        "id": "yas-island--khalifa-city",
        "name": "Yas Island — Khalifa City",
        "from": "yas-island",
        "to": "khalifa-city",
        "corridorType": "motorway",
        "bidirectional": true,
        "distanceKm": 20.14,
        "freeFlowMinutes": 17.8,
        "capacityVehPerHour": 6500,
        "sourceClass": "derived",
        "geometrySource": "osm-osrm",
        "sourceClassByField": {
          "geometry": "derived",
          "distanceKm": "derived",
          "freeFlowMinutes": "derived",
          "corridorType": "synthetic",
          "capacityVehPerHour": "synthetic"
        },
        "fallbackReason": null
      }
    },
    {
      "type": "Feature",
      "id": "khalifa-city--mbz-zayed-city",
      "geometry": {
        "coordinates": [
          [54.697173, 24.42389],
          [54.696365, 24.423786],
          [54.696271, 24.423782],
          [54.696176, 24.423786],
          [54.696083, 24.423799],
          [54.695991, 24.423821],
          [54.695903, 24.423853],
          [54.695846, 24.423905],
          [54.695779, 24.423947],
          [54.695706, 24.423978],
          [54.695612, 24.423999],
          [54.695515, 24.424003],
          [54.695419, 24.423988],
          [54.695329, 24.423956],
          [54.695248, 24.423908],
          [54.695164, 24.423828],
          [54.695106, 24.423732],
          [54.695076, 24.423623],
          [54.695078, 24.423513],
          [54.695111, 24.423406],
          [54.695173, 24.423311],
          [54.695259, 24.423233],
          [54.695357, 24.423181],
          [54.695465, 24.423152],
          [54.695578, 24.423147],
          [54.695689, 24.423166],
          [54.695792, 24.423209],
          [54.695881, 24.423274],
          [54.695934, 24.423332],
          [54.695975, 24.423398],
          [54.696025, 24.423441],
          [54.696079, 24.423479],
          [54.696138, 24.423512],
          [54.6962, 24.423539],
          [54.696265, 24.42356],
          [54.696331, 24.423576],
          [54.696399, 24.423587],
          [54.699923, 24.424012],
          [54.700231, 24.424059],
          [54.70086, 24.424133],
          [54.701107, 24.424166],
          [54.702726, 24.42438],
          [54.703122, 24.424432],
          [54.703874, 24.424529],
          [54.707229, 24.424953],
          [54.708331, 24.425091],
          [54.708601, 24.425123],
          [54.711219, 24.425476],
          [54.711932, 24.425554],
          [54.711979, 24.425557],
          [54.712026, 24.425555],
          [54.712072, 24.425547],
          [54.712123, 24.42553],
          [54.712169, 24.425505],
          [54.71221, 24.425473],
          [54.712323, 24.425379],
          [54.712454, 24.425259],
          [54.712526, 24.425157],
          [54.712591, 24.425041],
          [54.712642, 24.424907],
          [54.712672, 24.424752],
          [54.712788, 24.424173],
          [54.712892, 24.42358],
          [54.712908, 24.423479],
          [54.713138, 24.422293],
          [54.713206, 24.421954],
          [54.713247, 24.421688],
          [54.713273, 24.421272],
          [54.713284, 24.420577],
          [54.713298, 24.420339],
          [54.7133, 24.420151],
          [54.713264, 24.41961],
          [54.71318, 24.419255],
          [54.71302, 24.418716],
          [54.712761, 24.41813],
          [54.712384, 24.417563],
          [54.71199, 24.417037],
          [54.711523, 24.416567],
          [54.710992, 24.416157],
          [54.710601, 24.415909],
          [54.710151, 24.415622],
          [54.709507, 24.415248],
          [54.708933, 24.414903],
          [54.708552, 24.414683],
          [54.708025, 24.414404],
          [54.707556, 24.414199],
          [54.707099, 24.414047],
          [54.706702, 24.41393],
          [54.706212, 24.413814],
          [54.705807, 24.413739],
          [54.70533, 24.413637],
          [54.704905, 24.413554],
          [54.704427, 24.413469],
          [54.704013, 24.413418],
          [54.703211, 24.413295],
          [54.702917, 24.413179],
          [54.698401, 24.41258],
          [54.694011, 24.411997],
          [54.6932, 24.411889],
          [54.690148, 24.411487],
          [54.681978, 24.410409],
          [54.6808, 24.410277],
          [54.679025, 24.41011],
          [54.677319, 24.409947],
          [54.675633, 24.409823],
          [54.674121, 24.409744],
          [54.6722, 24.409667],
          [54.671491, 24.409632],
          [54.670801, 24.409612],
          [54.669497, 24.409595],
          [54.668182, 24.409592],
          [54.666113, 24.409622],
          [54.665444, 24.409641],
          [54.664755, 24.409669],
          [54.6597, 24.409871],
          [54.650443, 24.410264],
          [54.64929, 24.410308],
          [54.648054, 24.41036],
          [54.646635, 24.410416],
          [54.644987, 24.410484],
          [54.643495, 24.410539],
          [54.642492, 24.410581],
          [54.640432, 24.410667],
          [54.639767, 24.410706],
          [54.639221, 24.410748],
          [54.638684, 24.410798],
          [54.638096, 24.410869],
          [54.637456, 24.410965],
          [54.636759, 24.411093],
          [54.636052, 24.411248],
          [54.635612, 24.411347],
          [54.635029, 24.411495],
          [54.634368, 24.411669],
          [54.633855, 24.411815],
          [54.633129, 24.412035],
          [54.632165, 24.412339],
          [54.629224, 24.413289],
          [54.628405, 24.413491],
          [54.628122, 24.413548],
          [54.62783, 24.413591],
          [54.627413, 24.413634],
          [54.627017, 24.413646],
          [54.626542, 24.413631],
          [54.626202, 24.413599],
          [54.625841, 24.413543],
          [54.625476, 24.413465],
          [54.625102, 24.413358],
          [54.624775, 24.413237],
          [54.624448, 24.413101],
          [54.624077, 24.412923],
          [54.623679, 24.412694],
          [54.62338, 24.4125],
          [54.623079, 24.41227],
          [54.622862, 24.412077],
          [54.622642, 24.411863],
          [54.622426, 24.411633],
          [54.622225, 24.411392],
          [54.622017, 24.411127],
          [54.621838, 24.410874],
          [54.62169, 24.410656],
          [54.621562, 24.410454],
          [54.621372, 24.410151],
          [54.621037, 24.409621],
          [54.620631, 24.409065],
          [54.620453, 24.408812],
          [54.620249, 24.408529],
          [54.620031, 24.408248],
          [54.619803, 24.407998],
          [54.619566, 24.407774],
          [54.619424, 24.407642],
          [54.619329, 24.407554],
          [54.619075, 24.407354],
          [54.618813, 24.407167],
          [54.618587, 24.407023],
          [54.618274, 24.40685],
          [54.617962, 24.406694],
          [54.617729, 24.406592],
          [54.617506, 24.406499],
          [54.617291, 24.40643],
          [54.616898, 24.406318],
          [54.61559, 24.405976],
          [54.61286, 24.405414],
          [54.610513, 24.404948],
          [54.609287, 24.404705],
          [54.606891, 24.404228],
          [54.604883, 24.403829],
          [54.603831, 24.40362],
          [54.603147, 24.403484],
          [54.596877, 24.402238],
          [54.592971, 24.401516],
          [54.587541, 24.400431],
          [54.586881, 24.400299],
          [54.584699, 24.399878],
          [54.58321, 24.399579],
          [54.581786, 24.399298],
          [54.579959, 24.398917],
          [54.578195, 24.398562],
          [54.574598, 24.39785],
          [54.573835, 24.397694],
          [54.572952, 24.397518],
          [54.572725, 24.397473],
          [54.567303, 24.396419],
          [54.563218, 24.395604],
          [54.560156, 24.394929],
          [54.559863, 24.394871],
          [54.559575, 24.394813],
          [54.558534, 24.394606],
          [54.556709, 24.394225],
          [54.555971, 24.394082],
          [54.555695, 24.394028],
          [54.554047, 24.393708],
          [54.550048, 24.392923],
          [54.548562, 24.392626],
          [54.547463, 24.392409],
          [54.545923, 24.392086],
          [54.54195, 24.39125],
          [54.539046, 24.390709],
          [54.537812, 24.390477],
          [54.536819, 24.390448],
          [54.536543, 24.390445],
          [54.536218, 24.39044],
          [54.535928, 24.390477],
          [54.535649, 24.390597],
          [54.53544, 24.390731],
          [54.535236, 24.390978],
          [54.535172, 24.391259],
          [54.535183, 24.391576],
          [54.535336, 24.391867],
          [54.535545, 24.39207],
          [54.53592, 24.392263],
          [54.536213, 24.39229],
          [54.536473, 24.39225],
          [54.536714, 24.392158],
          [54.53688, 24.392043],
          [54.538186, 24.390771],
          [54.539889, 24.388832],
          [54.543157, 24.385181],
          [54.547751, 24.380034],
          [54.550048, 24.377463],
          [54.551666, 24.375666],
          [54.552344, 24.374899],
          [54.554468, 24.372507],
          [54.556677, 24.370041],
          [54.559722, 24.366629],
          [54.562762, 24.36322],
          [54.562999, 24.362953],
          [54.563235, 24.362672],
          [54.563577, 24.362236],
          [54.563919, 24.361769],
          [54.564296, 24.3612],
          [54.564607, 24.36069],
          [54.564803, 24.360348],
          [54.564924, 24.360124],
          [54.565211, 24.359573],
          [54.565946, 24.358166],
          [54.566638, 24.356836],
          [54.566951, 24.35623],
          [54.56701, 24.355984],
          [54.567047, 24.355857],
          [54.567105, 24.355715],
          [54.567265, 24.355345],
          [54.567415, 24.354981],
          [54.567545, 24.354652],
          [54.567673, 24.354304],
          [54.567728, 24.35414],
          [54.567782, 24.353978],
          [54.567851, 24.353771],
          [54.567984, 24.35333],
          [54.568104, 24.35289],
          [54.568176, 24.352589],
          [54.568229, 24.352287],
          [54.568251, 24.351989],
          [54.568246, 24.351736],
          [54.568216, 24.35152],
          [54.568166, 24.351301],
          [54.568073, 24.351028],
          [54.567938, 24.350766],
          [54.567792, 24.350546],
          [54.567679, 24.350399],
          [54.567596, 24.350232],
          [54.56754, 24.350169],
          [54.567484, 24.350105],
          [54.567421, 24.350047],
          [54.567353, 24.349994],
          [54.567279, 24.349947],
          [54.567199, 24.349906],
          [54.567115, 24.349872],
          [54.567028, 24.349845],
          [54.566939, 24.349827],
          [54.566847, 24.349816],
          [54.566571, 24.350023],
          [54.566517, 24.350056],
          [54.566458, 24.350082],
          [54.566395, 24.350099],
          [54.566331, 24.350107],
          [54.566274, 24.350107],
          [54.566218, 24.350101],
          [54.566164, 24.350088],
          [54.566088, 24.350051],
          [54.566042, 24.350018],
          [54.565994, 24.349981],
          [54.565942, 24.349931],
          [54.565895, 24.349878],
          [54.565852, 24.349822],
          [54.565816, 24.349763],
          [54.56575, 24.349654],
          [54.565689, 24.349542],
          [54.565643, 24.349452],
          [54.565601, 24.34936],
          [54.565381, 24.348818],
          [54.565355, 24.348742],
          [54.565337, 24.348665],
          [54.565327, 24.348586],
          [54.565325, 24.348515],
          [54.56533, 24.348443],
          [54.565341, 24.348372],
          [54.565358, 24.348303],
          [54.565433, 24.34815],
          [54.565468, 24.348092],
          [54.565511, 24.348039],
          [54.565559, 24.34799],
          [54.565614, 24.347947],
          [54.565673, 24.347909],
          [54.565739, 24.347878],
          [54.565808, 24.347853],
          [54.56588, 24.347836],
          [54.565954, 24.347827],
          [54.566445, 24.347858],
          [54.566526, 24.347876],
          [54.566604, 24.347902],
          [54.56668, 24.347935],
          [54.566751, 24.347975],
          [54.566817, 24.348022],
          [54.56688, 24.348076],
          [54.566936, 24.348135],
          [54.566984, 24.3482],
          [54.567025, 24.348269],
          [54.567057, 24.348342],
          [54.56733, 24.349159],
          [54.567344, 24.349214],
          [54.567348, 24.349269],
          [54.567343, 24.349325],
          [54.567363, 24.349426],
          [54.567391, 24.349526],
          [54.567428, 24.349623],
          [54.567465, 24.349704],
          [54.567509, 24.349782],
          [54.567558, 24.349857],
          [54.569134, 24.351739],
          [54.569682, 24.352375],
          [54.570154, 24.3529],
          [54.570238, 24.352989],
          [54.570335, 24.353066],
          [54.570441, 24.353132],
          [54.570557, 24.353184],
          [54.57068, 24.353229],
          [54.570837, 24.353204],
          [54.570997, 24.353209],
          [54.571152, 24.353245],
          [54.571299, 24.353313],
          [54.571429, 24.35341],
          [54.571532, 24.353532],
          [54.571603, 24.353671],
          [54.571633, 24.353783],
          [54.571642, 24.353898],
          [54.571629, 24.354013],
          [54.571596, 24.354124],
          [54.571543, 24.354228],
          [54.571472, 24.354322],
          [54.571385, 24.354405],
          [54.571284, 24.354473],
          [54.571311, 24.354583],
          [54.571333, 24.354653],
          [54.57139, 24.354802],
          [54.571441, 24.354907],
          [54.571515, 24.355041],
          [54.571649, 24.355308],
          [54.571695, 24.355395],
          [54.571745, 24.355479],
          [54.5718, 24.355561],
          [54.572096, 24.356005],
          [54.572135, 24.356019],
          [54.572171, 24.35604],
          [54.572201, 24.356066],
          [54.572223, 24.356098],
          [54.572326, 24.356239],
          [54.57235, 24.356263],
          [54.572381, 24.356281],
          [54.572415, 24.356291],
          [54.572451, 24.356293],
          [54.572487, 24.356288],
          [54.57252, 24.356274],
          [54.572548, 24.356253],
          [54.572677, 24.356143],
          [54.572812, 24.356023],
          [54.573088, 24.355764],
          [54.573235, 24.355636],
          [54.573326, 24.355562],
          [54.573395, 24.355506],
          [54.573492, 24.355418],
          [54.5736, 24.35531],
          [54.573609, 24.355292],
          [54.573674, 24.35521],
          [54.573769, 24.355046],
          [54.573816, 24.354924],
          [54.57385, 24.354823],
          [54.573883, 24.354594],
          [54.573887, 24.353913],
          [54.573889, 24.353516],
          [54.573893, 24.352513],
          [54.573895, 24.352028],
          [54.5739, 24.351154],
          [54.573889, 24.351058],
          [54.573859, 24.350965],
          [54.573775, 24.350855],
          [54.573696, 24.350794],
          [54.57364, 24.350716],
          [54.57361, 24.350626],
          [54.57361, 24.350532],
          [54.573639, 24.350442],
          [54.573695, 24.350364],
          [54.573774, 24.350303],
          [54.573845, 24.350272],
          [54.573922, 24.350255],
          [54.574001, 24.350255],
          [54.574078, 24.35027],
          [54.57415, 24.350301],
          [54.574227, 24.350359],
          [54.574284, 24.350435],
          [54.574315, 24.350522],
          [54.574319, 24.350614],
          [54.574302, 24.350682],
          [54.57427, 24.350746],
          [54.574224, 24.350802],
          [54.574166, 24.350847],
          [54.574132, 24.350866],
          [54.574075, 24.350967],
          [54.574038, 24.351072],
          [54.574022, 24.35117],
          [54.574022, 24.351287],
          [54.574015, 24.352532],
          [54.574013, 24.352754],
          [54.574012, 24.353059],
          [54.574025, 24.354578],
          [54.574018, 24.354691],
          [54.573997, 24.354812],
          [54.573942, 24.354974]
        ],
        "type": "LineString"
      },
      "properties": {
        "id": "khalifa-city--mbz-zayed-city",
        "name": "Khalifa City — Mohamed Bin Zayed / Zayed City",
        "from": "khalifa-city",
        "to": "mbz-zayed-city",
        "corridorType": "motorway",
        "bidirectional": true,
        "distanceKm": 30.76,
        "freeFlowMinutes": 26,
        "capacityVehPerHour": 6500,
        "sourceClass": "derived",
        "geometrySource": "osm-osrm",
        "sourceClassByField": {
          "geometry": "derived",
          "distanceKm": "derived",
          "freeFlowMinutes": "derived",
          "corridorType": "synthetic",
          "capacityVehPerHour": "synthetic"
        },
        "fallbackReason": null
      }
    },
    {
      "type": "Feature",
      "id": "khalifa-city--musaffah",
      "geometry": {
        "coordinates": [
          [54.697173, 24.42389],
          [54.696365, 24.423786],
          [54.696271, 24.423782],
          [54.696176, 24.423786],
          [54.696083, 24.423799],
          [54.695991, 24.423821],
          [54.695903, 24.423853],
          [54.695846, 24.423905],
          [54.695779, 24.423947],
          [54.695706, 24.423978],
          [54.695612, 24.423999],
          [54.695515, 24.424003],
          [54.695419, 24.423988],
          [54.695329, 24.423956],
          [54.695248, 24.423908],
          [54.695164, 24.423828],
          [54.695106, 24.423732],
          [54.695076, 24.423623],
          [54.695078, 24.423513],
          [54.695111, 24.423406],
          [54.695173, 24.423311],
          [54.695259, 24.423233],
          [54.695357, 24.423181],
          [54.695465, 24.423152],
          [54.695578, 24.423147],
          [54.695689, 24.423166],
          [54.695792, 24.423209],
          [54.695881, 24.423274],
          [54.695934, 24.423332],
          [54.695975, 24.423398],
          [54.696025, 24.423441],
          [54.696079, 24.423479],
          [54.696138, 24.423512],
          [54.6962, 24.423539],
          [54.696265, 24.42356],
          [54.696331, 24.423576],
          [54.696399, 24.423587],
          [54.699923, 24.424012],
          [54.700231, 24.424059],
          [54.70086, 24.424133],
          [54.701107, 24.424166],
          [54.702726, 24.42438],
          [54.703122, 24.424432],
          [54.703874, 24.424529],
          [54.707229, 24.424953],
          [54.708331, 24.425091],
          [54.708601, 24.425123],
          [54.711219, 24.425476],
          [54.711932, 24.425554],
          [54.711979, 24.425557],
          [54.712026, 24.425555],
          [54.712072, 24.425547],
          [54.712123, 24.42553],
          [54.712169, 24.425505],
          [54.71221, 24.425473],
          [54.712323, 24.425379],
          [54.712454, 24.425259],
          [54.712526, 24.425157],
          [54.712591, 24.425041],
          [54.712642, 24.424907],
          [54.712672, 24.424752],
          [54.712788, 24.424173],
          [54.712892, 24.42358],
          [54.712908, 24.423479],
          [54.713138, 24.422293],
          [54.713206, 24.421954],
          [54.713247, 24.421688],
          [54.713273, 24.421272],
          [54.713284, 24.420577],
          [54.713298, 24.420339],
          [54.7133, 24.420151],
          [54.713264, 24.41961],
          [54.71318, 24.419255],
          [54.71302, 24.418716],
          [54.712761, 24.41813],
          [54.712384, 24.417563],
          [54.71199, 24.417037],
          [54.711523, 24.416567],
          [54.710992, 24.416157],
          [54.710601, 24.415909],
          [54.710151, 24.415622],
          [54.709507, 24.415248],
          [54.708933, 24.414903],
          [54.708552, 24.414683],
          [54.708025, 24.414404],
          [54.707556, 24.414199],
          [54.707099, 24.414047],
          [54.706702, 24.41393],
          [54.706212, 24.413814],
          [54.705807, 24.413739],
          [54.70533, 24.413637],
          [54.704905, 24.413554],
          [54.704427, 24.413469],
          [54.704013, 24.413418],
          [54.703211, 24.413295],
          [54.702917, 24.413179],
          [54.698401, 24.41258],
          [54.694011, 24.411997],
          [54.6932, 24.411889],
          [54.690148, 24.411487],
          [54.681978, 24.410409],
          [54.6808, 24.410277],
          [54.679025, 24.41011],
          [54.677319, 24.409947],
          [54.675633, 24.409823],
          [54.674121, 24.409744],
          [54.6722, 24.409667],
          [54.671491, 24.409632],
          [54.670801, 24.409612],
          [54.669497, 24.409595],
          [54.668182, 24.409592],
          [54.666113, 24.409622],
          [54.665444, 24.409641],
          [54.664755, 24.409669],
          [54.6597, 24.409871],
          [54.650443, 24.410264],
          [54.64929, 24.410308],
          [54.648054, 24.41036],
          [54.646635, 24.410416],
          [54.644987, 24.410484],
          [54.643495, 24.410539],
          [54.642492, 24.410581],
          [54.640432, 24.410667],
          [54.639767, 24.410706],
          [54.639221, 24.410748],
          [54.638684, 24.410798],
          [54.638096, 24.410869],
          [54.637456, 24.410965],
          [54.636759, 24.411093],
          [54.636052, 24.411248],
          [54.635612, 24.411347],
          [54.635029, 24.411495],
          [54.634368, 24.411669],
          [54.633855, 24.411815],
          [54.633129, 24.412035],
          [54.632165, 24.412339],
          [54.629224, 24.413289],
          [54.628405, 24.413491],
          [54.628122, 24.413548],
          [54.62783, 24.413591],
          [54.627413, 24.413634],
          [54.627017, 24.413646],
          [54.626542, 24.413631],
          [54.626202, 24.413599],
          [54.625841, 24.413543],
          [54.625476, 24.413465],
          [54.625102, 24.413358],
          [54.624775, 24.413237],
          [54.624448, 24.413101],
          [54.624077, 24.412923],
          [54.623679, 24.412694],
          [54.62338, 24.4125],
          [54.623079, 24.41227],
          [54.622862, 24.412077],
          [54.622642, 24.411863],
          [54.622426, 24.411633],
          [54.622225, 24.411392],
          [54.622017, 24.411127],
          [54.621838, 24.410874],
          [54.62169, 24.410656],
          [54.621562, 24.410454],
          [54.621372, 24.410151],
          [54.621037, 24.409621],
          [54.620631, 24.409065],
          [54.620453, 24.408812],
          [54.620249, 24.408529],
          [54.620031, 24.408248],
          [54.619803, 24.407998],
          [54.619566, 24.407774],
          [54.619424, 24.407642],
          [54.619329, 24.407554],
          [54.619075, 24.407354],
          [54.618813, 24.407167],
          [54.618587, 24.407023],
          [54.618274, 24.40685],
          [54.617962, 24.406694],
          [54.617729, 24.406592],
          [54.617506, 24.406499],
          [54.617291, 24.40643],
          [54.616898, 24.406318],
          [54.61559, 24.405976],
          [54.61286, 24.405414],
          [54.610513, 24.404948],
          [54.609287, 24.404705],
          [54.606891, 24.404228],
          [54.604883, 24.403829],
          [54.603831, 24.40362],
          [54.603147, 24.403484],
          [54.596877, 24.402238],
          [54.592971, 24.401516],
          [54.587541, 24.400431],
          [54.586881, 24.400299],
          [54.584699, 24.399878],
          [54.58321, 24.399579],
          [54.581786, 24.399298],
          [54.579959, 24.398917],
          [54.578195, 24.398562],
          [54.574598, 24.39785],
          [54.573835, 24.397694],
          [54.572952, 24.397518],
          [54.572725, 24.397473],
          [54.567303, 24.396419],
          [54.563218, 24.395604],
          [54.560156, 24.394929],
          [54.559863, 24.394871],
          [54.559575, 24.394813],
          [54.558534, 24.394606],
          [54.556709, 24.394225],
          [54.555971, 24.394082],
          [54.555695, 24.394028],
          [54.554047, 24.393708],
          [54.550048, 24.392923],
          [54.548562, 24.392626],
          [54.547463, 24.392409],
          [54.545923, 24.392086],
          [54.54195, 24.39125],
          [54.539046, 24.390709],
          [54.537812, 24.390477],
          [54.537104, 24.390374],
          [54.536479, 24.390302],
          [54.535399, 24.390274],
          [54.535045, 24.390292],
          [54.534575, 24.390369],
          [54.533952, 24.39049],
          [54.533379, 24.390724],
          [54.532528, 24.391222],
          [54.532171, 24.391406],
          [54.531845, 24.391526],
          [54.531315, 24.391668],
          [54.530708, 24.391744],
          [54.529676, 24.391827],
          [54.528804, 24.391973],
          [54.528055, 24.392112],
          [54.527474, 24.392272],
          [54.526931, 24.392529],
          [54.52665, 24.392711],
          [54.526369, 24.392917],
          [54.525955, 24.393281],
          [54.525362, 24.393935],
          [54.525037, 24.394201],
          [54.524798, 24.394351],
          [54.524553, 24.394449],
          [54.52427, 24.394524],
          [54.524058, 24.394556],
          [54.523838, 24.39456],
          [54.523604, 24.394534],
          [54.523381, 24.394493],
          [54.523141, 24.394403],
          [54.522987, 24.394322],
          [54.522797, 24.394203],
          [54.522624, 24.394056],
          [54.522415, 24.393821],
          [54.52229, 24.393628],
          [54.522184, 24.393405],
          [54.522125, 24.393131],
          [54.522109, 24.392862],
          [54.522128, 24.392659],
          [54.522177, 24.392404],
          [54.522267, 24.3922],
          [54.523132, 24.390752],
          [54.523424, 24.390144],
          [54.523565, 24.389666],
          [54.52366, 24.389344],
          [54.523741, 24.388941],
          [54.523794, 24.388662],
          [54.523857, 24.388108],
          [54.523965, 24.38705],
          [54.524068, 24.386485],
          [54.524198, 24.384391],
          [54.524268, 24.382319],
          [54.524372, 24.378831],
          [54.524582, 24.373867],
          [54.524611, 24.373395],
          [54.524905, 24.36847],
          [54.525124, 24.363846],
          [54.525149, 24.363324],
          [54.525247, 24.36125],
          [54.525184, 24.36122],
          [54.525134, 24.361179],
          [54.525115, 24.361131],
          [54.525092, 24.360618],
          [54.525075, 24.360542],
          [54.525046, 24.360475],
          [54.525013, 24.360426],
          [54.524944, 24.360368],
          [54.524862, 24.360328],
          [54.52482, 24.360315],
          [54.524771, 24.360309],
          [54.524674, 24.360299],
          [54.524275, 24.360283],
          [54.523427, 24.360225],
          [54.523247, 24.360212],
          [54.521876, 24.360191],
          [54.520706, 24.360148],
          [54.519878, 24.360117],
          [54.518623, 24.36007],
          [54.517145, 24.36],
          [54.517024, 24.36002],
          [54.516853, 24.360084],
          [54.516787, 24.360141],
          [54.516708, 24.360181],
          [54.51662, 24.360203],
          [54.516529, 24.360204],
          [54.51644, 24.360186],
          [54.516359, 24.360148],
          [54.516294, 24.360097],
          [54.516244, 24.360034],
          [54.516114, 24.359974],
          [54.516022, 24.359954],
          [54.515835, 24.359938],
          [54.512471, 24.359814],
          [54.512276, 24.359807],
          [54.512196, 24.359812],
          [54.512109, 24.359811],
          [54.511949, 24.359828],
          [54.511905, 24.359883],
          [54.511835, 24.359936],
          [54.511753, 24.359972],
          [54.511663, 24.359986],
          [54.511572, 24.35998],
          [54.511486, 24.359952],
          [54.511411, 24.359904],
          [54.511348, 24.359834],
          [54.511317, 24.359776],
          [54.5113, 24.359712],
          [54.511297, 24.359647],
          [54.511309, 24.359583],
          [54.511336, 24.359522],
          [54.511375, 24.359467],
          [54.511425, 24.359421],
          [54.511486, 24.359346],
          [54.511558, 24.359229],
          [54.511601, 24.359096],
          [54.511625, 24.35896],
          [54.511781, 24.355864],
          [54.51178, 24.355808],
          [54.511776, 24.355746],
          [54.511766, 24.355685],
          [54.51175, 24.355625],
          [54.511648, 24.355484],
          [54.5116, 24.355437],
          [54.511563, 24.355383],
          [54.511414, 24.355293],
          [54.511385, 24.355284],
          [54.511332, 24.355271],
          [54.511224, 24.355252],
          [54.510822, 24.355226],
          [54.510583, 24.355217],
          [54.503291, 24.354915],
          [54.503074, 24.354906],
          [54.502537, 24.354884],
          [54.502482, 24.354893],
          [54.50241, 24.354911],
          [54.502257, 24.354966],
          [54.502207, 24.355013],
          [54.502146, 24.355047],
          [54.502069, 24.355067],
          [54.501989, 24.355068],
          [54.501911, 24.355049],
          [54.501842, 24.355012],
          [54.501803, 24.354977],
          [54.501771, 24.354936],
          [54.501742, 24.35487],
          [54.501733, 24.3548],
          [54.501745, 24.35473],
          [54.501776, 24.354665],
          [54.50184, 24.354598],
          [54.501933, 24.354436],
          [54.50194, 24.354337],
          [54.501976, 24.354067],
          [54.502129, 24.350883],
          [54.502152, 24.35055],
          [54.502103, 24.350489],
          [54.502047, 24.350434],
          [54.501982, 24.350387],
          [54.501714, 24.350376],
          [54.500656, 24.350329],
          [54.499986, 24.350303]
        ],
        "type": "LineString"
      },
      "properties": {
        "id": "khalifa-city--musaffah",
        "name": "Khalifa City — Musaffah",
        "from": "khalifa-city",
        "to": "musaffah",
        "corridorType": "motorway",
        "bidirectional": true,
        "distanceKm": 30.56,
        "freeFlowMinutes": 25.2,
        "capacityVehPerHour": 6500,
        "sourceClass": "derived",
        "geometrySource": "osm-osrm",
        "sourceClassByField": {
          "geometry": "derived",
          "distanceKm": "derived",
          "freeFlowMinutes": "derived",
          "corridorType": "synthetic",
          "capacityVehPerHour": "synthetic"
        },
        "fallbackReason": null
      }
    },
    {
      "type": "Feature",
      "id": "mbz-zayed-city--musaffah",
      "geometry": {
        "coordinates": [
          [54.573942, 24.354974],
          [54.573942, 24.354974],
          [54.573905, 24.355069],
          [54.573823, 24.355211],
          [54.573766, 24.355281],
          [54.573678, 24.355383],
          [54.573564, 24.355489],
          [54.573387, 24.355638],
          [54.573211, 24.355788],
          [54.573106, 24.355878],
          [54.572863, 24.356087],
          [54.572727, 24.356203],
          [54.572557, 24.356342],
          [54.572531, 24.356368],
          [54.572512, 24.356399],
          [54.572503, 24.356433],
          [54.572502, 24.356468],
          [54.572508, 24.356495],
          [54.57252, 24.35652],
          [54.572622, 24.356675],
          [54.572648, 24.356715],
          [54.572666, 24.356759],
          [54.572673, 24.356793],
          [54.572676, 24.356828],
          [54.572674, 24.356863],
          [54.57316, 24.357567],
          [54.57331, 24.357783],
          [54.573364, 24.357862],
          [54.57339, 24.357898],
          [54.57342, 24.357931],
          [54.573453, 24.357961],
          [54.57349, 24.357988],
          [54.573529, 24.358012],
          [54.57357, 24.358031],
          [54.57362, 24.35803],
          [54.573669, 24.358037],
          [54.573716, 24.358053],
          [54.573757, 24.358076],
          [54.573793, 24.358106],
          [54.573822, 24.358141],
          [54.573842, 24.358178],
          [54.573855, 24.358219],
          [54.57386, 24.358261],
          [54.573856, 24.358303],
          [54.573844, 24.358344],
          [54.573829, 24.358373],
          [54.573811, 24.3584],
          [54.573788, 24.358425],
          [54.573762, 24.358446],
          [54.573719, 24.358471],
          [54.573672, 24.358488],
          [54.573623, 24.358496],
          [54.573572, 24.358495],
          [54.573523, 24.358484],
          [54.573477, 24.358466],
          [54.573436, 24.358439],
          [54.573401, 24.358406],
          [54.573374, 24.358367],
          [54.573356, 24.358324],
          [54.573348, 24.358279],
          [54.573349, 24.358233],
          [54.573361, 24.358188],
          [54.573381, 24.358146],
          [54.573354, 24.358078],
          [54.573317, 24.35801],
          [54.573274, 24.357945],
          [54.57309, 24.357673],
          [54.572703, 24.357104],
          [54.572354, 24.356593],
          [54.572047, 24.356148],
          [54.571665, 24.355591],
          [54.571606, 24.355505],
          [54.571553, 24.355417],
          [54.571503, 24.355317],
          [54.571455, 24.355216],
          [54.571403, 24.355108],
          [54.571354, 24.355013],
          [54.571279, 24.354899],
          [54.571159, 24.354744],
          [54.571125, 24.354707],
          [54.571087, 24.354674],
          [54.57104, 24.354642],
          [54.570989, 24.354614],
          [54.570935, 24.354593],
          [54.570878, 24.354575],
          [54.570728, 24.354559],
          [54.570584, 24.354516],
          [54.570453, 24.354449],
          [54.570334, 24.354353],
          [54.570239, 24.354236],
          [54.570173, 24.354104],
          [54.570139, 24.353962],
          [54.570139, 24.353817],
          [54.570172, 24.353675],
          [54.570166, 24.353531],
          [54.570148, 24.353392],
          [54.570109, 24.353256],
          [54.570049, 24.353126],
          [54.569971, 24.353006],
          [54.569531, 24.352482],
          [54.568995, 24.351818],
          [54.567596, 24.350232],
          [54.56754, 24.350169],
          [54.567484, 24.350105],
          [54.567421, 24.350047],
          [54.567353, 24.349994],
          [54.567279, 24.349947],
          [54.567199, 24.349906],
          [54.567115, 24.349872],
          [54.567028, 24.349845],
          [54.566939, 24.349827],
          [54.566847, 24.349816],
          [54.566571, 24.350023],
          [54.566517, 24.350056],
          [54.566458, 24.350082],
          [54.566395, 24.350099],
          [54.566331, 24.350107],
          [54.566274, 24.350107],
          [54.566218, 24.350101],
          [54.566164, 24.350088],
          [54.566088, 24.350051],
          [54.566042, 24.350018],
          [54.565994, 24.349981],
          [54.565942, 24.349931],
          [54.565895, 24.349878],
          [54.565852, 24.349822],
          [54.565816, 24.349763],
          [54.56575, 24.349654],
          [54.565689, 24.349542],
          [54.565643, 24.349452],
          [54.565601, 24.34936],
          [54.565381, 24.348818],
          [54.565355, 24.348742],
          [54.565337, 24.348665],
          [54.565327, 24.348586],
          [54.565289, 24.348521],
          [54.565246, 24.348457],
          [54.565199, 24.348397],
          [54.565139, 24.348341],
          [54.565073, 24.348294],
          [54.565, 24.348254],
          [54.564922, 24.348223],
          [54.564841, 24.348201],
          [54.564757, 24.348189],
          [54.561186, 24.348031],
          [54.560249, 24.34799],
          [54.560107, 24.347979],
          [54.559965, 24.347978],
          [54.559823, 24.347986],
          [54.559716, 24.347999],
          [54.559609, 24.348017],
          [54.55933, 24.348088],
          [54.559237, 24.348103],
          [54.559142, 24.348111],
          [54.559036, 24.348114],
          [54.55893, 24.348109],
          [54.558409, 24.348086],
          [54.557511, 24.348047],
          [54.557174, 24.348032],
          [54.555759, 24.347974],
          [54.55389, 24.347899],
          [54.553517, 24.34788],
          [54.553433, 24.347876],
          [54.55328, 24.347868],
          [54.553161, 24.347863],
          [54.552816, 24.34785],
          [54.547217, 24.347638],
          [54.546922, 24.347626],
          [54.543128, 24.347473],
          [54.542729, 24.347455],
          [54.542607, 24.347449],
          [54.542457, 24.347442],
          [54.542359, 24.347437],
          [54.542197, 24.34743],
          [54.541179, 24.347401],
          [54.54014, 24.347451],
          [54.539655, 24.347442],
          [54.538245, 24.34737],
          [54.537853, 24.347354],
          [54.537733, 24.34735],
          [54.537579, 24.34735],
          [54.537427, 24.34735],
          [54.537203, 24.347349],
          [54.530905, 24.347055],
          [54.529015, 24.346967],
          [54.528798, 24.346959],
          [54.527806, 24.346939],
          [54.52771, 24.346937],
          [54.525566, 24.34685],
          [54.525432, 24.346844],
          [54.521513, 24.346648],
          [54.518651, 24.346533],
          [54.517542, 24.346501],
          [54.516909, 24.346473],
          [54.515761, 24.346418],
          [54.5156, 24.346411],
          [54.514532, 24.346369],
          [54.514183, 24.346355],
          [54.513329, 24.346319],
          [54.513147, 24.346311],
          [54.512941, 24.346305],
          [54.512809, 24.346314],
          [54.512617, 24.346363],
          [54.512585, 24.346407],
          [54.512545, 24.346446],
          [54.512498, 24.346478],
          [54.512427, 24.346509],
          [54.512351, 24.346525],
          [54.512272, 24.346525],
          [54.512195, 24.346509],
          [54.512124, 24.346478],
          [54.512063, 24.346433],
          [54.512014, 24.346376],
          [54.511781, 24.346278],
          [54.511542, 24.346229],
          [54.511143, 24.346213],
          [54.510038, 24.346177],
          [54.508622, 24.34612],
          [54.503759, 24.345923],
          [54.503549, 24.345914],
          [54.503324, 24.345901],
          [54.503069, 24.345902],
          [54.502816, 24.345951],
          [54.502774, 24.346013],
          [54.502719, 24.346065],
          [54.502653, 24.346105],
          [54.502569, 24.346134],
          [54.502481, 24.346145],
          [54.502392, 24.346136],
          [54.502308, 24.346108],
          [54.502233, 24.346064],
          [54.502197, 24.346031],
          [54.502165, 24.345995],
          [54.501895, 24.345862],
          [54.501695, 24.345821],
          [54.501657, 24.345814],
          [54.501017, 24.34579],
          [54.500977, 24.345818],
          [54.500942, 24.34585],
          [54.500912, 24.345886],
          [54.500886, 24.345926],
          [54.500866, 24.345967],
          [54.500852, 24.346265],
          [54.500849, 24.346342],
          [54.500836, 24.346599],
          [54.500834, 24.346639],
          [54.500813, 24.347071],
          [54.500806, 24.347208],
          [54.500775, 24.34787],
          [54.500769, 24.347979],
          [54.500759, 24.348195],
          [54.500717, 24.349078],
          [54.500656, 24.350329],
          [54.499986, 24.350303]
        ],
        "type": "LineString"
      },
      "properties": {
        "id": "mbz-zayed-city--musaffah",
        "name": "Mohamed Bin Zayed / Zayed City — Musaffah",
        "from": "mbz-zayed-city",
        "to": "musaffah",
        "corridorType": "urban-arterial",
        "bidirectional": true,
        "distanceKm": 9.18,
        "freeFlowMinutes": 11.2,
        "capacityVehPerHour": 3600,
        "sourceClass": "derived",
        "geometrySource": "osm-osrm",
        "sourceClassByField": {
          "geometry": "derived",
          "distanceKm": "derived",
          "freeFlowMinutes": "derived",
          "corridorType": "synthetic",
          "capacityVehPerHour": "synthetic"
        },
        "fallbackReason": null
      }
    },
    {
      "type": "Feature",
      "id": "rabdan-al-maqta--musaffah",
      "geometry": {
        "coordinates": [
          [54.499972, 24.397008],
          [54.500086, 24.397352],
          [54.500098, 24.397389],
          [54.500118, 24.397448],
          [54.500156, 24.397497],
          [54.500209, 24.397535],
          [54.50027, 24.397558],
          [54.500336, 24.397566],
          [54.5015, 24.397254],
          [54.501829, 24.397162],
          [54.501916, 24.397138],
          [54.502026, 24.397102],
          [54.502124, 24.397073],
          [54.502414, 24.396987],
          [54.505061, 24.396256],
          [54.505267, 24.396199],
          [54.505303, 24.396184],
          [54.505335, 24.396164],
          [54.505364, 24.396139],
          [54.505388, 24.396111],
          [54.505393, 24.39607],
          [54.505408, 24.396031],
          [54.505432, 24.395996],
          [54.505462, 24.395968],
          [54.505498, 24.395946],
          [54.505538, 24.395932],
          [54.505581, 24.395926],
          [54.505624, 24.395928],
          [54.505671, 24.39594],
          [54.505714, 24.395962],
          [54.505749, 24.395992],
          [54.505775, 24.396029],
          [54.505791, 24.39607],
          [54.505796, 24.396114],
          [54.50579, 24.396157],
          [54.505773, 24.396198],
          [54.505734, 24.396245],
          [54.50568, 24.396279],
          [54.505681, 24.396339],
          [54.505659, 24.396395],
          [54.505618, 24.396442],
          [54.505562, 24.396474],
          [54.505498, 24.396487],
          [54.505358, 24.396499],
          [54.504891, 24.396539],
          [54.504797, 24.396559],
          [54.504708, 24.396594],
          [54.504628, 24.396643],
          [54.504558, 24.396703],
          [54.504501, 24.396774],
          [54.504458, 24.396853],
          [54.504422, 24.39694],
          [54.5044, 24.397031],
          [54.504391, 24.397124],
          [54.504397, 24.397217],
          [54.504418, 24.397308],
          [54.504452, 24.397396],
          [54.504501, 24.397488],
          [54.504565, 24.397572],
          [54.504641, 24.397647],
          [54.504728, 24.397711],
          [54.504824, 24.397764],
          [54.504927, 24.397805],
          [54.505082, 24.397831],
          [54.50524, 24.397834],
          [54.505396, 24.397813],
          [54.505546, 24.397768],
          [54.50568, 24.397754],
          [54.505815, 24.397756],
          [54.505948, 24.397774],
          [54.508053, 24.39719],
          [54.510697, 24.396448],
          [54.51522, 24.395189],
          [54.516663, 24.394772],
          [54.517008, 24.39463],
          [54.518244, 24.39422],
          [54.519341, 24.393847],
          [54.519698, 24.393717],
          [54.520105, 24.393545],
          [54.520308, 24.393444],
          [54.520526, 24.393319],
          [54.521035, 24.392971],
          [54.521323, 24.392724],
          [54.521564, 24.392522],
          [54.521683, 24.392406],
          [54.521923, 24.392115],
          [54.522402, 24.391518],
          [54.522958, 24.390709],
          [54.523265, 24.39021],
          [54.523413, 24.389965],
          [54.523565, 24.389666],
          [54.52366, 24.389344],
          [54.523741, 24.388941],
          [54.523794, 24.388662],
          [54.523857, 24.388108],
          [54.523965, 24.38705],
          [54.524068, 24.386485],
          [54.524198, 24.384391],
          [54.524268, 24.382319],
          [54.524372, 24.378831],
          [54.524582, 24.373867],
          [54.524611, 24.373395],
          [54.524905, 24.36847],
          [54.525124, 24.363846],
          [54.525149, 24.363324],
          [54.525247, 24.36125],
          [54.525184, 24.36122],
          [54.525134, 24.361179],
          [54.525115, 24.361131],
          [54.525092, 24.360618],
          [54.525075, 24.360542],
          [54.525046, 24.360475],
          [54.525013, 24.360426],
          [54.524944, 24.360368],
          [54.524862, 24.360328],
          [54.52482, 24.360315],
          [54.524771, 24.360309],
          [54.524674, 24.360299],
          [54.524275, 24.360283],
          [54.523427, 24.360225],
          [54.523247, 24.360212],
          [54.521876, 24.360191],
          [54.520706, 24.360148],
          [54.519878, 24.360117],
          [54.518623, 24.36007],
          [54.517145, 24.36],
          [54.517024, 24.36002],
          [54.516853, 24.360084],
          [54.516787, 24.360141],
          [54.516708, 24.360181],
          [54.51662, 24.360203],
          [54.516529, 24.360204],
          [54.51644, 24.360186],
          [54.516359, 24.360148],
          [54.516294, 24.360097],
          [54.516244, 24.360034],
          [54.516114, 24.359974],
          [54.516022, 24.359954],
          [54.515835, 24.359938],
          [54.512471, 24.359814],
          [54.512276, 24.359807],
          [54.512196, 24.359812],
          [54.512109, 24.359811],
          [54.511949, 24.359828],
          [54.511905, 24.359883],
          [54.511835, 24.359936],
          [54.511753, 24.359972],
          [54.511663, 24.359986],
          [54.511572, 24.35998],
          [54.511486, 24.359952],
          [54.511411, 24.359904],
          [54.511348, 24.359834],
          [54.511317, 24.359776],
          [54.5113, 24.359712],
          [54.511297, 24.359647],
          [54.511309, 24.359583],
          [54.511336, 24.359522],
          [54.511375, 24.359467],
          [54.511425, 24.359421],
          [54.511486, 24.359346],
          [54.511558, 24.359229],
          [54.511601, 24.359096],
          [54.511625, 24.35896],
          [54.511781, 24.355864],
          [54.51178, 24.355808],
          [54.511776, 24.355746],
          [54.511766, 24.355685],
          [54.51175, 24.355625],
          [54.511648, 24.355484],
          [54.5116, 24.355437],
          [54.511563, 24.355383],
          [54.511414, 24.355293],
          [54.511385, 24.355284],
          [54.511332, 24.355271],
          [54.511224, 24.355252],
          [54.510822, 24.355226],
          [54.510583, 24.355217],
          [54.503291, 24.354915],
          [54.503074, 24.354906],
          [54.502537, 24.354884],
          [54.502482, 24.354893],
          [54.50241, 24.354911],
          [54.502257, 24.354966],
          [54.502207, 24.355013],
          [54.502146, 24.355047],
          [54.502069, 24.355067],
          [54.501989, 24.355068],
          [54.501911, 24.355049],
          [54.501842, 24.355012],
          [54.501803, 24.354977],
          [54.501771, 24.354936],
          [54.501742, 24.35487],
          [54.501733, 24.3548],
          [54.501745, 24.35473],
          [54.501776, 24.354665],
          [54.50184, 24.354598],
          [54.501933, 24.354436],
          [54.50194, 24.354337],
          [54.501976, 24.354067],
          [54.502129, 24.350883],
          [54.502152, 24.35055],
          [54.502103, 24.350489],
          [54.502047, 24.350434],
          [54.501982, 24.350387],
          [54.501714, 24.350376],
          [54.500656, 24.350329],
          [54.499986, 24.350303]
        ],
        "type": "LineString"
      },
      "properties": {
        "id": "rabdan-al-maqta--musaffah",
        "name": "Rabdan / Al Maqta — Musaffah",
        "from": "rabdan-al-maqta",
        "to": "musaffah",
        "corridorType": "motorway",
        "bidirectional": true,
        "distanceKm": 10.08,
        "freeFlowMinutes": 9.6,
        "capacityVehPerHour": 6500,
        "sourceClass": "derived",
        "geometrySource": "osm-osrm",
        "sourceClassByField": {
          "geometry": "derived",
          "distanceKm": "derived",
          "freeFlowMinutes": "derived",
          "corridorType": "synthetic",
          "capacityVehPerHour": "synthetic"
        },
        "fallbackReason": null
      }
    },
    {
      "type": "Feature",
      "id": "rabdan-al-maqta--khalifa-city",
      "geometry": {
        "coordinates": [
          [54.499972, 24.397008],
          [54.500086, 24.397352],
          [54.500098, 24.397389],
          [54.500118, 24.397448],
          [54.500156, 24.397497],
          [54.500209, 24.397535],
          [54.50027, 24.397558],
          [54.500336, 24.397566],
          [54.5015, 24.397254],
          [54.501829, 24.397162],
          [54.501916, 24.397138],
          [54.502026, 24.397102],
          [54.502124, 24.397073],
          [54.502414, 24.396987],
          [54.505061, 24.396256],
          [54.505267, 24.396199],
          [54.505303, 24.396184],
          [54.505335, 24.396164],
          [54.505364, 24.396139],
          [54.505388, 24.396111],
          [54.505393, 24.39607],
          [54.505408, 24.396031],
          [54.505432, 24.395996],
          [54.505462, 24.395968],
          [54.505498, 24.395946],
          [54.505538, 24.395932],
          [54.505581, 24.395926],
          [54.505624, 24.395928],
          [54.505671, 24.39594],
          [54.505714, 24.395962],
          [54.505749, 24.395992],
          [54.505775, 24.396029],
          [54.505791, 24.39607],
          [54.505796, 24.396114],
          [54.50579, 24.396157],
          [54.505773, 24.396198],
          [54.505734, 24.396245],
          [54.50568, 24.396279],
          [54.505681, 24.396339],
          [54.505659, 24.396395],
          [54.505618, 24.396442],
          [54.505562, 24.396474],
          [54.505498, 24.396487],
          [54.505358, 24.396499],
          [54.504891, 24.396539],
          [54.504797, 24.396559],
          [54.504708, 24.396594],
          [54.504628, 24.396643],
          [54.504558, 24.396703],
          [54.504501, 24.396774],
          [54.504458, 24.396853],
          [54.504422, 24.39694],
          [54.5044, 24.397031],
          [54.504391, 24.397124],
          [54.504397, 24.397217],
          [54.504418, 24.397308],
          [54.504452, 24.397396],
          [54.504501, 24.397488],
          [54.504565, 24.397572],
          [54.504641, 24.397647],
          [54.504728, 24.397711],
          [54.504824, 24.397764],
          [54.504927, 24.397805],
          [54.505082, 24.397831],
          [54.50524, 24.397834],
          [54.505396, 24.397813],
          [54.505546, 24.397768],
          [54.50568, 24.397754],
          [54.505815, 24.397756],
          [54.505948, 24.397774],
          [54.508053, 24.39719],
          [54.510697, 24.396448],
          [54.51522, 24.395189],
          [54.516663, 24.394772],
          [54.522004, 24.393335],
          [54.524174, 24.392692],
          [54.527302, 24.391826],
          [54.528354, 24.391534],
          [54.531063, 24.390767],
          [54.532128, 24.390467],
          [54.533183, 24.390228],
          [54.533707, 24.390145],
          [54.534701, 24.390025],
          [54.535346, 24.390035],
          [54.536268, 24.390053],
          [54.536972, 24.390113],
          [54.537609, 24.390195],
          [54.538037, 24.390265],
          [54.539126, 24.390476],
          [54.540056, 24.390639],
          [54.540985, 24.390809],
          [54.541911, 24.390989],
          [54.542836, 24.391176],
          [54.543759, 24.391371],
          [54.546532, 24.391967],
          [54.550909, 24.392858],
          [54.551714, 24.39301],
          [54.553602, 24.393388],
          [54.558358, 24.394341],
          [54.560933, 24.394866],
          [54.56334, 24.39535],
          [54.566838, 24.396055],
          [54.567403, 24.396167],
          [54.567983, 24.39629],
          [54.569068, 24.396509],
          [54.573934, 24.397445],
          [54.578338, 24.398324],
          [54.582175, 24.399081],
          [54.585545, 24.399776],
          [54.590644, 24.400784],
          [54.59153, 24.400938],
          [54.595135, 24.401658],
          [54.59897, 24.402403],
          [54.600176, 24.402653],
          [54.601408, 24.402899],
          [54.6067, 24.403954],
          [54.611018, 24.404815],
          [54.612852, 24.405181],
          [54.613348, 24.405282],
          [54.615648, 24.405752],
          [54.617235, 24.40607],
          [54.618737, 24.406367],
          [54.621638, 24.406938],
          [54.623147, 24.407237],
          [54.623584, 24.407264],
          [54.623765, 24.407295],
          [54.624072, 24.407354],
          [54.624928, 24.407521],
          [54.627718, 24.408078],
          [54.63052, 24.408637],
          [54.635053, 24.409538],
          [54.637276, 24.409969],
          [54.637654, 24.410036],
          [54.63809, 24.410104],
          [54.638716, 24.410192],
          [54.639345, 24.410255],
          [54.639809, 24.410296],
          [54.640271, 24.410315],
          [54.640794, 24.410336],
          [54.641306, 24.410351],
          [54.641874, 24.410357],
          [54.647044, 24.410132],
          [54.648494, 24.410074],
          [54.649407, 24.410037],
          [54.650229, 24.410003],
          [54.65301, 24.409885],
          [54.657132, 24.409706],
          [54.662767, 24.409485],
          [54.665537, 24.40937],
          [54.668258, 24.4093],
          [54.670468, 24.409311],
          [54.672395, 24.409343],
          [54.67415, 24.409439],
          [54.674384, 24.40945],
          [54.67765, 24.409696],
          [54.680908, 24.410002],
          [54.683295, 24.410295],
          [54.697165, 24.412064],
          [54.697455, 24.4121],
          [54.702027, 24.412681],
          [54.704614, 24.413067],
          [54.70483, 24.413015],
          [54.70541, 24.413098],
          [54.707312, 24.413292],
          [54.708074, 24.413326],
          [54.709109, 24.413302],
          [54.70976, 24.413221],
          [54.710502, 24.413055],
          [54.711007, 24.412909],
          [54.711481, 24.412723],
          [54.711992, 24.412484],
          [54.712494, 24.412251],
          [54.713034, 24.412056],
          [54.713468, 24.411934],
          [54.713919, 24.411831],
          [54.714203, 24.411773],
          [54.714526, 24.411789],
          [54.714805, 24.411779],
          [54.714928, 24.411794],
          [54.715331, 24.411857],
          [54.715771, 24.412004],
          [54.716145, 24.412198],
          [54.716483, 24.412456],
          [54.716791, 24.412806],
          [54.716971, 24.413067],
          [54.717132, 24.413341],
          [54.717234, 24.413619],
          [54.717347, 24.414068],
          [54.717358, 24.414537],
          [54.717324, 24.414883],
          [54.717226, 24.415224],
          [54.716977, 24.415739],
          [54.716544, 24.416244],
          [54.716374, 24.416393],
          [54.716218, 24.416512],
          [54.715873, 24.416711],
          [54.715482, 24.416907],
          [54.714958, 24.417176],
          [54.714696, 24.417318],
          [54.714429, 24.4176],
          [54.714232, 24.417911],
          [54.714155, 24.418162],
          [54.713975, 24.418723],
          [54.713429, 24.4217],
          [54.713145, 24.423277],
          [54.712881, 24.424743],
          [54.712854, 24.424866],
          [54.712825, 24.424995],
          [54.712825, 24.425131],
          [54.712837, 24.42525],
          [54.712955, 24.425474],
          [54.713018, 24.42557],
          [54.713052, 24.425677],
          [54.713055, 24.425789],
          [54.713026, 24.425897],
          [54.712968, 24.425995],
          [54.712925, 24.426042],
          [54.712875, 24.426084],
          [54.712838, 24.426107],
          [54.71272, 24.426157],
          [54.712591, 24.426176],
          [54.712461, 24.426162],
          [54.712341, 24.426116],
          [54.712258, 24.42606],
          [54.71219, 24.425991],
          [54.712102, 24.425937],
          [54.712011, 24.425887],
          [54.711917, 24.425842],
          [54.711821, 24.425802],
          [54.711722, 24.425767],
          [54.711621, 24.425736],
          [54.711519, 24.425711],
          [54.711415, 24.425691],
          [54.706764, 24.425096],
          [54.698361, 24.424044],
          [54.697173, 24.42389]
        ],
        "type": "LineString"
      },
      "properties": {
        "id": "rabdan-al-maqta--khalifa-city",
        "name": "Rabdan / Al Maqta — Khalifa City",
        "from": "rabdan-al-maqta",
        "to": "khalifa-city",
        "corridorType": "motorway",
        "bidirectional": true,
        "distanceKm": 26.22,
        "freeFlowMinutes": 19,
        "capacityVehPerHour": 6500,
        "sourceClass": "derived",
        "geometrySource": "osm-osrm",
        "sourceClassByField": {
          "geometry": "derived",
          "distanceKm": "derived",
          "freeFlowMinutes": "derived",
          "corridorType": "synthetic",
          "capacityVehPerHour": "synthetic"
        },
        "fallbackReason": null
      }
    }
  ]
}
