{
  "type": "FeatureCollection",
  "name": "udes-v2-abu-dhabi-transit-stops",
  "bbox": [
    54.28,
    24.24,
    54.78,
    24.62
  ],
  "metadata": {
    "source": "adsdiBusStops",
    "sourceClass": "observed",
    "attribution": "Department of Government Enablement, Abu Dhabi Spatial Data Infrastructure",
    "note": "Only official stops contained by the selected model-zone polygons are retained."
  },
  "features": [
    {
      "type": "Feature",
      "id": "adsdi-bus-593",
      "geometry": {
        "type": "Point",
        "coordinates": [
          54.531695,
          24.324636
        ]
      },
      "properties": {
        "id": "adsdi-bus-593",
        "objectId": 593,
        "gtfsId": 10591,
        "code": "10591A",
        "name": "Naseem Al Barr St / First Abu Dhabi Bank",
        "nameAr": "شارع العُمَّال/ بنك ابوظبي الاول",
        "stopNumber": 10591,
        "zoneId": "mbz-zayed-city",
        "sourceClass": "observed",
        "source": "adsdiBusStops"
      }
    },
    {
      "type": "Feature",
      "id": "adsdi-bus-3913",
      "geometry": {
        "type": "Point",
        "coordinates": [
          54.451328,
          24.423204
        ]
      },
      "properties": {
        "id": "adsdi-bus-3913",
        "objectId": 3913,
        "gtfsId": 3137,
        "code": "03137B",
        "name": "Al Qiyadah St / General Civil Aviation Authority",
        "nameAr": "شارع القيادة / الهيئة العامة للطيران المدني",
        "stopNumber": 3137,
        "zoneId": "al-rawdah",
        "sourceClass": "observed",
        "source": "adsdiBusStops"
      }
    },
    {
      "type": "Feature",
      "id": "adsdi-bus-3581",
      "geometry": {
        "type": "Point",
        "coordinates": [
          54.514319,
          24.405268
        ]
      },
      "properties": {
        "id": "adsdi-bus-3581",
        "objectId": 3581,
        "gtfsId": 3540,
        "code": "03540A",
        "name": "Al Fihaydi St / Al Dheed St",
        "nameAr": "شارع الفيحيدي / شارع الديد",
        "stopNumber": 3540,
        "zoneId": "rabdan-al-maqta",
        "sourceClass": "observed",
        "source": "adsdiBusStops"
      }
    },
    {
      "type": "Feature",
      "id": "adsdi-bus-1921",
      "geometry": {
        "type": "Point",
        "coordinates": [
          54.359335,
          24.471171
        ]
      },
      "properties": {
        "id": "adsdi-bus-1921",
        "objectId": 1921,
        "gtfsId": 914,
        "code": "00914B",
        "name": "Al Falah St / Al Karamah St",
        "nameAr": "شارع الفلاح / شارع الكرامة",
        "stopNumber": 914,
        "zoneId": "al-manhal-karamah",
        "sourceClass": "observed",
        "source": "adsdiBusStops"
      }
    },
    {
      "type": "Feature",
      "id": "adsdi-bus-2253",
      "geometry": {
        "type": "Point",
        "coordinates": [
          54.347196,
          24.459474
        ]
      },
      "properties": {
        "id": "adsdi-bus-2253",
        "objectId": 2253,
        "gtfsId": 3209,
        "code": "03209A",
        "name": "Al Bateen St / Al Bateen Mall",
        "nameAr": "شارع البطين / البطين مول",
        "stopNumber": 3209,
        "zoneId": "al-bateen",
        "sourceClass": "observed",
        "source": "adsdiBusStops"
      }
    },
    {
      "type": "Feature",
      "id": "adsdi-bus-355",
      "geometry": {
        "type": "Point",
        "coordinates": [
          54.5423,
          24.374624
        ]
      },
      "properties": {
        "id": "adsdi-bus-355",
        "objectId": 355,
        "gtfsId": 12044,
        "code": "12044A",
        "name": "St 79 / Al Marhoum Eid Al Muraykhi Mosque",
        "nameAr": "شارع 79 / مسجد المرحوم عيد المريخي",
        "stopNumber": 12044,
        "zoneId": "mbz-zayed-city",
        "sourceClass": "observed",
        "source": "adsdiBusStops"
      }
    },
    {
      "type": "Feature",
      "id": "adsdi-bus-2894",
      "geometry": {
        "type": "Point",
        "coordinates": [
          54.366944,
          24.477114
        ]
      },
      "properties": {
        "id": "adsdi-bus-2894",
        "objectId": 2894,
        "gtfsId": 919,
        "code": "00919B",
        "name": "Al Falah St / Shk. Rashid Bin Saeed St",
        "nameAr": "شارع الفلاح / شارع الشيخ راشد بن سعيد",
        "stopNumber": 919,
        "zoneId": "al-danah",
        "sourceClass": "observed",
        "source": "adsdiBusStops"
      }
    },
    {
      "type": "Feature",
      "id": "adsdi-bus-1374",
      "geometry": {
        "type": "Point",
        "coordinates": [
          54.524664,
          24.362786
        ]
      },
      "properties": {
        "id": "adsdi-bus-1374",
        "objectId": 1374,
        "gtfsId": 11892,
        "code": "11892B",
        "name": "Ahalia Hospital",
        "nameAr": "مستشفى الاهلية",
        "stopNumber": 11892,
        "zoneId": "musaffah",
        "sourceClass": "observed",
        "source": "adsdiBusStops"
      }
    },
    {
      "type": "Feature",
      "id": "adsdi-bus-3132",
      "geometry": {
        "type": "Point",
        "coordinates": [
          54.514593,
          24.359671
        ]
      },
      "properties": {
        "id": "adsdi-bus-3132",
        "objectId": 3132,
        "gtfsId": 11132,
        "code": "11132B",
        "name": "St 12 / St 17",
        "nameAr": "شارع 12/ شارع 17",
        "stopNumber": 11132,
        "zoneId": "musaffah",
        "sourceClass": "observed",
        "source": "adsdiBusStops"
      }
    },
    {
      "type": "Feature",
      "id": "adsdi-bus-2539",
      "geometry": {
        "type": "Point",
        "coordinates": [
          54.366961,
          24.467167
        ]
      },
      "properties": {
        "id": "adsdi-bus-2539",
        "objectId": 2539,
        "gtfsId": 1113,
        "code": "01113B",
        "name": "Hazzaʹ Bin Zayed St / SKMC",
        "nameAr": "شارع هزاع بن زايد/ مدينة الشيخ خليفة الطبية",
        "stopNumber": 1113,
        "zoneId": "al-manhal-karamah",
        "sourceClass": "observed",
        "source": "adsdiBusStops"
      }
    },
    {
      "type": "Feature",
      "id": "adsdi-bus-3464",
      "geometry": {
        "type": "Point",
        "coordinates": [
          54.567435,
          24.43634
        ]
      },
      "properties": {
        "id": "adsdi-bus-3464",
        "objectId": 3464,
        "gtfsId": 16015,
        "code": "16015B",
        "name": "Channel St / Emirates Sailing School",
        "nameAr": "شارع القناة / مدرسة الإمارات للشراع",
        "stopNumber": 16015,
        "zoneId": "al-raha",
        "sourceClass": "observed",
        "source": "adsdiBusStops"
      }
    },
    {
      "type": "Feature",
      "id": "adsdi-bus-1875",
      "geometry": {
        "type": "Point",
        "coordinates": [
          54.373506,
          24.485868
        ]
      },
      "properties": {
        "id": "adsdi-bus-1875",
        "objectId": 1875,
        "gtfsId": 612,
        "code": "00612B",
        "name": "Fatima Bint Mubarak St / Al Jali St",
        "nameAr": "شارع فاطمة بنت مبارك / شارع الجَالِي",
        "stopNumber": 612,
        "zoneId": "al-danah",
        "sourceClass": "observed",
        "source": "adsdiBusStops"
      }
    },
    {
      "type": "Feature",
      "id": "adsdi-bus-1065",
      "geometry": {
        "type": "Point",
        "coordinates": [
          54.54896,
          24.363979
        ]
      },
      "properties": {
        "id": "adsdi-bus-1065",
        "objectId": 1065,
        "gtfsId": 12064,
        "code": "12064A",
        "name": "Al Shadini St / Emirates National School",
        "nameAr": "شارع الشَّادِني / مدرسة الامارات الوطنية",
        "stopNumber": 12064,
        "zoneId": "mbz-zayed-city",
        "sourceClass": "observed",
        "source": "adsdiBusStops"
      }
    },
    {
      "type": "Feature",
      "id": "adsdi-bus-856",
      "geometry": {
        "type": "Point",
        "coordinates": [
          54.368837,
          24.49148
        ]
      },
      "properties": {
        "id": "adsdi-bus-856",
        "objectId": 856,
        "gtfsId": 607,
        "code": "00607B",
        "name": "Fatima Bint Mubarak St / Zayed The First St",
        "nameAr": "شارع فاطمة بنت مبارك /  شارع زايد الأول",
        "stopNumber": 607,
        "zoneId": "al-danah",
        "sourceClass": "observed",
        "source": "adsdiBusStops"
      }
    },
    {
      "type": "Feature",
      "id": "adsdi-bus-3086",
      "geometry": {
        "type": "Point",
        "coordinates": [
          54.571047,
          24.325715
        ]
      },
      "properties": {
        "id": "adsdi-bus-3086",
        "objectId": 3086,
        "gtfsId": 10616,
        "code": "10616B",
        "name": "Naseem Al Barr St / Al 'Ayni St",
        "nameAr": "شارع نسيم البر/ شارع العَيْني",
        "stopNumber": 10616,
        "zoneId": "mbz-zayed-city",
        "sourceClass": "observed",
        "source": "adsdiBusStops"
      }
    },
    {
      "type": "Feature",
      "id": "adsdi-bus-1443",
      "geometry": {
        "type": "Point",
        "coordinates": [
          54.49195,
          24.356189
        ]
      },
      "properties": {
        "id": "adsdi-bus-1443",
        "objectId": 1443,
        "gtfsId": 11654,
        "code": "11654B",
        "name": "St 11 / St 12",
        "nameAr": "موقف شارع 11/ شارع 12",
        "stopNumber": 11654,
        "zoneId": "musaffah",
        "sourceClass": "observed",
        "source": "adsdiBusStops"
      }
    },
    {
      "type": "Feature",
      "id": "adsdi-bus-2322",
      "geometry": {
        "type": "Point",
        "coordinates": [
          54.501346,
          24.365964
        ]
      },
      "properties": {
        "id": "adsdi-bus-2322",
        "objectId": 2322,
        "gtfsId": 11686,
        "code": "11686B",
        "name": "St 13 / Ministry Of Education And Youth",
        "nameAr": "ش. 13/ وزارة التربية و التعليم",
        "stopNumber": 11686,
        "zoneId": "musaffah",
        "sourceClass": "observed",
        "source": "adsdiBusStops"
      }
    },
    {
      "type": "Feature",
      "id": "adsdi-bus-2445",
      "geometry": {
        "type": "Point",
        "coordinates": [
          54.490224,
          24.398032
        ]
      },
      "properties": {
        "id": "adsdi-bus-2445",
        "objectId": 2445,
        "gtfsId": 3520,
        "code": "03520A",
        "name": "Al Nasmat St / Al Habbar St",
        "nameAr": "شارع النسمات / شارع الحَبّار",
        "stopNumber": 3520,
        "zoneId": "rabdan-al-maqta",
        "sourceClass": "observed",
        "source": "adsdiBusStops"
      }
    },
    {
      "type": "Feature",
      "id": "adsdi-bus-3458",
      "geometry": {
        "type": "Point",
        "coordinates": [
          54.454726,
          24.420949
        ]
      },
      "properties": {
        "id": "adsdi-bus-3458",
        "objectId": 3458,
        "gtfsId": 2477,
        "code": "02477A",
        "name": "Saif Ghobash St / Ministry of Foreign Affairs",
        "nameAr": "شارع سيف غُباش / وزارة الخارجية",
        "stopNumber": 2477,
        "zoneId": "al-rawdah",
        "sourceClass": "observed",
        "source": "adsdiBusStops"
      }
    },
    {
      "type": "Feature",
      "id": "adsdi-bus-802",
      "geometry": {
        "type": "Point",
        "coordinates": [
          54.33544,
          24.469571
        ]
      },
      "properties": {
        "id": "adsdi-bus-802",
        "objectId": 802,
        "gtfsId": 121,
        "code": "00121A",
        "name": "Corniche St / Al Bateen St",
        "nameAr": "شارع الكورنيش / شارع البطين",
        "stopNumber": 121,
        "zoneId": "al-bateen",
        "sourceClass": "observed",
        "source": "adsdiBusStops"
      }
    },
    {
      "type": "Feature",
      "id": "adsdi-bus-1048",
      "geometry": {
        "type": "Point",
        "coordinates": [
          54.428475,
          24.537509
        ]
      },
      "properties": {
        "id": "adsdi-bus-1048",
        "objectId": 1048,
        "gtfsId": 1155,
        "code": "01155B",
        "name": "Shati Al Sa'diyat St / Stop 1155",
        "nameAr": "شارع شَاطئ السَّعْدِيات / موقف 1155",
        "stopNumber": 1155,
        "zoneId": "al-saadiyat",
        "sourceClass": "observed",
        "source": "adsdiBusStops"
      }
    },
    {
      "type": "Feature",
      "id": "adsdi-bus-3604",
      "geometry": {
        "type": "Point",
        "coordinates": [
          54.551001,
          24.297915
        ]
      },
      "properties": {
        "id": "adsdi-bus-3604",
        "objectId": 3604,
        "gtfsId": 10312,
        "code": "10312B",
        "name": "Al Masarib St / Stop 10312",
        "nameAr": "شارع المَسَارِب / موقف 10312",
        "stopNumber": 10312,
        "zoneId": "mbz-zayed-city",
        "sourceClass": "observed",
        "source": "adsdiBusStops"
      }
    },
    {
      "type": "Feature",
      "id": "adsdi-bus-161",
      "geometry": {
        "type": "Point",
        "coordinates": [
          54.538438,
          24.336516
        ]
      },
      "properties": {
        "id": "adsdi-bus-161",
        "objectId": 161,
        "gtfsId": 10118,
        "code": "10118B",
        "name": "Al Anwar St / Mubarak Bin Sumaida Mosque",
        "nameAr": "شارع الأنوار / مسجد مبارك يسلم بن سميدع",
        "stopNumber": 10118,
        "zoneId": "mbz-zayed-city",
        "sourceClass": "observed",
        "source": "adsdiBusStops"
      }
    },
    {
      "type": "Feature",
      "id": "adsdi-bus-3727",
      "geometry": {
        "type": "Point",
        "coordinates": [
          54.373929,
          24.4378
        ]
      },
      "properties": {
        "id": "adsdi-bus-3727",
        "objectId": 3727,
        "gtfsId": 3038,
        "code": "03038A",
        "name": "Al Khaleej Al Arabi St / Zaid Bin Al Haritha Mosque",
        "nameAr": "شارع الخليج العربي/ مسجد زيد بن حارثة",
        "stopNumber": 3038,
        "zoneId": "al-mushrif",
        "sourceClass": "observed",
        "source": "adsdiBusStops"
      }
    },
    {
      "type": "Feature",
      "id": "adsdi-bus-825",
      "geometry": {
        "type": "Point",
        "coordinates": [
          54.425264,
          24.43503
        ]
      },
      "properties": {
        "id": "adsdi-bus-825",
        "objectId": 825,
        "gtfsId": 463,
        "code": "00463A",
        "name": "Sultan Bin Zayed St / Jibreel Mosque",
        "nameAr": "شارع سلطان بن زايد/ مسجد جبريل",
        "stopNumber": 463,
        "zoneId": "muroor-al-saadah",
        "sourceClass": "observed",
        "source": "adsdiBusStops"
      }
    },
    {
      "type": "Feature",
      "id": "adsdi-bus-3172",
      "geometry": {
        "type": "Point",
        "coordinates": [
          54.538095,
          24.340983
        ]
      },
      "properties": {
        "id": "adsdi-bus-3172",
        "objectId": 3172,
        "gtfsId": 10115,
        "code": "10115B",
        "name": "Al Anwar St / LLH Medical Centre",
        "nameAr": "شارع الأنوار / مركز ال ال اتش الطبي",
        "stopNumber": 10115,
        "zoneId": "mbz-zayed-city",
        "sourceClass": "observed",
        "source": "adsdiBusStops"
      }
    },
    {
      "type": "Feature",
      "id": "adsdi-bus-1263",
      "geometry": {
        "type": "Point",
        "coordinates": [
          54.539053,
          24.323167
        ]
      },
      "properties": {
        "id": "adsdi-bus-1263",
        "objectId": 1263,
        "gtfsId": 10126,
        "code": "10126B",
        "name": "Al Anwar St / Emirates Heritage Club",
        "nameAr": "شارع الأنوار/ نادي تراث الامارات",
        "stopNumber": 10126,
        "zoneId": "mbz-zayed-city",
        "sourceClass": "observed",
        "source": "adsdiBusStops"
      }
    },
    {
      "type": "Feature",
      "id": "adsdi-bus-1595",
      "geometry": {
        "type": "Point",
        "coordinates": [
          54.572237,
          24.426524
        ]
      },
      "properties": {
        "id": "adsdi-bus-1595",
        "objectId": 1595,
        "gtfsId": 16102,
        "code": "16102A",
        "name": "Stop 16102",
        "nameAr": "موقف 16102",
        "stopNumber": 16102,
        "zoneId": "khalifa-city",
        "sourceClass": "observed",
        "source": "adsdiBusStops"
      }
    },
    {
      "type": "Feature",
      "id": "adsdi-bus-670",
      "geometry": {
        "type": "Point",
        "coordinates": [
          54.372305,
          24.468627
        ]
      },
      "properties": {
        "id": "adsdi-bus-670",
        "objectId": 670,
        "gtfsId": 223,
        "code": "00223A",
        "name": "Shk. Rashid Bin Saeed St / Al Wahda Mall",
        "nameAr": "شارع الشيخ راشد بن سعيد / الوحدة مول",
        "stopNumber": 223,
        "zoneId": "al-nahyan",
        "sourceClass": "observed",
        "source": "adsdiBusStops"
      }
    },
    {
      "type": "Feature",
      "id": "adsdi-bus-3564",
      "geometry": {
        "type": "Point",
        "coordinates": [
          54.467309,
          24.317828
        ]
      },
      "properties": {
        "id": "adsdi-bus-3564",
        "objectId": 3564,
        "gtfsId": 11573,
        "code": "11573B",
        "name": "National Marine Dredging Company",
        "nameAr": "شركة الجرافات البحرية الوطنية",
        "stopNumber": 11573,
        "zoneId": "musaffah",
        "sourceClass": "observed",
        "source": "adsdiBusStops"
      }
    },
    {
      "type": "Feature",
      "id": "adsdi-bus-908",
      "geometry": {
        "type": "Point",
        "coordinates": [
          54.46424,
          24.353198
        ]
      },
      "properties": {
        "id": "adsdi-bus-908",
        "objectId": 908,
        "gtfsId": 11169,
        "code": "11169B",
        "name": "St 14 / Ware House",
        "nameAr": "شارع 14/ مستودع",
        "stopNumber": 11169,
        "zoneId": "musaffah",
        "sourceClass": "observed",
        "source": "adsdiBusStops"
      }
    },
    {
      "type": "Feature",
      "id": "adsdi-bus-361",
      "geometry": {
        "type": "Point",
        "coordinates": [
          54.324973,
          24.459896
        ]
      },
      "properties": {
        "id": "adsdi-bus-361",
        "objectId": 361,
        "gtfsId": 3407,
        "code": "03407B",
        "name": "King Abdullah bin Abdulaziz Al Saud St / ADNOC HQ",
        "nameAr": "شارع الملك سلمان بن عبد العزيز آل سعود / ادنوك المقر الرئيسي",
        "stopNumber": 3407,
        "zoneId": "al-bateen",
        "sourceClass": "observed",
        "source": "adsdiBusStops"
      }
    },
    {
      "type": "Feature",
      "id": "adsdi-bus-2531",
      "geometry": {
        "type": "Point",
        "coordinates": [
          54.339475,
          24.471944
        ]
      },
      "properties": {
        "id": "adsdi-bus-2531",
        "objectId": 2531,
        "gtfsId": 125,
        "code": "00125A",
        "name": "Corniche St / Public Beach Main Entrance",
        "nameAr": "شارع الكورنيش /  الشاطئ العام  (المدخل الرئيسي)",
        "stopNumber": 125,
        "zoneId": "al-bateen",
        "sourceClass": "observed",
        "source": "adsdiBusStops"
      }
    },
    {
      "type": "Feature",
      "id": "adsdi-bus-2685",
      "geometry": {
        "type": "Point",
        "coordinates": [
          54.375982,
          24.490975
        ]
      },
      "properties": {
        "id": "adsdi-bus-2685",
        "objectId": 2685,
        "gtfsId": 757,
        "code": "00757B",
        "name": "Al Mawkib St / Abu Dhabi Food Control Authority",
        "nameAr": "شارع المَوْكِب / هيئة ابوظبي للرقابة الغذائية",
        "stopNumber": 757,
        "zoneId": "al-danah",
        "sourceClass": "observed",
        "source": "adsdiBusStops"
      }
    },
    {
      "type": "Feature",
      "id": "adsdi-bus-1689",
      "geometry": {
        "type": "Point",
        "coordinates": [
          54.393741,
          24.490734
        ]
      },
      "properties": {
        "id": "adsdi-bus-1689",
        "objectId": 1689,
        "gtfsId": 1133,
        "code": "01133A",
        "name": "Khor ‘Azeez St / Marina Square",
        "nameAr": "شارع خُور عَزِيز/ مارينا سكوير",
        "stopNumber": 1133,
        "zoneId": "al-reem",
        "sourceClass": "observed",
        "source": "adsdiBusStops"
      }
    },
    {
      "type": "Feature",
      "id": "adsdi-bus-3719",
      "geometry": {
        "type": "Point",
        "coordinates": [
          54.524651,
          24.364934
        ]
      },
      "properties": {
        "id": "adsdi-bus-3719",
        "objectId": 3719,
        "gtfsId": 11890,
        "code": "11890B",
        "name": "ADNOC Vehicle Inspection Centre",
        "nameAr": "مركز ادنوك لفحص المركبات",
        "stopNumber": 11890,
        "zoneId": "musaffah",
        "sourceClass": "observed",
        "source": "adsdiBusStops"
      }
    },
    {
      "type": "Feature",
      "id": "adsdi-bus-3965",
      "geometry": {
        "type": "Point",
        "coordinates": [
          54.380716,
          24.459788
        ]
      },
      "properties": {
        "id": "adsdi-bus-3965",
        "objectId": 3965,
        "gtfsId": 235,
        "code": "00235A",
        "name": "Shk. Rashid Bin Saeed St / ITC Bus Depot",
        "nameAr": "شارع الشيخ راشد بن سعيد / محطة ايواء الحافلات مركز النقل المتكامل",
        "stopNumber": 235,
        "zoneId": "al-nahyan",
        "sourceClass": "observed",
        "source": "adsdiBusStops"
      }
    },
    {
      "type": "Feature",
      "id": "adsdi-bus-2969",
      "geometry": {
        "type": "Point",
        "coordinates": [
          54.346944,
          24.465196
        ]
      },
      "properties": {
        "id": "adsdi-bus-2969",
        "objectId": 2969,
        "gtfsId": 3007,
        "code": "03007B",
        "name": "Al Khaleej Al Arabi St / Qiremah St",
        "nameAr": "شارع الخَلِيج العَرَبي / شارع قرّيمه",
        "stopNumber": 3007,
        "zoneId": "al-bateen",
        "sourceClass": "observed",
        "source": "adsdiBusStops"
      }
    },
    {
      "type": "Feature",
      "id": "adsdi-bus-3573",
      "geometry": {
        "type": "Point",
        "coordinates": [
          54.476939,
          24.344893
        ]
      },
      "properties": {
        "id": "adsdi-bus-3573",
        "objectId": 3573,
        "gtfsId": 11184,
        "code": "11184A",
        "name": "St 16 / Friday Market",
        "nameAr": "شارع 16 / بازار مصفح",
        "stopNumber": 11184,
        "zoneId": "musaffah",
        "sourceClass": "observed",
        "source": "adsdiBusStops"
      }
    },
    {
      "type": "Feature",
      "id": "adsdi-bus-1752",
      "geometry": {
        "type": "Point",
        "coordinates": [
          54.376213,
          24.493061
        ]
      },
      "properties": {
        "id": "adsdi-bus-1752",
        "objectId": 1752,
        "gtfsId": 810,
        "code": "00810A",
        "name": "Shk. Zayed Bin Sultn St / Al Mawkib St",
        "nameAr": "شارع الشيخ زايد بن سلطان / شارع المَوْكِب",
        "stopNumber": 810,
        "zoneId": "al-zahiyah",
        "sourceClass": "observed",
        "source": "adsdiBusStops"
      }
    },
    {
      "type": "Feature",
      "id": "adsdi-bus-2777",
      "geometry": {
        "type": "Point",
        "coordinates": [
          54.584771,
          24.312386
        ]
      },
      "properties": {
        "id": "adsdi-bus-2777",
        "objectId": 2777,
        "gtfsId": 10689,
        "code": "10689B",
        "name": "Al Thamoudi St / Stop 10689",
        "nameAr": "ش. الثمودي/ موقف 10689",
        "stopNumber": 10689,
        "zoneId": "mbz-zayed-city",
        "sourceClass": "observed",
        "source": "adsdiBusStops"
      }
    },
    {
      "type": "Feature",
      "id": "adsdi-bus-1990",
      "geometry": {
        "type": "Point",
        "coordinates": [
          54.339875,
          24.472507
        ]
      },
      "properties": {
        "id": "adsdi-bus-1990",
        "objectId": 1990,
        "gtfsId": 125,
        "code": "00125B",
        "name": "Corniche St / Public Beach Main Entrance",
        "nameAr": "شارع الكورنيش /  الشاطئ العام  (المدخل الرئيسي)",
        "stopNumber": 125,
        "zoneId": "al-bateen",
        "sourceClass": "observed",
        "source": "adsdiBusStops"
      }
    },
    {
      "type": "Feature",
      "id": "adsdi-bus-1549",
      "geometry": {
        "type": "Point",
        "coordinates": [
          54.505206,
          24.407358
        ]
      },
      "properties": {
        "id": "adsdi-bus-1549",
        "objectId": 1549,
        "gtfsId": 3533,
        "code": "03533B",
        "name": "Al Itihad St / Coop",
        "nameAr": "شارع الإتحَاد / الجمعية التعاونية",
        "stopNumber": 3533,
        "zoneId": "rabdan-al-maqta",
        "sourceClass": "observed",
        "source": "adsdiBusStops"
      }
    },
    {
      "type": "Feature",
      "id": "adsdi-bus-2877",
      "geometry": {
        "type": "Point",
        "coordinates": [
          54.344708,
          24.476266
        ]
      },
      "properties": {
        "id": "adsdi-bus-2877",
        "objectId": 2877,
        "gtfsId": 129,
        "code": "00129A",
        "name": "Corniche St / Mubarak Bin Mohammed St",
        "nameAr": "شارع الكورنيش /  شارع مبارك بن محمد",
        "stopNumber": 129,
        "zoneId": "al-khalidiyah",
        "sourceClass": "observed",
        "source": "adsdiBusStops"
      }
    },
    {
      "type": "Feature",
      "id": "adsdi-bus-2385",
      "geometry": {
        "type": "Point",
        "coordinates": [
          54.384265,
          24.491433
        ]
      },
      "properties": {
        "id": "adsdi-bus-2385",
        "objectId": 2385,
        "gtfsId": 1013,
        "code": "01013B",
        "name": "Al Zahiyah St / Al Reem St",
        "nameAr": "شارع الزَّاهِيَة / شارع الرِّيم",
        "stopNumber": 1013,
        "zoneId": "al-zahiyah",
        "sourceClass": "observed",
        "source": "adsdiBusStops"
      }
    },
    {
      "type": "Feature",
      "id": "adsdi-bus-2485",
      "geometry": {
        "type": "Point",
        "coordinates": [
          54.546682,
          24.305079
        ]
      },
      "properties": {
        "id": "adsdi-bus-2485",
        "objectId": 2485,
        "gtfsId": 10051,
        "code": "10051A",
        "name": "Stop 10051 / Al Angham St",
        "nameAr": "موقف 10051/ شارع الأنغام",
        "stopNumber": 10051,
        "zoneId": "mbz-zayed-city",
        "sourceClass": "observed",
        "source": "adsdiBusStops"
      }
    },
    {
      "type": "Feature",
      "id": "adsdi-bus-616",
      "geometry": {
        "type": "Point",
        "coordinates": [
          54.472697,
          24.380636
        ]
      },
      "properties": {
        "id": "adsdi-bus-616",
        "objectId": 616,
        "gtfsId": 11010,
        "code": "11010B",
        "name": "St 6 / Mussafah Port",
        "nameAr": "شارع 6 / ميناء مصفح",
        "stopNumber": 11010,
        "zoneId": "musaffah",
        "sourceClass": "observed",
        "source": "adsdiBusStops"
      }
    },
    {
      "type": "Feature",
      "id": "adsdi-bus-2731",
      "geometry": {
        "type": "Point",
        "coordinates": [
          54.362032,
          24.491247
        ]
      },
      "properties": {
        "id": "adsdi-bus-2731",
        "objectId": 2731,
        "gtfsId": 401,
        "code": "00401B",
        "name": "Sultan Bin Zayed St / Khalifa Bin Zayed St",
        "nameAr": "شارع سلطان بن زايد/ شارع خليفة بن زايد",
        "stopNumber": 401,
        "zoneId": "al-danah",
        "sourceClass": "observed",
        "source": "adsdiBusStops"
      }
    },
    {
      "type": "Feature",
      "id": "adsdi-bus-3996",
      "geometry": {
        "type": "Point",
        "coordinates": [
          54.47213,
          24.365385
        ]
      },
      "properties": {
        "id": "adsdi-bus-3996",
        "objectId": 3996,
        "gtfsId": 11546,
        "code": "11546A",
        "name": "St 7 / St 10",
        "nameAr": "شارع 7 / شارع 10",
        "stopNumber": 11546,
        "zoneId": "musaffah",
        "sourceClass": "observed",
        "source": "adsdiBusStops"
      }
    },
    {
      "type": "Feature",
      "id": "adsdi-bus-344",
      "geometry": {
        "type": "Point",
        "coordinates": [
          54.392937,
          24.455514
        ]
      },
      "properties": {
        "id": "adsdi-bus-344",
        "objectId": 344,
        "gtfsId": 435,
        "code": "00435A",
        "name": "Sultan Bin Zayed St/ ECSSR",
        "nameAr": "شارع سلطان بن زايد/ مركز الامارات للدراسات والبحوث الاستراتيجية",
        "stopNumber": 435,
        "zoneId": "al-nahyan",
        "sourceClass": "observed",
        "source": "adsdiBusStops"
      }
    },
    {
      "type": "Feature",
      "id": "adsdi-bus-2336",
      "geometry": {
        "type": "Point",
        "coordinates": [
          54.434198,
          24.522396
        ]
      },
      "properties": {
        "id": "adsdi-bus-2336",
        "objectId": 2336,
        "gtfsId": 1180,
        "code": "01180B",
        "name": "Saadiyat New York University 2",
        "nameAr": "جامعة نيويورك السعديات 2",
        "stopNumber": 1180,
        "zoneId": "al-saadiyat",
        "sourceClass": "observed",
        "source": "adsdiBusStops"
      }
    },
    {
      "type": "Feature",
      "id": "adsdi-bus-699",
      "geometry": {
        "type": "Point",
        "coordinates": [
          54.531011,
          24.337705
        ]
      },
      "properties": {
        "id": "adsdi-bus-699",
        "objectId": 699,
        "gtfsId": 10557,
        "code": "10557B",
        "name": "Al Rayat St / Radah St",
        "nameAr": "شارع الرَّايَات / شارع رَادَة",
        "stopNumber": 10557,
        "zoneId": "mbz-zayed-city",
        "sourceClass": "observed",
        "source": "adsdiBusStops"
      }
    },
    {
      "type": "Feature",
      "id": "adsdi-bus-4019",
      "geometry": {
        "type": "Point",
        "coordinates": [
          54.513882,
          24.35992
        ]
      },
      "properties": {
        "id": "adsdi-bus-4019",
        "objectId": 4019,
        "gtfsId": 11132,
        "code": "11132A",
        "name": "St 12 / St 17",
        "nameAr": "شارع 12/ شارع 17",
        "stopNumber": 11132,
        "zoneId": "musaffah",
        "sourceClass": "observed",
        "source": "adsdiBusStops"
      }
    },
    {
      "type": "Feature",
      "id": "adsdi-bus-2857",
      "geometry": {
        "type": "Point",
        "coordinates": [
          54.338238,
          24.471196
        ]
      },
      "properties": {
        "id": "adsdi-bus-2857",
        "objectId": 2857,
        "gtfsId": 123,
        "code": "00123A",
        "name": "Corniche St / Commercial International Bank",
        "nameAr": "شارع الكورنيش /  البنك التجاري الدولي",
        "stopNumber": 123,
        "zoneId": "al-bateen",
        "sourceClass": "observed",
        "source": "adsdiBusStops"
      }
    },
    {
      "type": "Feature",
      "id": "adsdi-bus-3902",
      "geometry": {
        "type": "Point",
        "coordinates": [
          54.376239,
          24.49233
        ]
      },
      "properties": {
        "id": "adsdi-bus-3902",
        "objectId": 3902,
        "gtfsId": 810,
        "code": "00810B",
        "name": "Shk. Zayed Bin Sultn St / Al Mawkib St",
        "nameAr": "شارع الشيخ زايد بن سلطان / شارع المَوْكِب",
        "stopNumber": 810,
        "zoneId": "al-danah",
        "sourceClass": "observed",
        "source": "adsdiBusStops"
      }
    },
    {
      "type": "Feature",
      "id": "adsdi-bus-1555",
      "geometry": {
        "type": "Point",
        "coordinates": [
          54.501533,
          24.361614
        ]
      },
      "properties": {
        "id": "adsdi-bus-1555",
        "objectId": 1555,
        "gtfsId": 11688,
        "code": "11688B",
        "name": "St 13 / St 12",
        "nameAr": "ش. 13/ ش. 12",
        "stopNumber": 11688,
        "zoneId": "musaffah",
        "sourceClass": "observed",
        "source": "adsdiBusStops"
      }
    },
    {
      "type": "Feature",
      "id": "adsdi-bus-722",
      "geometry": {
        "type": "Point",
        "coordinates": [
          54.411976,
          24.433153
        ]
      },
      "properties": {
        "id": "adsdi-bus-722",
        "objectId": 722,
        "gtfsId": 258,
        "code": "00258B",
        "name": "Shk. Rashid Bin Saeed St / Mushrif Mall",
        "nameAr": "شار ع الشيخ راشد بن سعيد / المشرف مول",
        "stopNumber": 258,
        "zoneId": "al-mushrif",
        "sourceClass": "observed",
        "source": "adsdiBusStops"
      }
    },
    {
      "type": "Feature",
      "id": "adsdi-bus-2124",
      "geometry": {
        "type": "Point",
        "coordinates": [
          54.362723,
          24.462869
        ]
      },
      "properties": {
        "id": "adsdi-bus-2124",
        "objectId": 2124,
        "gtfsId": 1111,
        "code": "01111A",
        "name": "Hazzaʹ Bin Zayed St / ADNOC",
        "nameAr": "شارع هزاع بن زايد / ادنوك",
        "stopNumber": 1111,
        "zoneId": "al-manhal-karamah",
        "sourceClass": "observed",
        "source": "adsdiBusStops"
      }
    },
    {
      "type": "Feature",
      "id": "adsdi-bus-132",
      "geometry": {
        "type": "Point",
        "coordinates": [
          54.380174,
          24.496318
        ]
      },
      "properties": {
        "id": "adsdi-bus-132",
        "objectId": 132,
        "gtfsId": 1007,
        "code": "01007B",
        "name": "Al Zahiyah St / Al Diar Dana Hotel",
        "nameAr": "شارع الزَّاهِيَة / فندق دانة الديار",
        "stopNumber": 1007,
        "zoneId": "al-zahiyah",
        "sourceClass": "observed",
        "source": "adsdiBusStops"
      }
    },
    {
      "type": "Feature",
      "id": "adsdi-bus-2073",
      "geometry": {
        "type": "Point",
        "coordinates": [
          54.503843,
          24.40318
        ]
      },
      "properties": {
        "id": "adsdi-bus-2073",
        "objectId": 2073,
        "gtfsId": 3531,
        "code": "03531B",
        "name": "Al Itihad St / Healthcare Center",
        "nameAr": "شارع الإتحَاد / مركز المقطع الصحي",
        "stopNumber": 3531,
        "zoneId": "rabdan-al-maqta",
        "sourceClass": "observed",
        "source": "adsdiBusStops"
      }
    },
    {
      "type": "Feature",
      "id": "adsdi-bus-3733",
      "geometry": {
        "type": "Point",
        "coordinates": [
          54.370202,
          24.49482
        ]
      },
      "properties": {
        "id": "adsdi-bus-3733",
        "objectId": 3733,
        "gtfsId": 525,
        "code": "00525B",
        "name": "Hamdan St / Emirates Tower",
        "nameAr": "شارع حمدان/ برج الامارات",
        "stopNumber": 525,
        "zoneId": "al-danah",
        "sourceClass": "observed",
        "source": "adsdiBusStops"
      }
    },
    {
      "type": "Feature",
      "id": "adsdi-bus-3092",
      "geometry": {
        "type": "Point",
        "coordinates": [
          54.536934,
          24.358102
        ]
      },
      "properties": {
        "id": "adsdi-bus-3092",
        "objectId": 3092,
        "gtfsId": 10106,
        "code": "10106B",
        "name": "Al Anwar St / Bohra Islamic Cultural Complex",
        "nameAr": "شارع الأنوار / مجمع البهرة الثقافي الاسلامي",
        "stopNumber": 10106,
        "zoneId": "mbz-zayed-city",
        "sourceClass": "observed",
        "source": "adsdiBusStops"
      }
    },
    {
      "type": "Feature",
      "id": "adsdi-bus-2837",
      "geometry": {
        "type": "Point",
        "coordinates": [
          54.5105,
          24.379979
        ]
      },
      "properties": {
        "id": "adsdi-bus-2837",
        "objectId": 2837,
        "gtfsId": 11700,
        "code": "11700B",
        "name": "St 15 / St 6",
        "nameAr": "شارع 15 / شارع 6",
        "stopNumber": 11700,
        "zoneId": "musaffah",
        "sourceClass": "observed",
        "source": "adsdiBusStops"
      }
    },
    {
      "type": "Feature",
      "id": "adsdi-bus-2428",
      "geometry": {
        "type": "Point",
        "coordinates": [
          54.508218,
          24.382269
        ]
      },
      "properties": {
        "id": "adsdi-bus-2428",
        "objectId": 2428,
        "gtfsId": 11024,
        "code": "11024A",
        "name": "St 6 / St 15",
        "nameAr": "شارع 6 / شارع 15",
        "stopNumber": 11024,
        "zoneId": "musaffah",
        "sourceClass": "observed",
        "source": "adsdiBusStops"
      }
    },
    {
      "type": "Feature",
      "id": "adsdi-bus-1930",
      "geometry": {
        "type": "Point",
        "coordinates": [
          54.50245,
          24.412733
        ]
      },
      "properties": {
        "id": "adsdi-bus-1930",
        "objectId": 1930,
        "gtfsId": 3084,
        "code": "03084B",
        "name": "Al Maqtaʹ St / Al Bahri St",
        "nameAr": "شارع المَقطَع / شارع البَحري",
        "stopNumber": 3084,
        "zoneId": "rabdan-al-maqta",
        "sourceClass": "observed",
        "source": "adsdiBusStops"
      }
    },
    {
      "type": "Feature",
      "id": "adsdi-bus-1171",
      "geometry": {
        "type": "Point",
        "coordinates": [
          54.332196,
          24.458238
        ]
      },
      "properties": {
        "id": "adsdi-bus-1171",
        "objectId": 1171,
        "gtfsId": 3411,
        "code": "03411B",
        "name": "King Abdullah bin Abdulaziz Al Saud St / Zayed The First St",
        "nameAr": "شارع الملك عبدالله بن عبدالعزيز آل سعود / شارع زايد الأول",
        "stopNumber": 3411,
        "zoneId": "al-bateen",
        "sourceClass": "observed",
        "source": "adsdiBusStops"
      }
    },
    {
      "type": "Feature",
      "id": "adsdi-bus-2173",
      "geometry": {
        "type": "Point",
        "coordinates": [
          54.354392,
          24.489329
        ]
      },
      "properties": {
        "id": "adsdi-bus-2173",
        "objectId": 2173,
        "gtfsId": 201,
        "code": "00201A",
        "name": "Shk. Rashid Bin Saeed St / World Trade Centre",
        "nameAr": "شارع الشيخ راشد بن سعيد / مركز التجارة العالمي",
        "stopNumber": 201,
        "zoneId": "al-danah",
        "sourceClass": "observed",
        "source": "adsdiBusStops"
      }
    },
    {
      "type": "Feature",
      "id": "adsdi-bus-2671",
      "geometry": {
        "type": "Point",
        "coordinates": [
          54.369034,
          24.493991
        ]
      },
      "properties": {
        "id": "adsdi-bus-2671",
        "objectId": 2671,
        "gtfsId": 523,
        "code": "00523B",
        "name": "Hamdan St / Al Mariah Mall",
        "nameAr": "شارع حمدان/ المارية مول",
        "stopNumber": 523,
        "zoneId": "al-danah",
        "sourceClass": "observed",
        "source": "adsdiBusStops"
      }
    },
    {
      "type": "Feature",
      "id": "adsdi-bus-673",
      "geometry": {
        "type": "Point",
        "coordinates": [
          54.408475,
          24.495321
        ]
      },
      "properties": {
        "id": "adsdi-bus-673",
        "objectId": 673,
        "gtfsId": 1082,
        "code": "01082B",
        "name": "Al 'Oud St / Gate Towers",
        "nameAr": "شارع العُود / أبراج البوابة",
        "stopNumber": 1082,
        "zoneId": "al-reem",
        "sourceClass": "observed",
        "source": "adsdiBusStops"
      }
    },
    {
      "type": "Feature",
      "id": "adsdi-bus-181",
      "geometry": {
        "type": "Point",
        "coordinates": [
          54.431418,
          24.541409
        ]
      },
      "properties": {
        "id": "adsdi-bus-181",
        "objectId": 181,
        "gtfsId": 1158,
        "code": "01158B",
        "name": "Shati Al Sa'diyat St / Park Hyatt Hotel 1",
        "nameAr": "شارع شَاطئ السَّعْدِيات / فندف بارك حياة 1",
        "stopNumber": 1158,
        "zoneId": "al-saadiyat",
        "sourceClass": "observed",
        "source": "adsdiBusStops"
      }
    },
    {
      "type": "Feature",
      "id": "adsdi-bus-822",
      "geometry": {
        "type": "Point",
        "coordinates": [
          54.5296,
          24.334899
        ]
      },
      "properties": {
        "id": "adsdi-bus-822",
        "objectId": 822,
        "gtfsId": 10032,
        "code": "10032A",
        "name": "Najm Suhayl St / Al ʹUmmal St",
        "nameAr": "شارع نجم سهيل / شارع العُمَّال",
        "stopNumber": 10032,
        "zoneId": "mbz-zayed-city",
        "sourceClass": "observed",
        "source": "adsdiBusStops"
      }
    },
    {
      "type": "Feature",
      "id": "adsdi-bus-607",
      "geometry": {
        "type": "Point",
        "coordinates": [
          54.561698,
          24.317569
        ]
      },
      "properties": {
        "id": "adsdi-bus-607",
        "objectId": 607,
        "gtfsId": 12328,
        "code": "12328B",
        "name": "Al Nasr St / Al Thamoudi St",
        "nameAr": "ش. النصر/ ش. الثمودي",
        "stopNumber": 12328,
        "zoneId": "mbz-zayed-city",
        "sourceClass": "observed",
        "source": "adsdiBusStops"
      }
    },
    {
      "type": "Feature",
      "id": "adsdi-bus-109",
      "geometry": {
        "type": "Point",
        "coordinates": [
          54.552054,
          24.317412
        ]
      },
      "properties": {
        "id": "adsdi-bus-109",
        "objectId": 109,
        "gtfsId": 12364,
        "code": "12364B",
        "name": "Al Nasr St / Hubour St",
        "nameAr": "ش. النصر/ ش. الحبور",
        "stopNumber": 12364,
        "zoneId": "mbz-zayed-city",
        "sourceClass": "observed",
        "source": "adsdiBusStops"
      }
    },
    {
      "type": "Feature",
      "id": "adsdi-bus-1320",
      "geometry": {
        "type": "Point",
        "coordinates": [
          54.559297,
          24.365612
        ]
      },
      "properties": {
        "id": "adsdi-bus-1320",
        "objectId": 1320,
        "gtfsId": 13080,
        "code": "13080B",
        "name": "E22 / Abu Dhabi University",
        "nameAr": "جامعة أبوظبي \\ البوابة الرئيسية",
        "stopNumber": 13080,
        "zoneId": "mbz-zayed-city",
        "sourceClass": "observed",
        "source": "adsdiBusStops"
      }
    },
    {
      "type": "Feature",
      "id": "adsdi-bus-1389",
      "geometry": {
        "type": "Point",
        "coordinates": [
          54.472015,
          24.369158
        ]
      },
      "properties": {
        "id": "adsdi-bus-1389",
        "objectId": 1389,
        "gtfsId": 11544,
        "code": "11544A",
        "name": "St 7 / Al Jaber Camp",
        "nameAr": "شارع 7 / مجموعة الجابر",
        "stopNumber": 11544,
        "zoneId": "musaffah",
        "sourceClass": "observed",
        "source": "adsdiBusStops"
      }
    },
    {
      "type": "Feature",
      "id": "adsdi-bus-799",
      "geometry": {
        "type": "Point",
        "coordinates": [
          54.391349,
          24.447614
        ]
      },
      "properties": {
        "id": "adsdi-bus-799",
        "objectId": 799,
        "gtfsId": 247,
        "code": "00247B",
        "name": "Shk. Rashid Bin Saeed St / Immigration Department",
        "nameAr": "شارع الشيخ راشد بن سعيد/ دائرة الهجرة والجوازات",
        "stopNumber": 247,
        "zoneId": "al-mushrif",
        "sourceClass": "observed",
        "source": "adsdiBusStops"
      }
    },
    {
      "type": "Feature",
      "id": "adsdi-bus-3212",
      "geometry": {
        "type": "Point",
        "coordinates": [
          54.365428,
          24.494798
        ]
      },
      "properties": {
        "id": "adsdi-bus-3212",
        "objectId": 3212,
        "gtfsId": 309,
        "code": "00309A",
        "name": "Khalifa Bin Zayed St / Fatima Bint Mubarak St",
        "nameAr": "شارع خليفة بن زايد / شارع فاطمة بنت مبارك",
        "stopNumber": 309,
        "zoneId": "al-danah",
        "sourceClass": "observed",
        "source": "adsdiBusStops"
      }
    },
    {
      "type": "Feature",
      "id": "adsdi-bus-1440",
      "geometry": {
        "type": "Point",
        "coordinates": [
          54.497499,
          24.381615
        ]
      },
      "properties": {
        "id": "adsdi-bus-1440",
        "objectId": 1440,
        "gtfsId": 11020,
        "code": "11020B",
        "name": "St 6 / St 13",
        "nameAr": "شارع 6 / شارع 13",
        "stopNumber": 11020,
        "zoneId": "musaffah",
        "sourceClass": "observed",
        "source": "adsdiBusStops"
      }
    },
    {
      "type": "Feature",
      "id": "adsdi-bus-481",
      "geometry": {
        "type": "Point",
        "coordinates": [
          54.452449,
          24.42229
        ]
      },
      "properties": {
        "id": "adsdi-bus-481",
        "objectId": 481,
        "gtfsId": 2475,
        "code": "02475A",
        "name": "Saif Ghobash St / Al Qiyadah St",
        "nameAr": "شارع سيف غُباش / شارع القيادة",
        "stopNumber": 2475,
        "zoneId": "al-rawdah",
        "sourceClass": "observed",
        "source": "adsdiBusStops"
      }
    },
    {
      "type": "Feature",
      "id": "adsdi-bus-2104",
      "geometry": {
        "type": "Point",
        "coordinates": [
          54.492634,
          24.415251
        ]
      },
      "properties": {
        "id": "adsdi-bus-2104",
        "objectId": 2104,
        "gtfsId": 3523,
        "code": "03523A",
        "name": "Al Khor St / ITC",
        "nameAr": "شارع الخُور / مركز النقل المتكامل",
        "stopNumber": 3523,
        "zoneId": "rabdan-al-maqta",
        "sourceClass": "observed",
        "source": "adsdiBusStops"
      }
    },
    {
      "type": "Feature",
      "id": "adsdi-bus-1832",
      "geometry": {
        "type": "Point",
        "coordinates": [
          54.482765,
          24.34749
        ]
      },
      "properties": {
        "id": "adsdi-bus-1832",
        "objectId": 1832,
        "gtfsId": 11584,
        "code": "11584A",
        "name": "St 9 / St 16",
        "nameAr": "شارع 9 \\شارع 9 \\ شارع 16",
        "stopNumber": 11584,
        "zoneId": "musaffah",
        "sourceClass": "observed",
        "source": "adsdiBusStops"
      }
    },
    {
      "type": "Feature",
      "id": "adsdi-bus-1583",
      "geometry": {
        "type": "Point",
        "coordinates": [
          54.356927,
          24.468808
        ]
      },
      "properties": {
        "id": "adsdi-bus-1583",
        "objectId": 1583,
        "gtfsId": 911,
        "code": "00911A",
        "name": "Al Falah St / Mubarak Bin Mohammed St",
        "nameAr": "شارع الفلاح / شارع مبارك بن محمد",
        "stopNumber": 911,
        "zoneId": "al-manhal-karamah",
        "sourceClass": "observed",
        "source": "adsdiBusStops"
      }
    },
    {
      "type": "Feature",
      "id": "adsdi-bus-587",
      "geometry": {
        "type": "Point",
        "coordinates": [
          54.347627,
          24.458565
        ]
      },
      "properties": {
        "id": "adsdi-bus-587",
        "objectId": 587,
        "gtfsId": 3209,
        "code": "03209B",
        "name": "Al Bateen St / Al Bateen Mall",
        "nameAr": "شارع البطين / البطين مول",
        "stopNumber": 3209,
        "zoneId": "al-bateen",
        "sourceClass": "observed",
        "source": "adsdiBusStops"
      }
    },
    {
      "type": "Feature",
      "id": "adsdi-bus-3504",
      "geometry": {
        "type": "Point",
        "coordinates": [
          54.590834,
          24.444997
        ]
      },
      "properties": {
        "id": "adsdi-bus-3504",
        "objectId": 3504,
        "gtfsId": 16019,
        "code": "16019A",
        "name": "Al Rahah St Stop / 16019",
        "nameAr": "ش. الراحة/ موقف 16019",
        "stopNumber": 16019,
        "zoneId": "al-raha",
        "sourceClass": "observed",
        "source": "adsdiBusStops"
      }
    },
    {
      "type": "Feature",
      "id": "adsdi-bus-2900",
      "geometry": {
        "type": "Point",
        "coordinates": [
          54.570495,
          24.408008
        ]
      },
      "properties": {
        "id": "adsdi-bus-2900",
        "objectId": 2900,
        "gtfsId": 16628,
        "code": "16628B",
        "name": "Theyab Bin Eissa St / Emirates Post",
        "nameAr": "شارع ذياب بن عيسى/ بريد الإمارات",
        "stopNumber": 16628,
        "zoneId": "khalifa-city",
        "sourceClass": "observed",
        "source": "adsdiBusStops"
      }
    },
    {
      "type": "Feature",
      "id": "adsdi-bus-3398",
      "geometry": {
        "type": "Point",
        "coordinates": [
          54.35414,
          24.458084
        ]
      },
      "properties": {
        "id": "adsdi-bus-3398",
        "objectId": 3398,
        "gtfsId": 3019,
        "code": "03019A",
        "name": "Al Khaleej Al Arabi St / Hazzaʹ Bin Zayed St",
        "nameAr": "شارع الخَلِيج العَرَبي / شارع هزاع بن زايد",
        "stopNumber": 3019,
        "zoneId": "al-khalidiyah",
        "sourceClass": "observed",
        "source": "adsdiBusStops"
      }
    },
    {
      "type": "Feature",
      "id": "adsdi-bus-1240",
      "geometry": {
        "type": "Point",
        "coordinates": [
          54.346863,
          24.465574
        ]
      },
      "properties": {
        "id": "adsdi-bus-1240",
        "objectId": 1240,
        "gtfsId": 3007,
        "code": "03007A",
        "name": "Al Khaleej Al Arabi St / Qiremah St",
        "nameAr": "شارع الخَلِيج العَرَبي / شارع قرّيمه",
        "stopNumber": 3007,
        "zoneId": "al-khalidiyah",
        "sourceClass": "observed",
        "source": "adsdiBusStops"
      }
    },
    {
      "type": "Feature",
      "id": "adsdi-bus-1383",
      "geometry": {
        "type": "Point",
        "coordinates": [
          54.380758,
          24.479035
        ]
      },
      "properties": {
        "id": "adsdi-bus-1383",
        "objectId": 1383,
        "gtfsId": 622,
        "code": "00622A",
        "name": "Fatimah Bint Mubarak St / Burjeel Hospital",
        "nameAr": "شارع فاطمة بنت مبارك / مستشفى برجيل",
        "stopNumber": 622,
        "zoneId": "al-danah",
        "sourceClass": "observed",
        "source": "adsdiBusStops"
      }
    },
    {
      "type": "Feature",
      "id": "adsdi-bus-550",
      "geometry": {
        "type": "Point",
        "coordinates": [
          54.584624,
          24.499429
        ]
      },
      "properties": {
        "id": "adsdi-bus-550",
        "objectId": 550,
        "gtfsId": 19330,
        "code": "19330A",
        "name": "Al Athari St / ADNOC South",
        "nameAr": "شارع الأثري/ ادنوك جنوب",
        "stopNumber": 19330,
        "zoneId": "yas-island",
        "sourceClass": "observed",
        "source": "adsdiBusStops"
      }
    },
    {
      "type": "Feature",
      "id": "adsdi-bus-3684",
      "geometry": {
        "type": "Point",
        "coordinates": [
          54.545906,
          24.30475
        ]
      },
      "properties": {
        "id": "adsdi-bus-3684",
        "objectId": 3684,
        "gtfsId": 10051,
        "code": "10051B",
        "name": "Stop 10051 / Al Angham St",
        "nameAr": "موقف 10051/ شارع الأنغام",
        "stopNumber": 10051,
        "zoneId": "mbz-zayed-city",
        "sourceClass": "observed",
        "source": "adsdiBusStops"
      }
    },
    {
      "type": "Feature",
      "id": "adsdi-bus-1177",
      "geometry": {
        "type": "Point",
        "coordinates": [
          54.418582,
          24.427722
        ]
      },
      "properties": {
        "id": "adsdi-bus-1177",
        "objectId": 1177,
        "gtfsId": 2701,
        "code": "02701B",
        "name": "Mawgab St / Al Tarfeeh St",
        "nameAr": "شارع مَوْقب / شارع التَرْفِيه",
        "stopNumber": 2701,
        "zoneId": "al-rawdah",
        "sourceClass": "observed",
        "source": "adsdiBusStops"
      }
    },
    {
      "type": "Feature",
      "id": "adsdi-bus-3",
      "geometry": {
        "type": "Point",
        "coordinates": [
          54.379644,
          24.47641
        ]
      },
      "properties": {
        "id": "adsdi-bus-3",
        "objectId": 3,
        "gtfsId": 1125,
        "code": "01125A",
        "name": "Hazzaʹ Bin Zayed St / Abd Al Jaleel Al Fahim School",
        "nameAr": "شارع هزاع بن زايد/  مدرسة عبدالجليل الفهيم",
        "stopNumber": 1125,
        "zoneId": "al-nahyan",
        "sourceClass": "observed",
        "source": "adsdiBusStops"
      }
    },
    {
      "type": "Feature",
      "id": "adsdi-bus-3839",
      "geometry": {
        "type": "Point",
        "coordinates": [
          54.378255,
          24.481294
        ]
      },
      "properties": {
        "id": "adsdi-bus-3839",
        "objectId": 3839,
        "gtfsId": 618,
        "code": "00618A",
        "name": "Fatimah Bint Mubarak St / GEMS American Academy",
        "nameAr": "شارع فاطمة بنت مبارك / أكاديمية جيمس الأمريكية",
        "stopNumber": 618,
        "zoneId": "al-danah",
        "sourceClass": "observed",
        "source": "adsdiBusStops"
      }
    },
    {
      "type": "Feature",
      "id": "adsdi-bus-1283",
      "geometry": {
        "type": "Point",
        "coordinates": [
          54.530851,
          24.333407
        ]
      },
      "properties": {
        "id": "adsdi-bus-1283",
        "objectId": 1283,
        "gtfsId": 10571,
        "code": "10571A",
        "name": "Al ʹUmmal St / Al Mihad St",
        "nameAr": "شارع العُمَّال / شارع المِهَاد",
        "stopNumber": 10571,
        "zoneId": "mbz-zayed-city",
        "sourceClass": "observed",
        "source": "adsdiBusStops"
      }
    },
    {
      "type": "Feature",
      "id": "adsdi-bus-1277",
      "geometry": {
        "type": "Point",
        "coordinates": [
          54.36988,
          24.469722
        ]
      },
      "properties": {
        "id": "adsdi-bus-1277",
        "objectId": 1277,
        "gtfsId": 1115,
        "code": "01115B",
        "name": "Hazzaʹ Bin Zayed St / Shk. Rashid Bin Saeed St",
        "nameAr": "شارع هزاع بن زايد/ شارع الشيخ راشد بن سعيد",
        "stopNumber": 1115,
        "zoneId": "al-manhal-karamah",
        "sourceClass": "observed",
        "source": "adsdiBusStops"
      }
    },
    {
      "type": "Feature",
      "id": "adsdi-bus-2216",
      "geometry": {
        "type": "Point",
        "coordinates": [
          54.55749,
          24.312845
        ]
      },
      "properties": {
        "id": "adsdi-bus-2216",
        "objectId": 2216,
        "gtfsId": 10677,
        "code": "10677A",
        "name": "Al Nasr St / Al 'iffah St",
        "nameAr": "شارع النصر/ شارع العفة",
        "stopNumber": 10677,
        "zoneId": "mbz-zayed-city",
        "sourceClass": "observed",
        "source": "adsdiBusStops"
      }
    },
    {
      "type": "Feature",
      "id": "adsdi-bus-1967",
      "geometry": {
        "type": "Point",
        "coordinates": [
          54.471775,
          24.363966
        ]
      },
      "properties": {
        "id": "adsdi-bus-1967",
        "objectId": 1967,
        "gtfsId": 11546,
        "code": "11546B",
        "name": "St 7 / St 10",
        "nameAr": "شارع 7 / شارع 10",
        "stopNumber": 11546,
        "zoneId": "musaffah",
        "sourceClass": "observed",
        "source": "adsdiBusStops"
      }
    },
    {
      "type": "Feature",
      "id": "adsdi-bus-1377",
      "geometry": {
        "type": "Point",
        "coordinates": [
          54.411938,
          24.427411
        ]
      },
      "properties": {
        "id": "adsdi-bus-1377",
        "objectId": 1377,
        "gtfsId": 2710,
        "code": "02710B",
        "name": "Al Karamah St / Al Dhafra St",
        "nameAr": "ش الكرامة / ش الظفر",
        "stopNumber": 2710,
        "zoneId": "al-rawdah",
        "sourceClass": "observed",
        "source": "adsdiBusStops"
      }
    },
    {
      "type": "Feature",
      "id": "adsdi-bus-2708",
      "geometry": {
        "type": "Point",
        "coordinates": [
          54.377544,
          24.471025
        ]
      },
      "properties": {
        "id": "adsdi-bus-2708",
        "objectId": 2708,
        "gtfsId": 421,
        "code": "00421B",
        "name": "Sultan Bin Zayed St / Abu Dhabi Bus Station",
        "nameAr": "شارع سلطان بن زايد/ محطة حافلات أبوظبي",
        "stopNumber": 421,
        "zoneId": "al-nahyan",
        "sourceClass": "observed",
        "source": "adsdiBusStops"
      }
    },
    {
      "type": "Feature",
      "id": "adsdi-bus-3739",
      "geometry": {
        "type": "Point",
        "coordinates": [
          54.397017,
          24.431824
        ]
      },
      "properties": {
        "id": "adsdi-bus-3739",
        "objectId": 3739,
        "gtfsId": 3032,
        "code": "03032A",
        "name": "Al Wahah St / Makkah St",
        "nameAr": "ش الواحة / ش مكة",
        "stopNumber": 3032,
        "zoneId": "al-mushrif",
        "sourceClass": "observed",
        "source": "adsdiBusStops"
      }
    },
    {
      "type": "Feature",
      "id": "adsdi-bus-985",
      "geometry": {
        "type": "Point",
        "coordinates": [
          54.376864,
          24.469685
        ]
      },
      "properties": {
        "id": "adsdi-bus-985",
        "objectId": 985,
        "gtfsId": 420,
        "code": "00420D",
        "name": "Abu Dhabi Bus Station",
        "nameAr": "محطة حافلات أبوظبي",
        "stopNumber": 420,
        "zoneId": "al-nahyan",
        "sourceClass": "observed",
        "source": "adsdiBusStops"
      }
    },
    {
      "type": "Feature",
      "id": "adsdi-bus-3415",
      "geometry": {
        "type": "Point",
        "coordinates": [
          54.556836,
          24.295634
        ]
      },
      "properties": {
        "id": "adsdi-bus-3415",
        "objectId": 3415,
        "gtfsId": 10412,
        "code": "10412B",
        "name": "Al Sahirah St / Al Saleel St",
        "nameAr": "شارع الساهرة / شارع الصليل",
        "stopNumber": 10412,
        "zoneId": "mbz-zayed-city",
        "sourceClass": "observed",
        "source": "adsdiBusStops"
      }
    },
    {
      "type": "Feature",
      "id": "adsdi-bus-2419",
      "geometry": {
        "type": "Point",
        "coordinates": [
          54.553751,
          24.34268
        ]
      },
      "properties": {
        "id": "adsdi-bus-2419",
        "objectId": 2419,
        "gtfsId": 12310,
        "code": "12310A",
        "name": "Al Sawari St / Shaikha Fatima Bint Mubarak Mosque",
        "nameAr": "شارع الصواري/مسجد الشيخة فاطمة بنت مبارك",
        "stopNumber": 12310,
        "zoneId": "mbz-zayed-city",
        "sourceClass": "observed",
        "source": "adsdiBusStops"
      }
    },
    {
      "type": "Feature",
      "id": "adsdi-bus-3083",
      "geometry": {
        "type": "Point",
        "coordinates": [
          54.492214,
          24.356452
        ]
      },
      "properties": {
        "id": "adsdi-bus-3083",
        "objectId": 3083,
        "gtfsId": 11654,
        "code": "11654A",
        "name": "St 11 / St 12",
        "nameAr": "موقف شارع 11/ شارع 12",
        "stopNumber": 11654,
        "zoneId": "musaffah",
        "sourceClass": "observed",
        "source": "adsdiBusStops"
      }
    },
    {
      "type": "Feature",
      "id": "adsdi-bus-3012",
      "geometry": {
        "type": "Point",
        "coordinates": [
          54.545545,
          24.356793
        ]
      },
      "properties": {
        "id": "adsdi-bus-3012",
        "objectId": 3012,
        "gtfsId": 12256,
        "code": "12256A",
        "name": "Al Basi St / Al ʹArdah St",
        "nameAr": "شارع البَاسِي / شارع العرضة",
        "stopNumber": 12256,
        "zoneId": "mbz-zayed-city",
        "sourceClass": "observed",
        "source": "adsdiBusStops"
      }
    },
    {
      "type": "Feature",
      "id": "adsdi-bus-427",
      "geometry": {
        "type": "Point",
        "coordinates": [
          54.428068,
          24.424809
        ]
      },
      "properties": {
        "id": "adsdi-bus-427",
        "objectId": 427,
        "gtfsId": 2903,
        "code": "02903B",
        "name": "Rabdan St / Wakr St",
        "nameAr": "شارع ربدان / شارع وكر",
        "stopNumber": 2903,
        "zoneId": "al-rawdah",
        "sourceClass": "observed",
        "source": "adsdiBusStops"
      }
    },
    {
      "type": "Feature",
      "id": "adsdi-bus-404",
      "geometry": {
        "type": "Point",
        "coordinates": [
          54.583684,
          24.314664
        ]
      },
      "properties": {
        "id": "adsdi-bus-404",
        "objectId": 404,
        "gtfsId": 10689,
        "code": "10689A",
        "name": "Al Thamoudi St / Stop 10689",
        "nameAr": "ش. الثمودي/ موقف 10689",
        "stopNumber": 10689,
        "zoneId": "mbz-zayed-city",
        "sourceClass": "observed",
        "source": "adsdiBusStops"
      }
    },
    {
      "type": "Feature",
      "id": "adsdi-bus-1400",
      "geometry": {
        "type": "Point",
        "coordinates": [
          54.542874,
          24.312408
        ]
      },
      "properties": {
        "id": "adsdi-bus-1400",
        "objectId": 1400,
        "gtfsId": 10134,
        "code": "10134B",
        "name": "Al Anwar St / Tawwaq St",
        "nameAr": "شارع الأنوار/ شارع تواق",
        "stopNumber": 10134,
        "zoneId": "mbz-zayed-city",
        "sourceClass": "observed",
        "source": "adsdiBusStops"
      }
    },
    {
      "type": "Feature",
      "id": "adsdi-bus-2064",
      "geometry": {
        "type": "Point",
        "coordinates": [
          54.495096,
          24.372303
        ]
      },
      "properties": {
        "id": "adsdi-bus-2064",
        "objectId": 2064,
        "gtfsId": 11066,
        "code": "11066B",
        "name": "St 8 / United Bank",
        "nameAr": "شارع 8 / يونايتد بنك",
        "stopNumber": 11066,
        "zoneId": "musaffah",
        "sourceClass": "observed",
        "source": "adsdiBusStops"
      }
    },
    {
      "type": "Feature",
      "id": "adsdi-bus-4031",
      "geometry": {
        "type": "Point",
        "coordinates": [
          54.565902,
          24.422565
        ]
      },
      "properties": {
        "id": "adsdi-bus-4031",
        "objectId": 4031,
        "gtfsId": 16620,
        "code": "16620A",
        "name": "Theyab Bin Eissa St / Souq",
        "nameAr": "شارع ذياب بن عيسى /  السوق",
        "stopNumber": 16620,
        "zoneId": "khalifa-city",
        "sourceClass": "observed",
        "source": "adsdiBusStops"
      }
    },
    {
      "type": "Feature",
      "id": "adsdi-bus-3060",
      "geometry": {
        "type": "Point",
        "coordinates": [
          54.370107,
          24.470996
        ]
      },
      "properties": {
        "id": "adsdi-bus-3060",
        "objectId": 3060,
        "gtfsId": 219,
        "code": "00219A",
        "name": "Shk. Rashid Bin Saeed St / Hazzaʹ Bin Zayed St",
        "nameAr": "شارع الشيخ راشد بن سعيد / شارع هزاع بن زايد",
        "stopNumber": 219,
        "zoneId": "al-danah",
        "sourceClass": "observed",
        "source": "adsdiBusStops"
      }
    },
    {
      "type": "Feature",
      "id": "adsdi-bus-521",
      "geometry": {
        "type": "Point",
        "coordinates": [
          54.611483,
          24.493521
        ]
      },
      "properties": {
        "id": "adsdi-bus-521",
        "objectId": 521,
        "gtfsId": 19512,
        "code": "19512B",
        "name": "Al Maha St / Yas Mall North",
        "nameAr": "شارع المَهَا / ياس مول (جنوب)",
        "stopNumber": 19512,
        "zoneId": "yas-island",
        "sourceClass": "observed",
        "source": "adsdiBusStops"
      }
    },
    {
      "type": "Feature",
      "id": "adsdi-bus-3770",
      "geometry": {
        "type": "Point",
        "coordinates": [
          54.548798,
          24.337473
        ]
      },
      "properties": {
        "id": "adsdi-bus-3770",
        "objectId": 3770,
        "gtfsId": 12351,
        "code": "12351A",
        "name": "Al Qa-id St / Ali Ghurair Al-Rumaithi Mosque",
        "nameAr": "شارع القائد / مسجد علي غرير الرميثي",
        "stopNumber": 12351,
        "zoneId": "mbz-zayed-city",
        "sourceClass": "observed",
        "source": "adsdiBusStops"
      }
    },
    {
      "type": "Feature",
      "id": "adsdi-bus-450",
      "geometry": {
        "type": "Point",
        "coordinates": [
          54.359271,
          24.460265
        ]
      },
      "properties": {
        "id": "adsdi-bus-450",
        "objectId": 450,
        "gtfsId": 1109,
        "code": "01109B",
        "name": "Hazzaʹ Bin Zayed St / Mohamed Bin Khaled School",
        "nameAr": "شارع هزاع بن زايد/  مدرسة محمد بن خالد",
        "stopNumber": 1109,
        "zoneId": "al-khalidiyah",
        "sourceClass": "observed",
        "source": "adsdiBusStops"
      }
    },
    {
      "type": "Feature",
      "id": "adsdi-bus-2442",
      "geometry": {
        "type": "Point",
        "coordinates": [
          54.425096,
          24.532623
        ]
      },
      "properties": {
        "id": "adsdi-bus-2442",
        "objectId": 2442,
        "gtfsId": 1152,
        "code": "01152B",
        "name": "Laffan St / Stop 1152",
        "nameAr": "شارع لَفَّان/ موقف 1152",
        "stopNumber": 1152,
        "zoneId": "al-saadiyat",
        "sourceClass": "observed",
        "source": "adsdiBusStops"
      }
    },
    {
      "type": "Feature",
      "id": "adsdi-bus-2156",
      "geometry": {
        "type": "Point",
        "coordinates": [
          54.470457,
          24.344676
        ]
      },
      "properties": {
        "id": "adsdi-bus-2156",
        "objectId": 2156,
        "gtfsId": 11182,
        "code": "11182A",
        "name": "St 16 / Gulf Steel Industries",
        "nameAr": "شارع 16/ الخليج للصناعات الحديدية",
        "stopNumber": 11182,
        "zoneId": "musaffah",
        "sourceClass": "observed",
        "source": "adsdiBusStops"
      }
    },
    {
      "type": "Feature",
      "id": "adsdi-bus-3607",
      "geometry": {
        "type": "Point",
        "coordinates": [
          54.565104,
          24.337529
        ]
      },
      "properties": {
        "id": "adsdi-bus-3607",
        "objectId": 3607,
        "gtfsId": 12119,
        "code": "12119B",
        "name": "Al Qa-id St / Al Hawra St",
        "nameAr": "ش. القائد/ ش. الحوراء",
        "stopNumber": 12119,
        "zoneId": "mbz-zayed-city",
        "sourceClass": "observed",
        "source": "adsdiBusStops"
      }
    },
    {
      "type": "Feature",
      "id": "adsdi-bus-1638",
      "geometry": {
        "type": "Point",
        "coordinates": [
          54.548784,
          24.32524
        ]
      },
      "properties": {
        "id": "adsdi-bus-1638",
        "objectId": 1638,
        "gtfsId": 10601,
        "code": "10601A",
        "name": "Naseem Al Barr St / Hamir St",
        "nameAr": "شارع نسيم البر/ شارع حامر",
        "stopNumber": 10601,
        "zoneId": "mbz-zayed-city",
        "sourceClass": "observed",
        "source": "adsdiBusStops"
      }
    },
    {
      "type": "Feature",
      "id": "adsdi-bus-1045",
      "geometry": {
        "type": "Point",
        "coordinates": [
          54.535565,
          24.318509
        ]
      },
      "properties": {
        "id": "adsdi-bus-1045",
        "objectId": 1045,
        "gtfsId": 10084,
        "code": "10084B",
        "name": "Razim St / Al Muntaha School for Secondary Education",
        "nameAr": "شارع رازم / مدرسة المنتهى للتعليم الثانوي",
        "stopNumber": 10084,
        "zoneId": "mbz-zayed-city",
        "sourceClass": "observed",
        "source": "adsdiBusStops"
      }
    },
    {
      "type": "Feature",
      "id": "adsdi-bus-3135",
      "geometry": {
        "type": "Point",
        "coordinates": [
          54.511838,
          24.352922
        ]
      },
      "properties": {
        "id": "adsdi-bus-3135",
        "objectId": 3135,
        "gtfsId": 11715,
        "code": "11715B",
        "name": "15 St / ADDC Central Store",
        "nameAr": "شارع 15 / مركز ابوظبي المركزي للتوزيع",
        "stopNumber": 11715,
        "zoneId": "musaffah",
        "sourceClass": "observed",
        "source": "adsdiBusStops"
      }
    },
    {
      "type": "Feature",
      "id": "adsdi-bus-2373",
      "geometry": {
        "type": "Point",
        "coordinates": [
          54.40202,
          24.534577
        ]
      },
      "properties": {
        "id": "adsdi-bus-2373",
        "objectId": 2373,
        "gtfsId": 1170,
        "code": "01170A",
        "name": "Jacques Chirac St / Saadiyat Louvre",
        "nameAr": "شارع جاك شيراك / اللوفر السعديات",
        "stopNumber": 1170,
        "zoneId": "al-saadiyat",
        "sourceClass": "observed",
        "source": "adsdiBusStops"
      }
    },
    {
      "type": "Feature",
      "id": "adsdi-bus-2989",
      "geometry": {
        "type": "Point",
        "coordinates": [
          54.537462,
          24.354043
        ]
      },
      "properties": {
        "id": "adsdi-bus-2989",
        "objectId": 2989,
        "gtfsId": 10108,
        "code": "10108A",
        "name": "Al Anwar St / Burjeel Medical City",
        "nameAr": "شارع الأنوار / مدينة برجيل الطبية",
        "stopNumber": 10108,
        "zoneId": "mbz-zayed-city",
        "sourceClass": "observed",
        "source": "adsdiBusStops"
      }
    },
    {
      "type": "Feature",
      "id": "adsdi-bus-2448",
      "geometry": {
        "type": "Point",
        "coordinates": [
          54.617952,
          24.362803
        ]
      },
      "properties": {
        "id": "adsdi-bus-2448",
        "objectId": 2448,
        "gtfsId": 15032,
        "code": "15032A",
        "name": "Naseem Al Barr St / St 20",
        "nameAr": "ش. نسيم البر/ ش. 20",
        "stopNumber": 15032,
        "zoneId": "mbz-zayed-city",
        "sourceClass": "observed",
        "source": "adsdiBusStops"
      }
    },
    {
      "type": "Feature",
      "id": "adsdi-bus-1022",
      "geometry": {
        "type": "Point",
        "coordinates": [
          54.34885,
          24.463646
        ]
      },
      "properties": {
        "id": "adsdi-bus-1022",
        "objectId": 1022,
        "gtfsId": 3009,
        "code": "03009A",
        "name": "Al Khaleej Al Arabi St / Al Falah St",
        "nameAr": "شارع الخَلِيج العَرَبي/ شارع الفلاح",
        "stopNumber": 3009,
        "zoneId": "al-khalidiyah",
        "sourceClass": "observed",
        "source": "adsdiBusStops"
      }
    },
    {
      "type": "Feature",
      "id": "adsdi-bus-2425",
      "geometry": {
        "type": "Point",
        "coordinates": [
          54.512516,
          24.344024
        ]
      },
      "properties": {
        "id": "adsdi-bus-2425",
        "objectId": 2425,
        "gtfsId": 11721,
        "code": "11721A",
        "name": "St 15 / St 16",
        "nameAr": "شارع 15 / شارع 16",
        "stopNumber": 11721,
        "zoneId": "musaffah",
        "sourceClass": "observed",
        "source": "adsdiBusStops"
      }
    },
    {
      "type": "Feature",
      "id": "adsdi-bus-2342",
      "geometry": {
        "type": "Point",
        "coordinates": [
          54.486273,
          24.372534
        ]
      },
      "properties": {
        "id": "adsdi-bus-2342",
        "objectId": 2342,
        "gtfsId": 11064,
        "code": "11064A",
        "name": "St 8 / St 9",
        "nameAr": "شارع 8 / شارع 9",
        "stopNumber": 11064,
        "zoneId": "musaffah",
        "sourceClass": "observed",
        "source": "adsdiBusStops"
      }
    },
    {
      "type": "Feature",
      "id": "adsdi-bus-1097",
      "geometry": {
        "type": "Point",
        "coordinates": [
          54.580043,
          24.428693
        ]
      },
      "properties": {
        "id": "adsdi-bus-1097",
        "objectId": 1097,
        "gtfsId": 16104,
        "code": "16104A",
        "name": "Al Marmouq St / Al Nadheem St",
        "nameAr": "شارع المرموق/ شارع النَّظِيم",
        "stopNumber": 16104,
        "zoneId": "khalifa-city",
        "sourceClass": "observed",
        "source": "adsdiBusStops"
      }
    },
    {
      "type": "Feature",
      "id": "adsdi-bus-172",
      "geometry": {
        "type": "Point",
        "coordinates": [
          54.404074,
          24.499518
        ]
      },
      "properties": {
        "id": "adsdi-bus-172",
        "objectId": 172,
        "gtfsId": 1076,
        "code": "01076B",
        "name": "Al Rayfah St / Al Reem City Of Lights",
        "nameAr": "شارع الرَّيْفَة / الريم مدينة الاضواء",
        "stopNumber": 1076,
        "zoneId": "al-reem",
        "sourceClass": "observed",
        "source": "adsdiBusStops"
      }
    },
    {
      "type": "Feature",
      "id": "adsdi-bus-3670",
      "geometry": {
        "type": "Point",
        "coordinates": [
          54.405994,
          24.485204
        ]
      },
      "properties": {
        "id": "adsdi-bus-3670",
        "objectId": 3670,
        "gtfsId": 1054,
        "code": "01054A",
        "name": "Al Ghazal St / Al 'Oud St",
        "nameAr": "شارع الغَزَال / شارع العُود",
        "stopNumber": 1054,
        "zoneId": "al-reem",
        "sourceClass": "observed",
        "source": "adsdiBusStops"
      }
    },
    {
      "type": "Feature",
      "id": "adsdi-bus-3361",
      "geometry": {
        "type": "Point",
        "coordinates": [
          54.602884,
          24.477537
        ]
      },
      "properties": {
        "id": "adsdi-bus-3361",
        "objectId": 3361,
        "gtfsId": 19604,
        "code": "19604B",
        "name": "Yas Drive / Marina Circuit North",
        "nameAr": "درب يَاس / حلبة مرسى ياس  شمال",
        "stopNumber": 19604,
        "zoneId": "yas-island",
        "sourceClass": "observed",
        "source": "adsdiBusStops"
      }
    },
    {
      "type": "Feature",
      "id": "adsdi-bus-1738",
      "geometry": {
        "type": "Point",
        "coordinates": [
          54.615459,
          24.48648
        ]
      },
      "properties": {
        "id": "adsdi-bus-1738",
        "objectId": 1738,
        "gtfsId": 19506,
        "code": "19506A",
        "name": "Al Maha St / Yas Mall East",
        "nameAr": "شارع المَهَا / ياس مول شرق",
        "stopNumber": 19506,
        "zoneId": "yas-island",
        "sourceClass": "observed",
        "source": "adsdiBusStops"
      }
    },
    {
      "type": "Feature",
      "id": "adsdi-bus-1701",
      "geometry": {
        "type": "Point",
        "coordinates": [
          54.603162,
          24.482395
        ]
      },
      "properties": {
        "id": "adsdi-bus-1701",
        "objectId": 1701,
        "gtfsId": 19600,
        "code": "19600B",
        "name": "Al Maha St / Ferrari World West",
        "nameAr": "شارع المَهَا / عالم فراري غرب",
        "stopNumber": 19600,
        "zoneId": "yas-island",
        "sourceClass": "observed",
        "source": "adsdiBusStops"
      }
    },
    {
      "type": "Feature",
      "id": "adsdi-bus-1300",
      "geometry": {
        "type": "Point",
        "coordinates": [
          54.517146,
          24.344248
        ]
      },
      "properties": {
        "id": "adsdi-bus-1300",
        "objectId": 1300,
        "gtfsId": 11882,
        "code": "11882B",
        "name": "St 17 / Drivers and Vehicles Licensing Department",
        "nameAr": "شارع 17 / ادارة ترخيص الاليات و السائقين",
        "stopNumber": 11882,
        "zoneId": "musaffah",
        "sourceClass": "observed",
        "source": "adsdiBusStops"
      }
    },
    {
      "type": "Feature",
      "id": "adsdi-bus-2542",
      "geometry": {
        "type": "Point",
        "coordinates": [
          54.471057,
          24.378235
        ]
      },
      "properties": {
        "id": "adsdi-bus-2542",
        "objectId": 2542,
        "gtfsId": 11540,
        "code": "11540B",
        "name": "St 7 / Mussafah Port",
        "nameAr": "شارع 7 / ميناء مصفح",
        "stopNumber": 11540,
        "zoneId": "musaffah",
        "sourceClass": "observed",
        "source": "adsdiBusStops"
      }
    },
    {
      "type": "Feature",
      "id": "adsdi-bus-968",
      "geometry": {
        "type": "Point",
        "coordinates": [
          54.516726,
          24.361967
        ]
      },
      "properties": {
        "id": "adsdi-bus-968",
        "objectId": 968,
        "gtfsId": 11040,
        "code": "11040A",
        "name": "St 17 / Workers Village",
        "nameAr": "شارع 17 \\ القرية العمالية",
        "stopNumber": 11040,
        "zoneId": "musaffah",
        "sourceClass": "observed",
        "source": "adsdiBusStops"
      }
    },
    {
      "type": "Feature",
      "id": "adsdi-bus-3707",
      "geometry": {
        "type": "Point",
        "coordinates": [
          54.447982,
          24.419529
        ]
      },
      "properties": {
        "id": "adsdi-bus-3707",
        "objectId": 3707,
        "gtfsId": 3138,
        "code": "03138B",
        "name": "Al Qala-id St / National Central Research",
        "nameAr": "شارع القَلائِد / المركز الوطني للبحوث",
        "stopNumber": 3138,
        "zoneId": "al-rawdah",
        "sourceClass": "observed",
        "source": "adsdiBusStops"
      }
    },
    {
      "type": "Feature",
      "id": "adsdi-bus-2628",
      "geometry": {
        "type": "Point",
        "coordinates": [
          54.384814,
          24.449785
        ]
      },
      "properties": {
        "id": "adsdi-bus-2628",
        "objectId": 2628,
        "gtfsId": 2440,
        "code": "02440A",
        "name": "Saint Anthony Cathedral for Coptic Orthodox Church",
        "nameAr": "المشرف ، كاتدرائية القديس أنتوني للكنيسة القبطية الأرثوذكسية",
        "stopNumber": 2440,
        "zoneId": "al-mushrif",
        "sourceClass": "observed",
        "source": "adsdiBusStops"
      }
    },
    {
      "type": "Feature",
      "id": "adsdi-bus-2874",
      "geometry": {
        "type": "Point",
        "coordinates": [
          54.385253,
          24.445211
        ]
      },
      "properties": {
        "id": "adsdi-bus-2874",
        "objectId": 2874,
        "gtfsId": 2426,
        "code": "02426B",
        "name": "Al Karamah St / Abu Dhabi Golf and Equestrian Club",
        "nameAr": "شارع الكرامة / نادي أبوظبي للفروسية",
        "stopNumber": 2426,
        "zoneId": "al-mushrif",
        "sourceClass": "observed",
        "source": "adsdiBusStops"
      }
    },
    {
      "type": "Feature",
      "id": "adsdi-bus-719",
      "geometry": {
        "type": "Point",
        "coordinates": [
          54.393731,
          24.437536
        ]
      },
      "properties": {
        "id": "adsdi-bus-719",
        "objectId": 719,
        "gtfsId": 1909,
        "code": "01909B",
        "name": "Anwan St / Al Haslah St",
        "nameAr": "شارع أَنْوَان / شارع الحَاصْلَةْ",
        "stopNumber": 1909,
        "zoneId": "al-mushrif",
        "sourceClass": "observed",
        "source": "adsdiBusStops"
      }
    },
    {
      "type": "Feature",
      "id": "adsdi-bus-1051",
      "geometry": {
        "type": "Point",
        "coordinates": [
          54.368938,
          24.478147
        ]
      },
      "properties": {
        "id": "adsdi-bus-1051",
        "objectId": 1051,
        "gtfsId": 921,
        "code": "00921A",
        "name": "Al Falah St / Sultan Bin Zayed St",
        "nameAr": "شارع الفلاح / شارع سلطان بن زايد",
        "stopNumber": 921,
        "zoneId": "al-danah",
        "sourceClass": "observed",
        "source": "adsdiBusStops"
      }
    },
    {
      "type": "Feature",
      "id": "adsdi-bus-1901",
      "geometry": {
        "type": "Point",
        "coordinates": [
          54.476704,
          24.344621
        ]
      },
      "properties": {
        "id": "adsdi-bus-1901",
        "objectId": 1901,
        "gtfsId": 11184,
        "code": "11184B",
        "name": "St 16 / Friday Market",
        "nameAr": "شارع 16 / بازار مصفح",
        "stopNumber": 11184,
        "zoneId": "musaffah",
        "sourceClass": "observed",
        "source": "adsdiBusStops"
      }
    },
    {
      "type": "Feature",
      "id": "adsdi-bus-1987",
      "geometry": {
        "type": "Point",
        "coordinates": [
          54.543967,
          24.374416
        ]
      },
      "properties": {
        "id": "adsdi-bus-1987",
        "objectId": 1987,
        "gtfsId": 12044,
        "code": "12044B",
        "name": "St 79 / Al Marhoum Eid Al Muraykhi Mosque",
        "nameAr": "شارع 79 / مسجد المرحوم عيد المريخي",
        "stopNumber": 12044,
        "zoneId": "mbz-zayed-city",
        "sourceClass": "observed",
        "source": "adsdiBusStops"
      }
    },
    {
      "type": "Feature",
      "id": "adsdi-bus-32",
      "geometry": {
        "type": "Point",
        "coordinates": [
          54.364773,
          24.466918
        ]
      },
      "properties": {
        "id": "adsdi-bus-32",
        "objectId": 32,
        "gtfsId": 2405,
        "code": "02405B",
        "name": "Al Karamah St / SKMC",
        "nameAr": "شارع الكرامة / مدينة الشيخ الطبية",
        "stopNumber": 2405,
        "zoneId": "al-manhal-karamah",
        "sourceClass": "observed",
        "source": "adsdiBusStops"
      }
    },
    {
      "type": "Feature",
      "id": "adsdi-bus-573",
      "geometry": {
        "type": "Point",
        "coordinates": [
          54.332352,
          24.459674
        ]
      },
      "properties": {
        "id": "adsdi-bus-573",
        "objectId": 573,
        "gtfsId": 703,
        "code": "00703A",
        "name": "Zayed The First St  / Salam Meizr Mosque",
        "nameAr": "شارع زايد الأول /  مسجد سالم ميزر",
        "stopNumber": 703,
        "zoneId": "al-bateen",
        "sourceClass": "observed",
        "source": "adsdiBusStops"
      }
    },
    {
      "type": "Feature",
      "id": "adsdi-bus-1360",
      "geometry": {
        "type": "Point",
        "coordinates": [
          54.34427,
          24.470441
        ]
      },
      "properties": {
        "id": "adsdi-bus-1360",
        "objectId": 1360,
        "gtfsId": 713,
        "code": "00713A",
        "name": "Zayed The First St / Al Khalidiya Public Garden",
        "nameAr": "شارع زايد الأول / حديقة الخالدية العامة",
        "stopNumber": 713,
        "zoneId": "al-khalidiyah",
        "sourceClass": "observed",
        "source": "adsdiBusStops"
      }
    },
    {
      "type": "Feature",
      "id": "adsdi-bus-1655",
      "geometry": {
        "type": "Point",
        "coordinates": [
          54.409378,
          24.502711
        ]
      },
      "properties": {
        "id": "adsdi-bus-1655",
        "objectId": 1655,
        "gtfsId": 1088,
        "code": "01088A",
        "name": "Al 'Oud St / Union National Bank",
        "nameAr": "شارع العُود / بنك الاتحاد الوطني",
        "stopNumber": 1088,
        "zoneId": "al-reem",
        "sourceClass": "observed",
        "source": "adsdiBusStops"
      }
    },
    {
      "type": "Feature",
      "id": "adsdi-bus-513",
      "geometry": {
        "type": "Point",
        "coordinates": [
          54.346466,
          24.472144
        ]
      },
      "properties": {
        "id": "adsdi-bus-513",
        "objectId": 513,
        "gtfsId": 715,
        "code": "00715A",
        "name": "Zayed The First St / Dana Plaza",
        "nameAr": "شارع زايد الأول / دانة بلازا",
        "stopNumber": 715,
        "zoneId": "al-khalidiyah",
        "sourceClass": "observed",
        "source": "adsdiBusStops"
      }
    },
    {
      "type": "Feature",
      "id": "adsdi-bus-2588",
      "geometry": {
        "type": "Point",
        "coordinates": [
          54.323264,
          24.46522
        ]
      },
      "properties": {
        "id": "adsdi-bus-2588",
        "objectId": 2588,
        "gtfsId": 3404,
        "code": "03404A",
        "name": "King Salman Bin Abdulaziz Al Saud St / Corniche St",
        "nameAr": "شارع الملك سلمان بن عبد العزيز آل سعود / شارع الكورنيش",
        "stopNumber": 3404,
        "zoneId": "al-bateen",
        "sourceClass": "observed",
        "source": "adsdiBusStops"
      }
    },
    {
      "type": "Feature",
      "id": "adsdi-bus-916",
      "geometry": {
        "type": "Point",
        "coordinates": [
          54.366883,
          24.494103
        ]
      },
      "properties": {
        "id": "adsdi-bus-916",
        "objectId": 916,
        "gtfsId": 605,
        "code": "00605A",
        "name": "Fatimah Bint Mubarak St / Al Mariah Mall.",
        "nameAr": "شارع فاطمة بنت مبارك/ المارية مول",
        "stopNumber": 605,
        "zoneId": "al-danah",
        "sourceClass": "observed",
        "source": "adsdiBusStops"
      }
    },
    {
      "type": "Feature",
      "id": "adsdi-bus-2926",
      "geometry": {
        "type": "Point",
        "coordinates": [
          54.374531,
          24.502872
        ]
      },
      "properties": {
        "id": "adsdi-bus-2926",
        "objectId": 2926,
        "gtfsId": 1001,
        "code": "01001B",
        "name": "Al Zahiyah St / Al Meena St",
        "nameAr": "شارع الزَّاهِيَة / شارع الميناء",
        "stopNumber": 1001,
        "zoneId": "al-zahiyah",
        "sourceClass": "observed",
        "source": "adsdiBusStops"
      }
    },
    {
      "type": "Feature",
      "id": "adsdi-bus-3810",
      "geometry": {
        "type": "Point",
        "coordinates": [
          54.562344,
          24.297007
        ]
      },
      "properties": {
        "id": "adsdi-bus-3810",
        "objectId": 3810,
        "gtfsId": 10362,
        "code": "10362B",
        "name": "Al Saleel St / Shk. Zayed bin Sultan Al Nahyan Mosque",
        "nameAr": "شارع الصَليِل/ مسجد الشيخ زايد بن سلطان آل نهيان",
        "stopNumber": 10362,
        "zoneId": "mbz-zayed-city",
        "sourceClass": "observed",
        "source": "adsdiBusStops"
      }
    },
    {
      "type": "Feature",
      "id": "adsdi-bus-3613",
      "geometry": {
        "type": "Point",
        "coordinates": [
          54.535681,
          24.337892
        ]
      },
      "properties": {
        "id": "adsdi-bus-3613",
        "objectId": 3613,
        "gtfsId": 10561,
        "code": "10561B",
        "name": "Al Rayat St / Al Rai St",
        "nameAr": "شارع الرَّايَات / شارع الدراج",
        "stopNumber": 10561,
        "zoneId": "mbz-zayed-city",
        "sourceClass": "observed",
        "source": "adsdiBusStops"
      }
    },
    {
      "type": "Feature",
      "id": "adsdi-bus-275",
      "geometry": {
        "type": "Point",
        "coordinates": [
          54.589341,
          24.302487
        ]
      },
      "properties": {
        "id": "adsdi-bus-275",
        "objectId": 275,
        "gtfsId": 10860,
        "code": "10860A",
        "name": "Al Angham St / Al Thamoudi St",
        "nameAr": "ش. الأنغام/ ش. الثمودي",
        "stopNumber": 10860,
        "zoneId": "mbz-zayed-city",
        "sourceClass": "observed",
        "source": "adsdiBusStops"
      }
    },
    {
      "type": "Feature",
      "id": "adsdi-bus-2488",
      "geometry": {
        "type": "Point",
        "coordinates": [
          54.497093,
          24.399875
        ]
      },
      "properties": {
        "id": "adsdi-bus-2488",
        "objectId": 2488,
        "gtfsId": 3085,
        "code": "03085B",
        "name": "Khaleej Al Arabi St / Bus Interchange",
        "nameAr": "شارع الخَلِيج العَرَبي / نقطة التبديل",
        "stopNumber": 3085,
        "zoneId": "rabdan-al-maqta",
        "sourceClass": "observed",
        "source": "adsdiBusStops"
      }
    },
    {
      "type": "Feature",
      "id": "adsdi-bus-318",
      "geometry": {
        "type": "Point",
        "coordinates": [
          54.381391,
          24.490675
        ]
      },
      "properties": {
        "id": "adsdi-bus-318",
        "objectId": 318,
        "gtfsId": 769,
        "code": "00769A",
        "name": "Al Reem St / Bilal Bin Rebah Mosque",
        "nameAr": "شارع الرِّيم / مسجد بلال بن ربيعة",
        "stopNumber": 769,
        "zoneId": "al-zahiyah",
        "sourceClass": "observed",
        "source": "adsdiBusStops"
      }
    },
    {
      "type": "Feature",
      "id": "adsdi-bus-3269",
      "geometry": {
        "type": "Point",
        "coordinates": [
          54.374392,
          24.495117
        ]
      },
      "properties": {
        "id": "adsdi-bus-3269",
        "objectId": 3269,
        "gtfsId": 808,
        "code": "00808A",
        "name": "Shk. Zayed Bin Sultn St / Hamdan St",
        "nameAr": "شارع الشيخ زايد بن سلطان \\ شارع حمدان",
        "stopNumber": 808,
        "zoneId": "al-zahiyah",
        "sourceClass": "observed",
        "source": "adsdiBusStops"
      }
    },
    {
      "type": "Feature",
      "id": "adsdi-bus-2290",
      "geometry": {
        "type": "Point",
        "coordinates": [
          54.516479,
          24.357533
        ]
      },
      "properties": {
        "id": "adsdi-bus-2290",
        "objectId": 2290,
        "gtfsId": 11038,
        "code": "11038B",
        "name": "St 17 / St 12",
        "nameAr": "شارع 17 / شارع 12",
        "stopNumber": 11038,
        "zoneId": "musaffah",
        "sourceClass": "observed",
        "source": "adsdiBusStops"
      }
    },
    {
      "type": "Feature",
      "id": "adsdi-bus-126",
      "geometry": {
        "type": "Point",
        "coordinates": [
          54.470177,
          24.41341
        ]
      },
      "properties": {
        "id": "adsdi-bus-126",
        "objectId": 126,
        "gtfsId": 2487,
        "code": "02487C",
        "name": "Saif Ghobash St / Sheikh Zayed Grand Mosque",
        "nameAr": "شارع سيف غباش / جامع الشيخ زايد الكبير",
        "stopNumber": 2487,
        "zoneId": "al-rawdah",
        "sourceClass": "observed",
        "source": "adsdiBusStops"
      }
    },
    {
      "type": "Feature",
      "id": "adsdi-bus-1795",
      "geometry": {
        "type": "Point",
        "coordinates": [
          54.386505,
          24.453144
        ]
      },
      "properties": {
        "id": "adsdi-bus-1795",
        "objectId": 1795,
        "gtfsId": 243,
        "code": "00243B",
        "name": "Shk. Rashid Bin Saeed  St / Ministry of Information & Culture",
        "nameAr": "شارع الشيخ راشد بن سعيد / وزارة الاعلام و الثقافة",
        "stopNumber": 243,
        "zoneId": "al-mushrif",
        "sourceClass": "observed",
        "source": "adsdiBusStops"
      }
    },
    {
      "type": "Feature",
      "id": "adsdi-bus-1552",
      "geometry": {
        "type": "Point",
        "coordinates": [
          54.601988,
          24.448183
        ]
      },
      "properties": {
        "id": "adsdi-bus-1552",
        "objectId": 1552,
        "gtfsId": 16020,
        "code": "16020B",
        "name": "Al Rahah St / Al Bandar St",
        "nameAr": "شارع الرَّاحَة / شارع البندر",
        "stopNumber": 16020,
        "zoneId": "al-raha",
        "sourceClass": "observed",
        "source": "adsdiBusStops"
      }
    },
    {
      "type": "Feature",
      "id": "adsdi-bus-959",
      "geometry": {
        "type": "Point",
        "coordinates": [
          54.377846,
          24.492341
        ]
      },
      "properties": {
        "id": "adsdi-bus-959",
        "objectId": 959,
        "gtfsId": 759,
        "code": "00759B",
        "name": "Al Mawkib St / Shk. Zayed Bin Sultan St",
        "nameAr": "شارع المَوْكِب / شارع الشيخ زايد بن سلطان",
        "stopNumber": 759,
        "zoneId": "al-zahiyah",
        "sourceClass": "observed",
        "source": "adsdiBusStops"
      }
    },
    {
      "type": "Feature",
      "id": "adsdi-bus-962",
      "geometry": {
        "type": "Point",
        "coordinates": [
          54.458987,
          24.566143
        ]
      },
      "properties": {
        "id": "adsdi-bus-962",
        "objectId": 962,
        "gtfsId": 1173,
        "code": "01173B",
        "name": "Al Dhiba St / Hidd Al Saadiyat",
        "nameAr": "شارع الظبا / حد السعديات",
        "stopNumber": 1173,
        "zoneId": "al-saadiyat",
        "sourceClass": "observed",
        "source": "adsdiBusStops"
      }
    },
    {
      "type": "Feature",
      "id": "adsdi-bus-813",
      "geometry": {
        "type": "Point",
        "coordinates": [
          54.548494,
          24.337236
        ]
      },
      "properties": {
        "id": "adsdi-bus-813",
        "objectId": 813,
        "gtfsId": 12351,
        "code": "12351B",
        "name": "Al Qa-id St / Ali Ghurair Al-Rumaithi Mosque",
        "nameAr": "شارع القائد / مسجد علي غرير الرميثي",
        "stopNumber": 12351,
        "zoneId": "mbz-zayed-city",
        "sourceClass": "observed",
        "source": "adsdiBusStops"
      }
    },
    {
      "type": "Feature",
      "id": "adsdi-bus-2436",
      "geometry": {
        "type": "Point",
        "coordinates": [
          54.491424,
          24.365747
        ]
      },
      "properties": {
        "id": "adsdi-bus-2436",
        "objectId": 2436,
        "gtfsId": 11648,
        "code": "11648B",
        "name": "St 11 /St 10",
        "nameAr": "ش. 11/ ش. 10",
        "stopNumber": 11648,
        "zoneId": "musaffah",
        "sourceClass": "observed",
        "source": "adsdiBusStops"
      }
    },
    {
      "type": "Feature",
      "id": "adsdi-bus-1649",
      "geometry": {
        "type": "Point",
        "coordinates": [
          54.362608,
          24.489454
        ]
      },
      "properties": {
        "id": "adsdi-bus-1649",
        "objectId": 1649,
        "gtfsId": 515,
        "code": "00515B",
        "name": "Hamdan St / Sultan Bin Zayed St",
        "nameAr": "شارع حمدان / شارع سلطان بن زايد",
        "stopNumber": 515,
        "zoneId": "al-danah",
        "sourceClass": "observed",
        "source": "adsdiBusStops"
      }
    },
    {
      "type": "Feature",
      "id": "adsdi-bus-3567",
      "geometry": {
        "type": "Point",
        "coordinates": [
          54.373294,
          24.492962
        ]
      },
      "properties": {
        "id": "adsdi-bus-3567",
        "objectId": 3567,
        "gtfsId": 745,
        "code": "00745A",
        "name": "Zayed The First St / Al Khabiyah St",
        "nameAr": "شارع زايد الأول / شارع الخَابِيَة",
        "stopNumber": 745,
        "zoneId": "al-danah",
        "sourceClass": "observed",
        "source": "adsdiBusStops"
      }
    },
    {
      "type": "Feature",
      "id": "adsdi-bus-2239",
      "geometry": {
        "type": "Point",
        "coordinates": [
          54.605978,
          24.493549
        ]
      },
      "properties": {
        "id": "adsdi-bus-2239",
        "objectId": 2239,
        "gtfsId": 19514,
        "code": "19514B",
        "name": "Al Maha St / Police Station",
        "nameAr": "شارع المَهَا / مركز الشرطة",
        "stopNumber": 19514,
        "zoneId": "yas-island",
        "sourceClass": "observed",
        "source": "adsdiBusStops"
      }
    },
    {
      "type": "Feature",
      "id": "adsdi-bus-178",
      "geometry": {
        "type": "Point",
        "coordinates": [
          54.383163,
          24.488547
        ]
      },
      "properties": {
        "id": "adsdi-bus-178",
        "objectId": 178,
        "gtfsId": 932,
        "code": "00932B",
        "name": "Al Falah St / Shk. Zayed Bin Sultan St",
        "nameAr": "شارع الفلاح / شارع الشيخ زايد بن سلطان",
        "stopNumber": 932,
        "zoneId": "al-zahiyah",
        "sourceClass": "observed",
        "source": "adsdiBusStops"
      }
    },
    {
      "type": "Feature",
      "id": "adsdi-bus-1529",
      "geometry": {
        "type": "Point",
        "coordinates": [
          54.550852,
          24.31579
        ]
      },
      "properties": {
        "id": "adsdi-bus-1529",
        "objectId": 1529,
        "gtfsId": 10674,
        "code": "10674A",
        "name": "Al Mahazim St / Al Nasr St",
        "nameAr": "شارع المحازم / شارع النصر",
        "stopNumber": 10674,
        "zoneId": "mbz-zayed-city",
        "sourceClass": "observed",
        "source": "adsdiBusStops"
      }
    },
    {
      "type": "Feature",
      "id": "adsdi-bus-3023",
      "geometry": {
        "type": "Point",
        "coordinates": [
          54.588168,
          24.307645
        ]
      },
      "properties": {
        "id": "adsdi-bus-3023",
        "objectId": 3023,
        "gtfsId": 10690,
        "code": "10690B",
        "name": "Al Thamoudi St / Salafah St",
        "nameAr": "شارع الثمودي / شارع صلافة",
        "stopNumber": 10690,
        "zoneId": "mbz-zayed-city",
        "sourceClass": "observed",
        "source": "adsdiBusStops"
      }
    },
    {
      "type": "Feature",
      "id": "adsdi-bus-367",
      "geometry": {
        "type": "Point",
        "coordinates": [
          54.378394,
          24.452425
        ]
      },
      "properties": {
        "id": "adsdi-bus-367",
        "objectId": 367,
        "gtfsId": 2420,
        "code": "02420B",
        "name": "Al Karamah St / Al Mushrif Palace",
        "nameAr": "شارع الكرامة / قصر المشرف",
        "stopNumber": 2420,
        "zoneId": "al-mushrif",
        "sourceClass": "observed",
        "source": "adsdiBusStops"
      }
    },
    {
      "type": "Feature",
      "id": "adsdi-bus-3072",
      "geometry": {
        "type": "Point",
        "coordinates": [
          54.4011,
          24.43713
        ]
      },
      "properties": {
        "id": "adsdi-bus-3072",
        "objectId": 3072,
        "gtfsId": 2129,
        "code": "02129A",
        "name": "Makkah St / Al Nahda National School",
        "nameAr": "شارع مَكَّة / مدرسة النهضة الوطنية",
        "stopNumber": 2129,
        "zoneId": "al-mushrif",
        "sourceClass": "observed",
        "source": "adsdiBusStops"
      }
    },
    {
      "type": "Feature",
      "id": "adsdi-bus-1460",
      "geometry": {
        "type": "Point",
        "coordinates": [
          54.552117,
          24.323262
        ]
      },
      "properties": {
        "id": "adsdi-bus-1460",
        "objectId": 1460,
        "gtfsId": 12360,
        "code": "12360A",
        "name": "Al Nasr St / Al Dar'an St",
        "nameAr": "ش. النصر/ ش. الدرعان",
        "stopNumber": 12360,
        "zoneId": "mbz-zayed-city",
        "sourceClass": "observed",
        "source": "adsdiBusStops"
      }
    },
    {
      "type": "Feature",
      "id": "adsdi-bus-2050",
      "geometry": {
        "type": "Point",
        "coordinates": [
          54.471958,
          24.360221
        ]
      },
      "properties": {
        "id": "adsdi-bus-2050",
        "objectId": 2050,
        "gtfsId": 11548,
        "code": "11548B",
        "name": "St 7 / St 12",
        "nameAr": "شارع 7 / شارع 12",
        "stopNumber": 11548,
        "zoneId": "musaffah",
        "sourceClass": "observed",
        "source": "adsdiBusStops"
      }
    },
    {
      "type": "Feature",
      "id": "adsdi-bus-461",
      "geometry": {
        "type": "Point",
        "coordinates": [
          54.439715,
          24.427144
        ]
      },
      "properties": {
        "id": "adsdi-bus-461",
        "objectId": 461,
        "gtfsId": 271,
        "code": "00271A",
        "name": "Shk.Rashid Bin Saeed St / Embassies Area",
        "nameAr": "شارع الشيخ راشد بن سعيد / منطقة السفارات",
        "stopNumber": 271,
        "zoneId": "muroor-al-saadah",
        "sourceClass": "observed",
        "source": "adsdiBusStops"
      }
    },
    {
      "type": "Feature",
      "id": "adsdi-bus-4042",
      "geometry": {
        "type": "Point",
        "coordinates": [
          54.361459,
          24.484852
        ]
      },
      "properties": {
        "id": "adsdi-bus-4042",
        "objectId": 4042,
        "gtfsId": 729,
        "code": "00729B",
        "name": "Zayed The First St / Shk. Rashid Bin Saeed St",
        "nameAr": "شارع زايد الأول / شارع راشد بن سعيد",
        "stopNumber": 729,
        "zoneId": "al-danah",
        "sourceClass": "observed",
        "source": "adsdiBusStops"
      }
    },
    {
      "type": "Feature",
      "id": "adsdi-bus-3856",
      "geometry": {
        "type": "Point",
        "coordinates": [
          54.541832,
          24.31512
        ]
      },
      "properties": {
        "id": "adsdi-bus-3856",
        "objectId": 3856,
        "gtfsId": 10670,
        "code": "10670B",
        "name": "Al Mahazim St / Al Anwar St",
        "nameAr": "شارع نسيم البر/ شارع الأنوار",
        "stopNumber": 10670,
        "zoneId": "mbz-zayed-city",
        "sourceClass": "observed",
        "source": "adsdiBusStops"
      }
    },
    {
      "type": "Feature",
      "id": "adsdi-bus-819",
      "geometry": {
        "type": "Point",
        "coordinates": [
          54.490867,
          24.359018
        ]
      },
      "properties": {
        "id": "adsdi-bus-819",
        "objectId": 819,
        "gtfsId": 11122,
        "code": "11122A",
        "name": "St 12 / St 11",
        "nameAr": "شارع 12 \\ شارع 11",
        "stopNumber": 11122,
        "zoneId": "musaffah",
        "sourceClass": "observed",
        "source": "adsdiBusStops"
      }
    },
    {
      "type": "Feature",
      "id": "adsdi-bus-3401",
      "geometry": {
        "type": "Point",
        "coordinates": [
          54.512012,
          24.348761
        ]
      },
      "properties": {
        "id": "adsdi-bus-3401",
        "objectId": 3401,
        "gtfsId": 11717,
        "code": "11717B",
        "name": "St 15 / Al Jimi Worker Village",
        "nameAr": "شارع 15/ قرية الجيمي العمالية",
        "stopNumber": 11717,
        "zoneId": "musaffah",
        "sourceClass": "observed",
        "source": "adsdiBusStops"
      }
    },
    {
      "type": "Feature",
      "id": "adsdi-bus-155",
      "geometry": {
        "type": "Point",
        "coordinates": [
          54.55323,
          24.350649
        ]
      },
      "properties": {
        "id": "adsdi-bus-155",
        "objectId": 155,
        "gtfsId": 12304,
        "code": "12304A",
        "name": "Al Sawari St / St 63",
        "nameAr": "شارع الصواري / شارع 63",
        "stopNumber": 12304,
        "zoneId": "mbz-zayed-city",
        "sourceClass": "observed",
        "source": "adsdiBusStops"
      }
    },
    {
      "type": "Feature",
      "id": "adsdi-bus-2811",
      "geometry": {
        "type": "Point",
        "coordinates": [
          54.428601,
          24.427521
        ]
      },
      "properties": {
        "id": "adsdi-bus-2811",
        "objectId": 2811,
        "gtfsId": 2905,
        "code": "02905B",
        "name": "Rabdan St / Ministry Of Foreign Trade",
        "nameAr": "شارع ربدان / وزارة التجارة الخارجية",
        "stopNumber": 2905,
        "zoneId": "al-rawdah",
        "sourceClass": "observed",
        "source": "adsdiBusStops"
      }
    },
    {
      "type": "Feature",
      "id": "adsdi-bus-1741",
      "geometry": {
        "type": "Point",
        "coordinates": [
          54.428683,
          24.433976
        ]
      },
      "properties": {
        "id": "adsdi-bus-1741",
        "objectId": 1741,
        "gtfsId": 465,
        "code": "00465B",
        "name": "Sultan Bin Zayed St / Local Affairs Depatment",
        "nameAr": "شارع سلطان بن زايد/ إدارة الشؤون القانونية",
        "stopNumber": 465,
        "zoneId": "muroor-al-saadah",
        "sourceClass": "observed",
        "source": "adsdiBusStops"
      }
    },
    {
      "type": "Feature",
      "id": "adsdi-bus-2860",
      "geometry": {
        "type": "Point",
        "coordinates": [
          54.36856,
          24.472187
        ]
      },
      "properties": {
        "id": "adsdi-bus-2860",
        "objectId": 2860,
        "gtfsId": 217,
        "code": "00217B",
        "name": "Shk. Rashid Bin Saeed St / SKMC",
        "nameAr": "شارع الشيخ راشد بن سعيد / مدينة الشيخ خليفة الطبية",
        "stopNumber": 217,
        "zoneId": "al-manhal-karamah",
        "sourceClass": "observed",
        "source": "adsdiBusStops"
      }
    },
    {
      "type": "Feature",
      "id": "adsdi-bus-868",
      "geometry": {
        "type": "Point",
        "coordinates": [
          54.436016,
          24.547087
        ]
      },
      "properties": {
        "id": "adsdi-bus-868",
        "objectId": 868,
        "gtfsId": 1160,
        "code": "01160A",
        "name": "Shati Al Sa'diyat St / Saadiyat Public Beach",
        "nameAr": "شارع شَاطئ السَّعْدِيات / شاطئ السعديات العام",
        "stopNumber": 1160,
        "zoneId": "al-saadiyat",
        "sourceClass": "observed",
        "source": "adsdiBusStops"
      }
    },
    {
      "type": "Feature",
      "id": "adsdi-bus-3524",
      "geometry": {
        "type": "Point",
        "coordinates": [
          54.405212,
          24.529884
        ]
      },
      "properties": {
        "id": "adsdi-bus-3524",
        "objectId": 3524,
        "gtfsId": 1150,
        "code": "01150A",
        "name": "Jacques Chirac St / Saadiyat Beach Gate B",
        "nameAr": "شارع جاك شيراك/ شاطئ السعديات بوابة ب",
        "stopNumber": 1150,
        "zoneId": "al-saadiyat",
        "sourceClass": "observed",
        "source": "adsdiBusStops"
      }
    },
    {
      "type": "Feature",
      "id": "adsdi-bus-3501",
      "geometry": {
        "type": "Point",
        "coordinates": [
          54.562071,
          24.317743
        ]
      },
      "properties": {
        "id": "adsdi-bus-3501",
        "objectId": 3501,
        "gtfsId": 12328,
        "code": "12328A",
        "name": "Al Nasr St / Al Thamoudi St",
        "nameAr": "ش. النصر/ ش. الثمودي",
        "stopNumber": 12328,
        "zoneId": "mbz-zayed-city",
        "sourceClass": "observed",
        "source": "adsdiBusStops"
      }
    },
    {
      "type": "Feature",
      "id": "adsdi-bus-1343",
      "geometry": {
        "type": "Point",
        "coordinates": [
          54.562333,
          24.365663
        ]
      },
      "properties": {
        "id": "adsdi-bus-1343",
        "objectId": 1343,
        "gtfsId": 13060,
        "code": "13060B",
        "name": "Abu Dhabi University",
        "nameAr": "جامعة أبوظبي",
        "stopNumber": 13060,
        "zoneId": "mbz-zayed-city",
        "sourceClass": "observed",
        "source": "adsdiBusStops"
      }
    },
    {
      "type": "Feature",
      "id": "adsdi-bus-2499",
      "geometry": {
        "type": "Point",
        "coordinates": [
          54.373764,
          24.472644
        ]
      },
      "properties": {
        "id": "adsdi-bus-2499",
        "objectId": 2499,
        "gtfsId": 1121,
        "code": "01121B",
        "name": "Hazzaʹ Bin Zayed St / Abu Dhabi Bus Station",
        "nameAr": "شارع هزاع بن زايد / محطة حافلات أبوظبي",
        "stopNumber": 1121,
        "zoneId": "al-danah",
        "sourceClass": "observed",
        "source": "adsdiBusStops"
      }
    },
    {
      "type": "Feature",
      "id": "adsdi-bus-1337",
      "geometry": {
        "type": "Point",
        "coordinates": [
          54.616623,
          24.456956
        ]
      },
      "properties": {
        "id": "adsdi-bus-1337",
        "objectId": 1337,
        "gtfsId": 16021,
        "code": "16021B",
        "name": "Al Zeina",
        "nameAr": "الزينة",
        "stopNumber": 16021,
        "zoneId": "al-raha",
        "sourceClass": "observed",
        "source": "adsdiBusStops"
      }
    },
    {
      "type": "Feature",
      "id": "adsdi-bus-3258",
      "geometry": {
        "type": "Point",
        "coordinates": [
          54.371419,
          24.495685
        ]
      },
      "properties": {
        "id": "adsdi-bus-3258",
        "objectId": 3258,
        "gtfsId": 527,
        "code": "00527B",
        "name": "Hamdan St / Shk. Zayed Bin Sultan St",
        "nameAr": "شارع حمدان/ شارع الشيخ زايد بن سلطان",
        "stopNumber": 527,
        "zoneId": "al-danah",
        "sourceClass": "observed",
        "source": "adsdiBusStops"
      }
    },
    {
      "type": "Feature",
      "id": "adsdi-bus-3779",
      "geometry": {
        "type": "Point",
        "coordinates": [
          54.513194,
          24.377918
        ]
      },
      "properties": {
        "id": "adsdi-bus-3779",
        "objectId": 3779,
        "gtfsId": 11818,
        "code": "11818A",
        "name": "St 16 / St 17",
        "nameAr": "شارع 16 / شارع 17",
        "stopNumber": 11818,
        "zoneId": "musaffah",
        "sourceClass": "observed",
        "source": "adsdiBusStops"
      }
    },
    {
      "type": "Feature",
      "id": "adsdi-bus-553",
      "geometry": {
        "type": "Point",
        "coordinates": [
          54.553164,
          24.350062
        ]
      },
      "properties": {
        "id": "adsdi-bus-553",
        "objectId": 553,
        "gtfsId": 12304,
        "code": "12304B",
        "name": "Al Sawari St / St 63",
        "nameAr": "شارع الصواري / شارع 63",
        "stopNumber": 12304,
        "zoneId": "mbz-zayed-city",
        "sourceClass": "observed",
        "source": "adsdiBusStops"
      }
    },
    {
      "type": "Feature",
      "id": "adsdi-bus-3873",
      "geometry": {
        "type": "Point",
        "coordinates": [
          54.57896,
          24.431748
        ]
      },
      "properties": {
        "id": "adsdi-bus-3873",
        "objectId": 3873,
        "gtfsId": 16690,
        "code": "16690B",
        "name": "Al Sihayli St / Almalayika Mosque",
        "nameAr": "شارع السهيلي/ مسجد المليكة",
        "stopNumber": 16690,
        "zoneId": "khalifa-city",
        "sourceClass": "observed",
        "source": "adsdiBusStops"
      }
    },
    {
      "type": "Feature",
      "id": "adsdi-bus-4048",
      "geometry": {
        "type": "Point",
        "coordinates": [
          54.376469,
          24.471019
        ]
      },
      "properties": {
        "id": "adsdi-bus-4048",
        "objectId": 4048,
        "gtfsId": 420,
        "code": "00420H",
        "name": "Abu Dhabi Bus Station",
        "nameAr": "محطة حافلات أبوظبي",
        "stopNumber": 420,
        "zoneId": "al-nahyan",
        "sourceClass": "observed",
        "source": "adsdiBusStops"
      }
    },
    {
      "type": "Feature",
      "id": "adsdi-bus-135",
      "geometry": {
        "type": "Point",
        "coordinates": [
          54.348725,
          24.463294
        ]
      },
      "properties": {
        "id": "adsdi-bus-135",
        "objectId": 135,
        "gtfsId": 3009,
        "code": "03009B",
        "name": "Al Khaleej Al Arabi St / Al Falah St",
        "nameAr": "شارع الخَلِيج العَرَبي/ شارع الفلاح",
        "stopNumber": 3009,
        "zoneId": "al-bateen",
        "sourceClass": "observed",
        "source": "adsdiBusStops"
      }
    },
    {
      "type": "Feature",
      "id": "adsdi-bus-3381",
      "geometry": {
        "type": "Point",
        "coordinates": [
          54.566795,
          24.436201
        ]
      },
      "properties": {
        "id": "adsdi-bus-3381",
        "objectId": 3381,
        "gtfsId": 16015,
        "code": "16015A",
        "name": "Channel St / Emirates Sailing School",
        "nameAr": "شارع القناة / مدرسة الإمارات للشراع",
        "stopNumber": 16015,
        "zoneId": "al-raha",
        "sourceClass": "observed",
        "source": "adsdiBusStops"
      }
    },
    {
      "type": "Feature",
      "id": "adsdi-bus-1884",
      "geometry": {
        "type": "Point",
        "coordinates": [
          54.405896,
          24.507979
        ]
      },
      "properties": {
        "id": "adsdi-bus-1884",
        "objectId": 1884,
        "gtfsId": 1090,
        "code": "01090B",
        "name": "Al 'Oud St / Repton School",
        "nameAr": "شارع العُود / مدرسة ريبتون",
        "stopNumber": 1090,
        "zoneId": "al-reem",
        "sourceClass": "observed",
        "source": "adsdiBusStops"
      }
    },
    {
      "type": "Feature",
      "id": "adsdi-bus-1294",
      "geometry": {
        "type": "Point",
        "coordinates": [
          54.406398,
          24.510772
        ]
      },
      "properties": {
        "id": "adsdi-bus-1294",
        "objectId": 1294,
        "gtfsId": 1094,
        "code": "01094B",
        "name": "Al Reem Shams",
        "nameAr": "شارع العُود / الريم شمس",
        "stopNumber": 1094,
        "zoneId": "al-reem",
        "sourceClass": "observed",
        "source": "adsdiBusStops"
      }
    },
    {
      "type": "Feature",
      "id": "adsdi-bus-2768",
      "geometry": {
        "type": "Point",
        "coordinates": [
          54.443183,
          24.426163
        ]
      },
      "properties": {
        "id": "adsdi-bus-2768",
        "objectId": 2768,
        "gtfsId": 272,
        "code": "00272B",
        "name": "Shk. Rashid Bin Saeed St / Tunb Al Kubra St",
        "nameAr": "شارع الشيخ راشد بن سعيد/ شارع طُنْب الكُبرَى",
        "stopNumber": 272,
        "zoneId": "al-rawdah",
        "sourceClass": "observed",
        "source": "adsdiBusStops"
      }
    },
    {
      "type": "Feature",
      "id": "adsdi-bus-4022",
      "geometry": {
        "type": "Point",
        "coordinates": [
          54.39513,
          24.449759
        ]
      },
      "properties": {
        "id": "adsdi-bus-4022",
        "objectId": 4022,
        "gtfsId": 1950,
        "code": "01950A",
        "name": "Shakhbout Bin Sultan St / Khalifa University",
        "nameAr": "شارع شخبوط بن سلطان / جامعة خليفة",
        "stopNumber": 1950,
        "zoneId": "al-nahyan",
        "sourceClass": "observed",
        "source": "adsdiBusStops"
      }
    },
    {
      "type": "Feature",
      "id": "adsdi-bus-776",
      "geometry": {
        "type": "Point",
        "coordinates": [
          54.390989,
          24.497235
        ]
      },
      "properties": {
        "id": "adsdi-bus-776",
        "objectId": 776,
        "gtfsId": 946,
        "code": "00946A",
        "name": "Hamouda Bin Ali Al Dhaheri St / Al Maryah St",
        "nameAr": "شارع حمودة بن علي الظاهري / شارع المارِية",
        "stopNumber": 946,
        "zoneId": "al-maryah",
        "sourceClass": "observed",
        "source": "adsdiBusStops"
      }
    },
    {
      "type": "Feature",
      "id": "adsdi-bus-3407",
      "geometry": {
        "type": "Point",
        "coordinates": [
          54.407313,
          24.511148
        ]
      },
      "properties": {
        "id": "adsdi-bus-3407",
        "objectId": 3407,
        "gtfsId": 1098,
        "code": "01098B",
        "name": "Al Muqadah St / Al Reem Shams",
        "nameAr": "شارع المقدح / الريم شمس",
        "stopNumber": 1098,
        "zoneId": "al-reem",
        "sourceClass": "observed",
        "source": "adsdiBusStops"
      }
    },
    {
      "type": "Feature",
      "id": "adsdi-bus-1243",
      "geometry": {
        "type": "Point",
        "coordinates": [
          54.433917,
          24.523107
        ]
      },
      "properties": {
        "id": "adsdi-bus-1243",
        "objectId": 1243,
        "gtfsId": 1180,
        "code": "01180A",
        "name": "Saadiyat New York University 2",
        "nameAr": "جامعة نيويورك السعديات 2",
        "stopNumber": 1180,
        "zoneId": "al-saadiyat",
        "sourceClass": "observed",
        "source": "adsdiBusStops"
      }
    },
    {
      "type": "Feature",
      "id": "adsdi-bus-3836",
      "geometry": {
        "type": "Point",
        "coordinates": [
          54.534772,
          24.335152
        ]
      },
      "properties": {
        "id": "adsdi-bus-3836",
        "objectId": 3836,
        "gtfsId": 10070,
        "code": "10070B",
        "name": "Al Daraj St / Al Fina St",
        "nameAr": "شارع رازم / شارع الفِناء",
        "stopNumber": 10070,
        "zoneId": "mbz-zayed-city",
        "sourceClass": "observed",
        "source": "adsdiBusStops"
      }
    },
    {
      "type": "Feature",
      "id": "adsdi-bus-6",
      "geometry": {
        "type": "Point",
        "coordinates": [
          54.524707,
          24.365458
        ]
      },
      "properties": {
        "id": "adsdi-bus-6",
        "objectId": 6,
        "gtfsId": 11890,
        "code": "11890A",
        "name": "ADNOC Vehicle Inspection Centre",
        "nameAr": "مركز ادنوك لفحص المركبات",
        "stopNumber": 11890,
        "zoneId": "musaffah",
        "sourceClass": "observed",
        "source": "adsdiBusStops"
      }
    },
    {
      "type": "Feature",
      "id": "adsdi-bus-3089",
      "geometry": {
        "type": "Point",
        "coordinates": [
          54.449602,
          24.423321
        ]
      },
      "properties": {
        "id": "adsdi-bus-3089",
        "objectId": 3089,
        "gtfsId": 2473,
        "code": "02473A",
        "name": "Saif Ghobash St / General Civil Aviation Authority",
        "nameAr": "شارع سيف غُباش / الهيئة العامة للطيران المدني",
        "stopNumber": 2473,
        "zoneId": "al-rawdah",
        "sourceClass": "observed",
        "source": "adsdiBusStops"
      }
    },
    {
      "type": "Feature",
      "id": "adsdi-bus-1417",
      "geometry": {
        "type": "Point",
        "coordinates": [
          54.354442,
          24.468747
        ]
      },
      "properties": {
        "id": "adsdi-bus-1417",
        "objectId": 1417,
        "gtfsId": 2613,
        "code": "02613B",
        "name": "Mubarak Bin Mohammed St / Al Falah St",
        "nameAr": "شارع مبارك بن محمد / شارع الفلاح",
        "stopNumber": 2613,
        "zoneId": "al-khalidiyah",
        "sourceClass": "observed",
        "source": "adsdiBusStops"
      }
    },
    {
      "type": "Feature",
      "id": "adsdi-bus-255",
      "geometry": {
        "type": "Point",
        "coordinates": [
          54.375807,
          24.464605
        ]
      },
      "properties": {
        "id": "adsdi-bus-255",
        "objectId": 255,
        "gtfsId": 231,
        "code": "00231B",
        "name": "Shk. Rashid Bin Saeed St / ADFCA",
        "nameAr": "شارع راشد بن سعيد / جهاز أبوظبي للرقابة الغذائية",
        "stopNumber": 231,
        "zoneId": "al-manhal-karamah",
        "sourceClass": "observed",
        "source": "adsdiBusStops"
      }
    },
    {
      "type": "Feature",
      "id": "adsdi-bus-2176",
      "geometry": {
        "type": "Point",
        "coordinates": [
          54.614707,
          24.490485
        ]
      },
      "properties": {
        "id": "adsdi-bus-2176",
        "objectId": 2176,
        "gtfsId": 19510,
        "code": "19510B",
        "name": "Al Maha St / IKEA",
        "nameAr": "شارع المَهَا / ايكيا",
        "stopNumber": 19510,
        "zoneId": "yas-island",
        "sourceClass": "observed",
        "source": "adsdiBusStops"
      }
    },
    {
      "type": "Feature",
      "id": "adsdi-bus-1074",
      "geometry": {
        "type": "Point",
        "coordinates": [
          54.530169,
          24.341636
        ]
      },
      "properties": {
        "id": "adsdi-bus-1074",
        "objectId": 1074,
        "gtfsId": 10150,
        "code": "10150A",
        "name": "Al Heefah St / Safeer Mall",
        "nameAr": "شارع الحِيفَة / سفير مول",
        "stopNumber": 10150,
        "zoneId": "mbz-zayed-city",
        "sourceClass": "observed",
        "source": "adsdiBusStops"
      }
    },
    {
      "type": "Feature",
      "id": "adsdi-bus-3693",
      "geometry": {
        "type": "Point",
        "coordinates": [
          54.537336,
          24.350458
        ]
      },
      "properties": {
        "id": "adsdi-bus-3693",
        "objectId": 3693,
        "gtfsId": 10110,
        "code": "10110B",
        "name": "Al Anwar St / Al Bireeqa St",
        "nameAr": "شارع الأنوار / شارع البِريقَا",
        "stopNumber": 10110,
        "zoneId": "mbz-zayed-city",
        "sourceClass": "observed",
        "source": "adsdiBusStops"
      }
    },
    {
      "type": "Feature",
      "id": "adsdi-bus-2697",
      "geometry": {
        "type": "Point",
        "coordinates": [
          54.538546,
          24.374469
        ]
      },
      "properties": {
        "id": "adsdi-bus-2697",
        "objectId": 2697,
        "gtfsId": 12042,
        "code": "12042A",
        "name": "St 79 / Mazyad Mall",
        "nameAr": "شارع 79 / مزيد مول",
        "stopNumber": 12042,
        "zoneId": "mbz-zayed-city",
        "sourceClass": "observed",
        "source": "adsdiBusStops"
      }
    },
    {
      "type": "Feature",
      "id": "adsdi-bus-633",
      "geometry": {
        "type": "Point",
        "coordinates": [
          54.450235,
          24.421663
        ]
      },
      "properties": {
        "id": "adsdi-bus-633",
        "objectId": 633,
        "gtfsId": 3056,
        "code": "03056A",
        "name": "Al Khittah St / Retirement Pensions and Benefits Fund",
        "nameAr": "شارع الخِطَّة / صندوق و معاشات و مكافآت التقاعد",
        "stopNumber": 3056,
        "zoneId": "al-rawdah",
        "sourceClass": "observed",
        "source": "adsdiBusStops"
      }
    },
    {
      "type": "Feature",
      "id": "adsdi-bus-882",
      "geometry": {
        "type": "Point",
        "coordinates": [
          54.492016,
          24.39982
        ]
      },
      "properties": {
        "id": "adsdi-bus-882",
        "objectId": 882,
        "gtfsId": 3080,
        "code": "03080A",
        "name": "Bawabat Abu Dhabi St / Coop",
        "nameAr": "شارع بَوَّابة أبوظبي / الجمعية التعاونية",
        "stopNumber": 3080,
        "zoneId": "rabdan-al-maqta",
        "sourceClass": "observed",
        "source": "adsdiBusStops"
      }
    },
    {
      "type": "Feature",
      "id": "adsdi-bus-2711",
      "geometry": {
        "type": "Point",
        "coordinates": [
          54.351073,
          24.4542
        ]
      },
      "properties": {
        "id": "adsdi-bus-2711",
        "objectId": 2711,
        "gtfsId": 3421,
        "code": "03421A",
        "name": "King Abdullah bin Abdulaziz Al Saud St / Hazzaʹ Bin Zayed St",
        "nameAr": "شارع الملك عبدالله بن عبدالعزيز آل سعود / شارع هزاع بن زايد الأول",
        "stopNumber": 3421,
        "zoneId": "al-bateen",
        "sourceClass": "observed",
        "source": "adsdiBusStops"
      }
    },
    {
      "type": "Feature",
      "id": "adsdi-bus-1878",
      "geometry": {
        "type": "Point",
        "coordinates": [
          54.601066,
          24.471209
        ]
      },
      "properties": {
        "id": "adsdi-bus-1878",
        "objectId": 1878,
        "gtfsId": 19608,
        "code": "19608A",
        "name": "Yas Drive / Marina Circuit West",
        "nameAr": "درب يَاس / حلبة مرسى ياس غرب",
        "stopNumber": 19608,
        "zoneId": "yas-island",
        "sourceClass": "observed",
        "source": "adsdiBusStops"
      }
    },
    {
      "type": "Feature",
      "id": "adsdi-bus-2946",
      "geometry": {
        "type": "Point",
        "coordinates": [
          54.535441,
          24.321144
        ]
      },
      "properties": {
        "id": "adsdi-bus-2946",
        "objectId": 2946,
        "gtfsId": 10082,
        "code": "10082B",
        "name": "Razim St / Al Yad'ah St",
        "nameAr": "شارع رازم / شارع اليدعة",
        "stopNumber": 10082,
        "zoneId": "mbz-zayed-city",
        "sourceClass": "observed",
        "source": "adsdiBusStops"
      }
    },
    {
      "type": "Feature",
      "id": "adsdi-bus-241",
      "geometry": {
        "type": "Point",
        "coordinates": [
          54.464869,
          24.353428
        ]
      },
      "properties": {
        "id": "adsdi-bus-241",
        "objectId": 241,
        "gtfsId": 11169,
        "code": "11169A",
        "name": "St 14 / Ware House",
        "nameAr": "شارع 14/ مستودع",
        "stopNumber": 11169,
        "zoneId": "musaffah",
        "sourceClass": "observed",
        "source": "adsdiBusStops"
      }
    },
    {
      "type": "Feature",
      "id": "adsdi-bus-2754",
      "geometry": {
        "type": "Point",
        "coordinates": [
          54.515879,
          24.380424
        ]
      },
      "properties": {
        "id": "adsdi-bus-2754",
        "objectId": 2754,
        "gtfsId": 11800,
        "code": "11800A",
        "name": "St 17 / Life Line Hospital",
        "nameAr": "شارع 17 / مستشفى لايفلاين",
        "stopNumber": 11800,
        "zoneId": "musaffah",
        "sourceClass": "observed",
        "source": "adsdiBusStops"
      }
    },
    {
      "type": "Feature",
      "id": "adsdi-bus-2997",
      "geometry": {
        "type": "Point",
        "coordinates": [
          54.566076,
          24.424624
        ]
      },
      "properties": {
        "id": "adsdi-bus-2997",
        "objectId": 2997,
        "gtfsId": 16099,
        "code": "16099B",
        "name": "Al Marmouq St / Ministry Of Interior",
        "nameAr": "شارع المرموق",
        "stopNumber": 16099,
        "zoneId": "khalifa-city",
        "sourceClass": "observed",
        "source": "adsdiBusStops"
      }
    },
    {
      "type": "Feature",
      "id": "adsdi-bus-833",
      "geometry": {
        "type": "Point",
        "coordinates": [
          54.364502,
          24.464984
        ]
      },
      "properties": {
        "id": "adsdi-bus-833",
        "objectId": 833,
        "gtfsId": 1112,
        "code": "01112B",
        "name": "Hazzaʹ Bin Zayed St / Fatima Bint Abd Al Rahman Mosque",
        "nameAr": "شارع هزاع بن زايد/ مسجد فاطمة بنت عبدالرحمن",
        "stopNumber": 1112,
        "zoneId": "al-manhal-karamah",
        "sourceClass": "observed",
        "source": "adsdiBusStops"
      }
    },
    {
      "type": "Feature",
      "id": "adsdi-bus-3252",
      "geometry": {
        "type": "Point",
        "coordinates": [
          54.374148,
          24.481855
        ]
      },
      "properties": {
        "id": "adsdi-bus-3252",
        "objectId": 3252,
        "gtfsId": 927,
        "code": "00927A",
        "name": "Al Falah St / Al Danah Mosque",
        "nameAr": "شارع الفلاح / مسجد الدانة",
        "stopNumber": 927,
        "zoneId": "al-danah",
        "sourceClass": "observed",
        "source": "adsdiBusStops"
      }
    },
    {
      "type": "Feature",
      "id": "adsdi-bus-2262",
      "geometry": {
        "type": "Point",
        "coordinates": [
          54.37717,
          24.495676
        ]
      },
      "properties": {
        "id": "adsdi-bus-2262",
        "objectId": 2262,
        "gtfsId": 749,
        "code": "00749A",
        "name": "Zayed The First St / Electra Park",
        "nameAr": "شارع زايد الأول / حديقة الكترا",
        "stopNumber": 749,
        "zoneId": "al-zahiyah",
        "sourceClass": "observed",
        "source": "adsdiBusStops"
      }
    },
    {
      "type": "Feature",
      "id": "adsdi-bus-596",
      "geometry": {
        "type": "Point",
        "coordinates": [
          54.586349,
          24.498093
        ]
      },
      "properties": {
        "id": "adsdi-bus-596",
        "objectId": 596,
        "gtfsId": 19330,
        "code": "19330B",
        "name": "Al Athari St / ADNOC South",
        "nameAr": "شارع الأثري/ ادنوك جنوب",
        "stopNumber": 19330,
        "zoneId": "yas-island",
        "sourceClass": "observed",
        "source": "adsdiBusStops"
      }
    },
    {
      "type": "Feature",
      "id": "adsdi-bus-447",
      "geometry": {
        "type": "Point",
        "coordinates": [
          54.520839,
          24.355399
        ]
      },
      "properties": {
        "id": "adsdi-bus-447",
        "objectId": 447,
        "gtfsId": 11152,
        "code": "11152B",
        "name": "St 14 / St 17",
        "nameAr": "شارع 14 / شارع 17",
        "stopNumber": 11152,
        "zoneId": "musaffah",
        "sourceClass": "observed",
        "source": "adsdiBusStops"
      }
    },
    {
      "type": "Feature",
      "id": "adsdi-bus-3544",
      "geometry": {
        "type": "Point",
        "coordinates": [
          54.470716,
          24.317973
        ]
      },
      "properties": {
        "id": "adsdi-bus-3544",
        "objectId": 3544,
        "gtfsId": 11572,
        "code": "11572B",
        "name": "Stop 11572",
        "nameAr": "موقف 11572",
        "stopNumber": 11572,
        "zoneId": "musaffah",
        "sourceClass": "observed",
        "source": "adsdiBusStops"
      }
    },
    {
      "type": "Feature",
      "id": "adsdi-bus-49",
      "geometry": {
        "type": "Point",
        "coordinates": [
          54.553408,
          24.342426
        ]
      },
      "properties": {
        "id": "adsdi-bus-49",
        "objectId": 49,
        "gtfsId": 12310,
        "code": "12310B",
        "name": "Al Sawari St / Shaikha Fatima Bint Mubarak Mosque",
        "nameAr": "شارع الصواري/مسجد الشيخة فاطمة بنت مبارك",
        "stopNumber": 12310,
        "zoneId": "mbz-zayed-city",
        "sourceClass": "observed",
        "source": "adsdiBusStops"
      }
    },
    {
      "type": "Feature",
      "id": "adsdi-bus-2803",
      "geometry": {
        "type": "Point",
        "coordinates": [
          54.500305,
          24.359476
        ]
      },
      "properties": {
        "id": "adsdi-bus-2803",
        "objectId": 2803,
        "gtfsId": 11126,
        "code": "11126A",
        "name": "St 12 / St 13",
        "nameAr": "شارع 12 \\ شارع 13",
        "stopNumber": 11126,
        "zoneId": "musaffah",
        "sourceClass": "observed",
        "source": "adsdiBusStops"
      }
    },
    {
      "type": "Feature",
      "id": "adsdi-bus-3885",
      "geometry": {
        "type": "Point",
        "coordinates": [
          54.576727,
          24.439122
        ]
      },
      "properties": {
        "id": "adsdi-bus-3885",
        "objectId": 3885,
        "gtfsId": 16017,
        "code": "16017A",
        "name": "Channel St Stop / 16017",
        "nameAr": "شارع القناة/ موقف 16017",
        "stopNumber": 16017,
        "zoneId": "al-raha",
        "sourceClass": "observed",
        "source": "adsdiBusStops"
      }
    },
    {
      "type": "Feature",
      "id": "adsdi-bus-1821",
      "geometry": {
        "type": "Point",
        "coordinates": [
          54.506138,
          24.359662
        ]
      },
      "properties": {
        "id": "adsdi-bus-1821",
        "objectId": 1821,
        "gtfsId": 11128,
        "code": "11128A",
        "name": "St 12 / Stop 11028",
        "nameAr": "شارع 12 \\ موقف 11028",
        "stopNumber": 11128,
        "zoneId": "musaffah",
        "sourceClass": "observed",
        "source": "adsdiBusStops"
      }
    },
    {
      "type": "Feature",
      "id": "adsdi-bus-1231",
      "geometry": {
        "type": "Point",
        "coordinates": [
          54.367625,
          24.473183
        ]
      },
      "properties": {
        "id": "adsdi-bus-1231",
        "objectId": 1231,
        "gtfsId": 215,
        "code": "00215B",
        "name": "Shk. Rashid Bin Saeed St / Al Tabbiyah Mosque",
        "nameAr": "شارع الشيخ راشد بن سعيد / مسجد الطبية",
        "stopNumber": 215,
        "zoneId": "al-manhal-karamah",
        "sourceClass": "observed",
        "source": "adsdiBusStops"
      }
    },
    {
      "type": "Feature",
      "id": "adsdi-bus-3395",
      "geometry": {
        "type": "Point",
        "coordinates": [
          54.347312,
          24.461009
        ]
      },
      "properties": {
        "id": "adsdi-bus-3395",
        "objectId": 3395,
        "gtfsId": 903,
        "code": "00903A",
        "name": "Al Falah St / Sultan Bin Yousaf Mosque",
        "nameAr": "شارع الفلاح / مسجد سلطان بن يوسف",
        "stopNumber": 903,
        "zoneId": "al-bateen",
        "sourceClass": "observed",
        "source": "adsdiBusStops"
      }
    },
    {
      "type": "Feature",
      "id": "adsdi-bus-198",
      "geometry": {
        "type": "Point",
        "coordinates": [
          54.319205,
          24.458513
        ]
      },
      "properties": {
        "id": "adsdi-bus-198",
        "objectId": 198,
        "gtfsId": 107,
        "code": "00107A",
        "name": "King Abdullah bin Abdulaziz Al Saud St / Etihad Towers",
        "nameAr": "شارع الملك عبدالله بن عبدالعزيز آل سعود \\ أبراج الاتحاد",
        "stopNumber": 107,
        "zoneId": "al-bateen",
        "sourceClass": "observed",
        "source": "adsdiBusStops"
      }
    },
    {
      "type": "Feature",
      "id": "adsdi-bus-2854",
      "geometry": {
        "type": "Point",
        "coordinates": [
          54.405279,
          24.511397
        ]
      },
      "properties": {
        "id": "adsdi-bus-2854",
        "objectId": 2854,
        "gtfsId": 1094,
        "code": "01094A",
        "name": "Al Reem Shams",
        "nameAr": "شارع العُود / الريم شمس",
        "stopNumber": 1094,
        "zoneId": "al-reem",
        "sourceClass": "observed",
        "source": "adsdiBusStops"
      }
    },
    {
      "type": "Feature",
      "id": "adsdi-bus-739",
      "geometry": {
        "type": "Point",
        "coordinates": [
          54.451014,
          24.55307
        ]
      },
      "properties": {
        "id": "adsdi-bus-739",
        "objectId": 739,
        "gtfsId": 1172,
        "code": "01172B",
        "name": "Al Jouri St / Saadiyat Beach Villas Central",
        "nameAr": "شارع الجُوْرِي / فلل شاطئ السعديات المركزية",
        "stopNumber": 1172,
        "zoneId": "al-saadiyat",
        "sourceClass": "observed",
        "source": "adsdiBusStops"
      }
    },
    {
      "type": "Feature",
      "id": "adsdi-bus-1850",
      "geometry": {
        "type": "Point",
        "coordinates": [
          54.536542,
          24.371831
        ]
      },
      "properties": {
        "id": "adsdi-bus-1850",
        "objectId": 1850,
        "gtfsId": 10098,
        "code": "10098A",
        "name": "Al Anwar St / Mazyad Mall",
        "nameAr": "شارع الأنوار / مزيد مول",
        "stopNumber": 10098,
        "zoneId": "mbz-zayed-city",
        "sourceClass": "observed",
        "source": "adsdiBusStops"
      }
    },
    {
      "type": "Feature",
      "id": "adsdi-bus-3771",
      "geometry": {
        "type": "Point",
        "coordinates": [
          54.492475,
          24.415368
        ]
      },
      "properties": {
        "id": "adsdi-bus-3771",
        "objectId": 3771,
        "gtfsId": 3523,
        "code": "03523B",
        "name": "Al Khor St / ITC",
        "nameAr": "شارع الخُور / مركز النقل المتكامل",
        "stopNumber": 3523,
        "zoneId": "rabdan-al-maqta",
        "sourceClass": "observed",
        "source": "adsdiBusStops"
      }
    },
    {
      "type": "Feature",
      "id": "adsdi-bus-190",
      "geometry": {
        "type": "Point",
        "coordinates": [
          54.368616,
          24.472494
        ]
      },
      "properties": {
        "id": "adsdi-bus-190",
        "objectId": 190,
        "gtfsId": 217,
        "code": "00217A",
        "name": "Shk. Rashid Bin Saeed St / SKMC",
        "nameAr": "شارع الشيخ راشد بن سعيد / مدينة الشيخ خليفة الطبية",
        "stopNumber": 217,
        "zoneId": "al-danah",
        "sourceClass": "observed",
        "source": "adsdiBusStops"
      }
    },
    {
      "type": "Feature",
      "id": "adsdi-bus-2514",
      "geometry": {
        "type": "Point",
        "coordinates": [
          54.386516,
          24.462298
        ]
      },
      "properties": {
        "id": "adsdi-bus-2514",
        "objectId": 2514,
        "gtfsId": 427,
        "code": "00427A",
        "name": "Sultan Bin Zayed St / Mohammed Bin Khalifa St",
        "nameAr": "شارع سلطان بن زايد/  شارع محمد بن خليفة",
        "stopNumber": 427,
        "zoneId": "al-nahyan",
        "sourceClass": "observed",
        "source": "adsdiBusStops"
      }
    },
    {
      "type": "Feature",
      "id": "adsdi-bus-2111",
      "geometry": {
        "type": "Point",
        "coordinates": [
          54.436369,
          24.544607
        ]
      },
      "properties": {
        "id": "adsdi-bus-2111",
        "objectId": 2111,
        "gtfsId": 1159,
        "code": "01159A",
        "name": "Shati Al Sa'diyat St / Park Hyatt Hotel 2",
        "nameAr": "شارع شَاطئ السَّعْدِيات / فندف بارك حياة 2",
        "stopNumber": 1159,
        "zoneId": "al-saadiyat",
        "sourceClass": "observed",
        "source": "adsdiBusStops"
      }
    },
    {
      "type": "Feature",
      "id": "adsdi-bus-1518",
      "geometry": {
        "type": "Point",
        "coordinates": [
          54.429886,
          24.540271
        ]
      },
      "properties": {
        "id": "adsdi-bus-1518",
        "objectId": 1518,
        "gtfsId": 1157,
        "code": "01157B",
        "name": "Shati Al Sa'diyat St / Saadiyat Rotana Hotel",
        "nameAr": "شارع شَاطئ السَّعْدِيات / فندق روتانا السعديات",
        "stopNumber": 1157,
        "zoneId": "al-saadiyat",
        "sourceClass": "observed",
        "source": "adsdiBusStops"
      }
    },
    {
      "type": "Feature",
      "id": "adsdi-bus-2537",
      "geometry": {
        "type": "Point",
        "coordinates": [
          54.578745,
          24.316915
        ]
      },
      "properties": {
        "id": "adsdi-bus-2537",
        "objectId": 2537,
        "gtfsId": 10683,
        "code": "10683A",
        "name": "Al Thamoudi St / Stop 10683",
        "nameAr": "ش. الثمودي/ موقف 10698",
        "stopNumber": 10683,
        "zoneId": "mbz-zayed-city",
        "sourceClass": "observed",
        "source": "adsdiBusStops"
      }
    },
    {
      "type": "Feature",
      "id": "adsdi-bus-1541",
      "geometry": {
        "type": "Point",
        "coordinates": [
          54.434473,
          24.43364
        ]
      },
      "properties": {
        "id": "adsdi-bus-1541",
        "objectId": 1541,
        "gtfsId": 469,
        "code": "00469A",
        "name": "Al Sa'adah, Sultan Bin Zayed The First St / Al Zafaranah Health Centre",
        "nameAr": "شارع سلطان بن زايد/ عيادة الزعفرانة الطبية",
        "stopNumber": 469,
        "zoneId": "muroor-al-saadah",
        "sourceClass": "observed",
        "source": "adsdiBusStops"
      }
    },
    {
      "type": "Feature",
      "id": "adsdi-bus-2205",
      "geometry": {
        "type": "Point",
        "coordinates": [
          54.367496,
          24.477127
        ]
      },
      "properties": {
        "id": "adsdi-bus-2205",
        "objectId": 2205,
        "gtfsId": 919,
        "code": "00919A",
        "name": "Al Falah St / Shk. Rashid Bin Saeed St",
        "nameAr": "شارع الفلاح / شارع الشيخ راشد بن سعيد",
        "stopNumber": 919,
        "zoneId": "al-danah",
        "sourceClass": "observed",
        "source": "adsdiBusStops"
      }
    },
    {
      "type": "Feature",
      "id": "adsdi-bus-2752",
      "geometry": {
        "type": "Point",
        "coordinates": [
          54.389031,
          24.459633
        ]
      },
      "properties": {
        "id": "adsdi-bus-2752",
        "objectId": 2752,
        "gtfsId": 433,
        "code": "00433A",
        "name": "Sultan Bin Zayed St / EIBFS",
        "nameAr": "شارع سلطان بن زايد/ معهد الامارات للدراسات المصرفية والمالية",
        "stopNumber": 433,
        "zoneId": "al-nahyan",
        "sourceClass": "observed",
        "source": "adsdiBusStops"
      }
    },
    {
      "type": "Feature",
      "id": "adsdi-bus-2088",
      "geometry": {
        "type": "Point",
        "coordinates": [
          54.367075,
          24.465037
        ]
      },
      "properties": {
        "id": "adsdi-bus-2088",
        "objectId": 2088,
        "gtfsId": 2408,
        "code": "02408A",
        "name": "Al Karamah St / Fatima Bint Abd Al Rahman Mosque",
        "nameAr": "شارع الكرامة / مسجد فاطمة بنت عبدالرحمن",
        "stopNumber": 2408,
        "zoneId": "al-manhal-karamah",
        "sourceClass": "observed",
        "source": "adsdiBusStops"
      }
    },
    {
      "type": "Feature",
      "id": "adsdi-bus-545",
      "geometry": {
        "type": "Point",
        "coordinates": [
          54.320625,
          24.459768
        ]
      },
      "properties": {
        "id": "adsdi-bus-545",
        "objectId": 545,
        "gtfsId": 109,
        "code": "00109A",
        "name": "King Abdullah bin Abdulaziz Al Saud St / Emirates Palace Hotel",
        "nameAr": "شارع الملك عبدالله بن عبدالعزيز آل سعود  / قصر الامارات",
        "stopNumber": 109,
        "zoneId": "al-bateen",
        "sourceClass": "observed",
        "source": "adsdiBusStops"
      }
    },
    {
      "type": "Feature",
      "id": "adsdi-bus-3748",
      "geometry": {
        "type": "Point",
        "coordinates": [
          54.581182,
          24.43463
        ]
      },
      "properties": {
        "id": "adsdi-bus-3748",
        "objectId": 3748,
        "gtfsId": 16055,
        "code": "16055B",
        "name": "Al Mireef St / Police Station",
        "nameAr": "ش. المريف/ مركز شرطة مدينة خليفة",
        "stopNumber": 16055,
        "zoneId": "khalifa-city",
        "sourceClass": "observed",
        "source": "adsdiBusStops"
      }
    },
    {
      "type": "Feature",
      "id": "adsdi-bus-3794",
      "geometry": {
        "type": "Point",
        "coordinates": [
          54.556962,
          24.341342
        ]
      },
      "properties": {
        "id": "adsdi-bus-3794",
        "objectId": 3794,
        "gtfsId": 12114,
        "code": "12114B",
        "name": "Al Qa-id St / Malaqit St",
        "nameAr": "موقف 12114",
        "stopNumber": 12114,
        "zoneId": "mbz-zayed-city",
        "sourceClass": "observed",
        "source": "adsdiBusStops"
      }
    },
    {
      "type": "Feature",
      "id": "adsdi-bus-3130",
      "geometry": {
        "type": "Point",
        "coordinates": [
          54.572074,
          24.404477
        ]
      },
      "properties": {
        "id": "adsdi-bus-3130",
        "objectId": 3130,
        "gtfsId": 16630,
        "code": "16630A",
        "name": "Theyab Bin Eissa St / Al Tashreef St",
        "nameAr": "شارع ذياب بن عيسى / شارع التشريف",
        "stopNumber": 16630,
        "zoneId": "khalifa-city",
        "sourceClass": "observed",
        "source": "adsdiBusStops"
      }
    },
    {
      "type": "Feature",
      "id": "adsdi-bus-2466",
      "geometry": {
        "type": "Point",
        "coordinates": [
          54.340647,
          24.465795
        ]
      },
      "properties": {
        "id": "adsdi-bus-2466",
        "objectId": 2466,
        "gtfsId": 3205,
        "code": "03205B",
        "name": "Al Bateen St / Mileih st",
        "nameAr": "شارع البطين / شارع مِليح",
        "stopNumber": 3205,
        "zoneId": "al-bateen",
        "sourceClass": "observed",
        "source": "adsdiBusStops"
      }
    },
    {
      "type": "Feature",
      "id": "adsdi-bus-2798",
      "geometry": {
        "type": "Point",
        "coordinates": [
          54.375423,
          24.484029
        ]
      },
      "properties": {
        "id": "adsdi-bus-2798",
        "objectId": 2798,
        "gtfsId": 614,
        "code": "00614A",
        "name": "Fatima Bint Mubarak St / Al Falah St",
        "nameAr": "شارع فاطمة بنت مبارك / شارع الفلاح",
        "stopNumber": 614,
        "zoneId": "al-danah",
        "sourceClass": "observed",
        "source": "adsdiBusStops"
      }
    },
    {
      "type": "Feature",
      "id": "adsdi-bus-1687",
      "geometry": {
        "type": "Point",
        "coordinates": [
          54.535306,
          24.325305
        ]
      },
      "properties": {
        "id": "adsdi-bus-1687",
        "objectId": 1687,
        "gtfsId": 10080,
        "code": "10080A",
        "name": "Al Daraj St / Al Naʹnaʹ St",
        "nameAr": "شارع الدراج / شارع النعناع",
        "stopNumber": 10080,
        "zoneId": "mbz-zayed-city",
        "sourceClass": "observed",
        "source": "adsdiBusStops"
      }
    },
    {
      "type": "Feature",
      "id": "adsdi-bus-2351",
      "geometry": {
        "type": "Point",
        "coordinates": [
          54.510198,
          24.345917
        ]
      },
      "properties": {
        "id": "adsdi-bus-2351",
        "objectId": 2351,
        "gtfsId": 11198,
        "code": "11198B",
        "name": "St 16 / Al Jimi Worker Village",
        "nameAr": "شارع 16 / قرية الجيمي العمالية",
        "stopNumber": 11198,
        "zoneId": "musaffah",
        "sourceClass": "observed",
        "source": "adsdiBusStops"
      }
    },
    {
      "type": "Feature",
      "id": "adsdi-bus-3608",
      "geometry": {
        "type": "Point",
        "coordinates": [
          54.444724,
          24.423012
        ]
      },
      "properties": {
        "id": "adsdi-bus-3608",
        "objectId": 3608,
        "gtfsId": 3306,
        "code": "03306A",
        "name": "Tunb Al Kubra St / Health Authority Abu Dhabi",
        "nameAr": "شارع طُنْب الكُبرَى / هيئة الصحة ابو ظبي",
        "stopNumber": 3306,
        "zoneId": "al-rawdah",
        "sourceClass": "observed",
        "source": "adsdiBusStops"
      }
    },
    {
      "type": "Feature",
      "id": "adsdi-bus-2274",
      "geometry": {
        "type": "Point",
        "coordinates": [
          54.442724,
          24.419931
        ]
      },
      "properties": {
        "id": "adsdi-bus-2274",
        "objectId": 2274,
        "gtfsId": 2470,
        "code": "02470B",
        "name": "Al Zumurrud St / ADNEC",
        "nameAr": "شارع الزُمرُّد / مركز ابوظبي الوطني للمعارض",
        "stopNumber": 2470,
        "zoneId": "al-rawdah",
        "sourceClass": "observed",
        "source": "adsdiBusStops"
      }
    },
    {
      "type": "Feature",
      "id": "adsdi-bus-946",
      "geometry": {
        "type": "Point",
        "coordinates": [
          54.430341,
          24.428199
        ]
      },
      "properties": {
        "id": "adsdi-bus-946",
        "objectId": 946,
        "gtfsId": 265,
        "code": "00265B",
        "name": "Shk.Rashid Bin Saeed St / Rabdan St",
        "nameAr": "شارع الشيخ راشد بن سعيد / شارع ربدان",
        "stopNumber": 265,
        "zoneId": "al-rawdah",
        "sourceClass": "observed",
        "source": "adsdiBusStops"
      }
    },
    {
      "type": "Feature",
      "id": "adsdi-bus-359",
      "geometry": {
        "type": "Point",
        "coordinates": [
          54.600301,
          24.470501
        ]
      },
      "properties": {
        "id": "adsdi-bus-359",
        "objectId": 359,
        "gtfsId": 19608,
        "code": "19608B",
        "name": "Yas Drive / Marina Circuit West",
        "nameAr": "درب يَاس / حلبة مرسى ياس غرب",
        "stopNumber": 19608,
        "zoneId": "yas-island",
        "sourceClass": "observed",
        "source": "adsdiBusStops"
      }
    },
    {
      "type": "Feature",
      "id": "adsdi-bus-1000",
      "geometry": {
        "type": "Point",
        "coordinates": [
          54.538015,
          24.34435
        ]
      },
      "properties": {
        "id": "adsdi-bus-1000",
        "objectId": 1000,
        "gtfsId": 10113,
        "code": "10113A",
        "name": "Al Anwar St / Al Ain University",
        "nameAr": "شارع الأنوار / جامعة العين",
        "stopNumber": 10113,
        "zoneId": "mbz-zayed-city",
        "sourceClass": "observed",
        "source": "adsdiBusStops"
      }
    },
    {
      "type": "Feature",
      "id": "adsdi-bus-1633",
      "geometry": {
        "type": "Point",
        "coordinates": [
          54.508141,
          24.382025
        ]
      },
      "properties": {
        "id": "adsdi-bus-1633",
        "objectId": 1633,
        "gtfsId": 11024,
        "code": "11024B",
        "name": "St 6 / St 15",
        "nameAr": "شارع 6 / شارع 15",
        "stopNumber": 11024,
        "zoneId": "musaffah",
        "sourceClass": "observed",
        "source": "adsdiBusStops"
      }
    },
    {
      "type": "Feature",
      "id": "adsdi-bus-453",
      "geometry": {
        "type": "Point",
        "coordinates": [
          54.612412,
          24.356259
        ]
      },
      "properties": {
        "id": "adsdi-bus-453",
        "objectId": 453,
        "gtfsId": 15026,
        "code": "15026A",
        "name": "Naseem Al Barr St / Theyab Bin Eissa St",
        "nameAr": "ش. نسيم البر/ ش. ذياب بن عيسى",
        "stopNumber": 15026,
        "zoneId": "mbz-zayed-city",
        "sourceClass": "observed",
        "source": "adsdiBusStops"
      }
    },
    {
      "type": "Feature",
      "id": "adsdi-bus-2992",
      "geometry": {
        "type": "Point",
        "coordinates": [
          54.461465,
          24.415888
        ]
      },
      "properties": {
        "id": "adsdi-bus-2992",
        "objectId": 2992,
        "gtfsId": 2481,
        "code": "02481B",
        "name": "Saif Ghobash St / Mediclinic Hospital",
        "nameAr": "شارع سيف غُباش / مستشفى ميديكلينك",
        "stopNumber": 2481,
        "zoneId": "al-rawdah",
        "sourceClass": "observed",
        "source": "adsdiBusStops"
      }
    },
    {
      "type": "Feature",
      "id": "adsdi-bus-405",
      "geometry": {
        "type": "Point",
        "coordinates": [
          54.353886,
          24.466748
        ]
      },
      "properties": {
        "id": "adsdi-bus-405",
        "objectId": 405,
        "gtfsId": 909,
        "code": "00909B",
        "name": "Al Falah St / Zayed Al Thani School",
        "nameAr": "شارع الفلاح / مدرسة زايد الثاني",
        "stopNumber": 909,
        "zoneId": "al-khalidiyah",
        "sourceClass": "observed",
        "source": "adsdiBusStops"
      }
    },
    {
      "type": "Feature",
      "id": "adsdi-bus-2374",
      "geometry": {
        "type": "Point",
        "coordinates": [
          54.558498,
          24.325272
        ]
      },
      "properties": {
        "id": "adsdi-bus-2374",
        "objectId": 2374,
        "gtfsId": 10608,
        "code": "10608B",
        "name": "Naseem Al Barr St / Abdullah bin Qais Al-Ansari Mosque",
        "nameAr": "شارع نسيم البر/ مسجد عبدالله بن قيس الأنصاري",
        "stopNumber": 10608,
        "zoneId": "mbz-zayed-city",
        "sourceClass": "observed",
        "source": "adsdiBusStops"
      }
    },
    {
      "type": "Feature",
      "id": "adsdi-bus-3038",
      "geometry": {
        "type": "Point",
        "coordinates": [
          54.513735,
          24.373542
        ]
      },
      "properties": {
        "id": "adsdi-bus-3038",
        "objectId": 3038,
        "gtfsId": 11070,
        "code": "11070A",
        "name": "St 8 / Emirates Islamic Bank",
        "nameAr": "شارع 8 / مصرف الامارات الاسلامي",
        "stopNumber": 11070,
        "zoneId": "musaffah",
        "sourceClass": "observed",
        "source": "adsdiBusStops"
      }
    },
    {
      "type": "Feature",
      "id": "adsdi-bus-3579",
      "geometry": {
        "type": "Point",
        "coordinates": [
          54.373657,
          24.458092
        ]
      },
      "properties": {
        "id": "adsdi-bus-3579",
        "objectId": 3579,
        "gtfsId": 2414,
        "code": "02414A",
        "name": "Al Karamah St / Al Mujaljal St",
        "nameAr": "شارع الكرامة / شارع المجلجل",
        "stopNumber": 2414,
        "zoneId": "al-manhal-karamah",
        "sourceClass": "observed",
        "source": "adsdiBusStops"
      }
    },
    {
      "type": "Feature",
      "id": "adsdi-bus-3765",
      "geometry": {
        "type": "Point",
        "coordinates": [
          54.37695,
          24.469992
        ]
      },
      "properties": {
        "id": "adsdi-bus-3765",
        "objectId": 3765,
        "gtfsId": 420,
        "code": "00420C",
        "name": "Abu Dhabi Bus Station",
        "nameAr": "محطة حافلات أبوظبي",
        "stopNumber": 420,
        "zoneId": "al-nahyan",
        "sourceClass": "observed",
        "source": "adsdiBusStops"
      }
    },
    {
      "type": "Feature",
      "id": "adsdi-bus-860",
      "geometry": {
        "type": "Point",
        "coordinates": [
          54.381483,
          24.496778
        ]
      },
      "properties": {
        "id": "adsdi-bus-860",
        "objectId": 860,
        "gtfsId": 1015,
        "code": "01015A",
        "name": "Al Maiyani St / Abu Dhabi Mall",
        "nameAr": "شارع المَيَّاني/ ابوظبي مول",
        "stopNumber": 1015,
        "zoneId": "al-zahiyah",
        "sourceClass": "observed",
        "source": "adsdiBusStops"
      }
    },
    {
      "type": "Feature",
      "id": "adsdi-bus-1203",
      "geometry": {
        "type": "Point",
        "coordinates": [
          54.545908,
          24.315638
        ]
      },
      "properties": {
        "id": "adsdi-bus-1203",
        "objectId": 1203,
        "gtfsId": 10672,
        "code": "10672A",
        "name": "Al Mahazim St / Al Daye St",
        "nameAr": "شارع المحازم / شارع الضي",
        "stopNumber": 10672,
        "zoneId": "mbz-zayed-city",
        "sourceClass": "observed",
        "source": "adsdiBusStops"
      }
    },
    {
      "type": "Feature",
      "id": "adsdi-bus-3078",
      "geometry": {
        "type": "Point",
        "coordinates": [
          54.583602,
          24.428801
        ]
      },
      "properties": {
        "id": "adsdi-bus-3078",
        "objectId": 3078,
        "gtfsId": 16698,
        "code": "16698A",
        "name": "Al Sihayli St / St 25",
        "nameAr": "ش. السهيلي/ ش. 25",
        "stopNumber": 16698,
        "zoneId": "khalifa-city",
        "sourceClass": "observed",
        "source": "adsdiBusStops"
      }
    },
    {
      "type": "Feature",
      "id": "adsdi-bus-871",
      "geometry": {
        "type": "Point",
        "coordinates": [
          54.358127,
          24.484596
        ]
      },
      "properties": {
        "id": "adsdi-bus-871",
        "objectId": 871,
        "gtfsId": 205,
        "code": "00205A",
        "name": "Shk. Rashid Bin Saeed  St / Hamdan St",
        "nameAr": "شارع الشيخ راشد بن سعيد/ شارع حمدان",
        "stopNumber": 205,
        "zoneId": "al-danah",
        "sourceClass": "observed",
        "source": "adsdiBusStops"
      }
    },
    {
      "type": "Feature",
      "id": "adsdi-bus-1395",
      "geometry": {
        "type": "Point",
        "coordinates": [
          54.434516,
          24.433225
        ]
      },
      "properties": {
        "id": "adsdi-bus-1395",
        "objectId": 1395,
        "gtfsId": 469,
        "code": "00469B",
        "name": "Al Sa'adah, Sultan Bin Zayed The First St / Al Zafaranah Health Centre",
        "nameAr": "شارع سلطان بن زايد/ عيادة الزعفرانة الطبية",
        "stopNumber": 469,
        "zoneId": "muroor-al-saadah",
        "sourceClass": "observed",
        "source": "adsdiBusStops"
      }
    },
    {
      "type": "Feature",
      "id": "adsdi-bus-3316",
      "geometry": {
        "type": "Point",
        "coordinates": [
          54.324249,
          24.460469
        ]
      },
      "properties": {
        "id": "adsdi-bus-3316",
        "objectId": 3316,
        "gtfsId": 3407,
        "code": "03407A",
        "name": "King Abdullah bin Abdulaziz Al Saud St / ADNOC HQ",
        "nameAr": "شارع الملك سلمان بن عبد العزيز آل سعود / ادنوك المقر الرئيسي",
        "stopNumber": 3407,
        "zoneId": "al-bateen",
        "sourceClass": "observed",
        "source": "adsdiBusStops"
      }
    },
    {
      "type": "Feature",
      "id": "adsdi-bus-3230",
      "geometry": {
        "type": "Point",
        "coordinates": [
          54.366765,
          24.483775
        ]
      },
      "properties": {
        "id": "adsdi-bus-3230",
        "objectId": 3230,
        "gtfsId": 407,
        "code": "00407B",
        "name": "Sultan Bin Zayed St / Gold Center",
        "nameAr": "شارع سلطان بن زايد / مركز الذهب",
        "stopNumber": 407,
        "zoneId": "al-danah",
        "sourceClass": "observed",
        "source": "adsdiBusStops"
      }
    },
    {
      "type": "Feature",
      "id": "adsdi-bus-1641",
      "geometry": {
        "type": "Point",
        "coordinates": [
          54.410376,
          24.499783
        ]
      },
      "properties": {
        "id": "adsdi-bus-1641",
        "objectId": 1641,
        "gtfsId": 1086,
        "code": "01086B",
        "name": "Al 'Oud St / Beach Towers",
        "nameAr": "شارع العُود / أبراج الشاطئ",
        "stopNumber": 1086,
        "zoneId": "al-reem",
        "sourceClass": "observed",
        "source": "adsdiBusStops"
      }
    },
    {
      "type": "Feature",
      "id": "adsdi-bus-2723",
      "geometry": {
        "type": "Point",
        "coordinates": [
          54.405264,
          24.497341
        ]
      },
      "properties": {
        "id": "adsdi-bus-2723",
        "objectId": 2723,
        "gtfsId": 1072,
        "code": "01072B",
        "name": "Al Rayfah St / Stop1072",
        "nameAr": "شارع الرَّيْفَة / وقف 1072",
        "stopNumber": 1072,
        "zoneId": "al-reem",
        "sourceClass": "observed",
        "source": "adsdiBusStops"
      }
    },
    {
      "type": "Feature",
      "id": "adsdi-bus-1704",
      "geometry": {
        "type": "Point",
        "coordinates": [
          54.519782,
          24.405054
        ]
      },
      "properties": {
        "id": "adsdi-bus-1704",
        "objectId": 1704,
        "gtfsId": 3095,
        "code": "03095B",
        "name": "Al Maqta St / Quran Memorization Centre",
        "nameAr": "شارع المَقطَع / مركز تحفيظ القرآن الكريم",
        "stopNumber": 3095,
        "zoneId": "rabdan-al-maqta",
        "sourceClass": "observed",
        "source": "adsdiBusStops"
      }
    },
    {
      "type": "Feature",
      "id": "adsdi-bus-3671",
      "geometry": {
        "type": "Point",
        "coordinates": [
          54.373374,
          24.475955
        ]
      },
      "properties": {
        "id": "adsdi-bus-3671",
        "objectId": 3671,
        "gtfsId": 417,
        "code": "00417A",
        "name": "Sultan Bin Zayed St / Salim Ghabish Khamis Mosque",
        "nameAr": "شارع سلطان بن زايد/  مسجد سالم غابش خميس",
        "stopNumber": 417,
        "zoneId": "al-danah",
        "sourceClass": "observed",
        "source": "adsdiBusStops"
      }
    },
    {
      "type": "Feature",
      "id": "adsdi-bus-2683",
      "geometry": {
        "type": "Point",
        "coordinates": [
          54.511337,
          24.370984
        ]
      },
      "properties": {
        "id": "adsdi-bus-2683",
        "objectId": 2683,
        "gtfsId": 11704,
        "code": "11704A",
        "name": "St 15 / Emirates Transport",
        "nameAr": "شارع 15 / مواصلات الامارات",
        "stopNumber": 11704,
        "zoneId": "musaffah",
        "sourceClass": "observed",
        "source": "adsdiBusStops"
      }
    },
    {
      "type": "Feature",
      "id": "adsdi-bus-1349",
      "geometry": {
        "type": "Point",
        "coordinates": [
          54.438524,
          24.426957
        ]
      },
      "properties": {
        "id": "adsdi-bus-1349",
        "objectId": 1349,
        "gtfsId": 271,
        "code": "00271B",
        "name": "Shk.Rashid Bin Saeed St / Embassies Area",
        "nameAr": "شارع الشيخ راشد بن سعيد / منطقة السفارات",
        "stopNumber": 271,
        "zoneId": "al-rawdah",
        "sourceClass": "observed",
        "source": "adsdiBusStops"
      }
    },
    {
      "type": "Feature",
      "id": "adsdi-bus-3276",
      "geometry": {
        "type": "Point",
        "coordinates": [
          54.359162,
          24.470565
        ]
      },
      "properties": {
        "id": "adsdi-bus-3276",
        "objectId": 3276,
        "gtfsId": 914,
        "code": "00914A",
        "name": "Al Falah St / Al Karamah St",
        "nameAr": "شارع الفلاح / شارع الكرامة",
        "stopNumber": 914,
        "zoneId": "al-manhal-karamah",
        "sourceClass": "observed",
        "source": "adsdiBusStops"
      }
    },
    {
      "type": "Feature",
      "id": "adsdi-bus-1942",
      "geometry": {
        "type": "Point",
        "coordinates": [
          54.383656,
          24.488568
        ]
      },
      "properties": {
        "id": "adsdi-bus-1942",
        "objectId": 1942,
        "gtfsId": 932,
        "code": "00932A",
        "name": "Al Falah St / Shk. Zayed Bin Sultan St",
        "nameAr": "شارع الفلاح / شارع الشيخ زايد بن سلطان",
        "stopNumber": 932,
        "zoneId": "al-zahiyah",
        "sourceClass": "observed",
        "source": "adsdiBusStops"
      }
    },
    {
      "type": "Feature",
      "id": "adsdi-bus-2291",
      "geometry": {
        "type": "Point",
        "coordinates": [
          54.537769,
          24.344276
        ]
      },
      "properties": {
        "id": "adsdi-bus-2291",
        "objectId": 2291,
        "gtfsId": 10113,
        "code": "10113B",
        "name": "Al Anwar St / Al Ain University",
        "nameAr": "شارع الأنوار / جامعة العين",
        "stopNumber": 10113,
        "zoneId": "mbz-zayed-city",
        "sourceClass": "observed",
        "source": "adsdiBusStops"
      }
    },
    {
      "type": "Feature",
      "id": "adsdi-bus-662",
      "geometry": {
        "type": "Point",
        "coordinates": [
          54.569144,
          24.316199
        ]
      },
      "properties": {
        "id": "adsdi-bus-662",
        "objectId": 662,
        "gtfsId": 10681,
        "code": "10681B",
        "name": "Al Thamoundi St / Al Ghanadeer St",
        "nameAr": "شارع الثمودي/ شارع الغنادير",
        "stopNumber": 10681,
        "zoneId": "mbz-zayed-city",
        "sourceClass": "observed",
        "source": "adsdiBusStops"
      }
    },
    {
      "type": "Feature",
      "id": "adsdi-bus-121",
      "geometry": {
        "type": "Point",
        "coordinates": [
          54.449405,
          24.42183
        ]
      },
      "properties": {
        "id": "adsdi-bus-121",
        "objectId": 121,
        "gtfsId": 3056,
        "code": "03056B",
        "name": "Al Khittah St / Retirement Pensions and Benefits Fund",
        "nameAr": "شارع الخِطَّة / صندوق و معاشات و مكافآت التقاعد",
        "stopNumber": 3056,
        "zoneId": "al-rawdah",
        "sourceClass": "observed",
        "source": "adsdiBusStops"
      }
    },
    {
      "type": "Feature",
      "id": "adsdi-bus-568",
      "geometry": {
        "type": "Point",
        "coordinates": [
          54.481452,
          24.344819
        ]
      },
      "properties": {
        "id": "adsdi-bus-568",
        "objectId": 568,
        "gtfsId": 11186,
        "code": "11186B",
        "name": "St 16 / Medical Industries",
        "nameAr": "شارع 16/ الصناعات الطبية",
        "stopNumber": 11186,
        "zoneId": "musaffah",
        "sourceClass": "observed",
        "source": "adsdiBusStops"
      }
    },
    {
      "type": "Feature",
      "id": "adsdi-bus-2978",
      "geometry": {
        "type": "Point",
        "coordinates": [
          54.492948,
          24.35884
        ]
      },
      "properties": {
        "id": "adsdi-bus-2978",
        "objectId": 2978,
        "gtfsId": 11122,
        "code": "11122B",
        "name": "St 12 / St 11",
        "nameAr": "شارع 12 \\ شارع 11",
        "stopNumber": 11122,
        "zoneId": "musaffah",
        "sourceClass": "observed",
        "source": "adsdiBusStops"
      }
    },
    {
      "type": "Feature",
      "id": "adsdi-bus-1650",
      "geometry": {
        "type": "Point",
        "coordinates": [
          54.377156,
          24.470111
        ]
      },
      "properties": {
        "id": "adsdi-bus-1650",
        "objectId": 1650,
        "gtfsId": 420,
        "code": "00420B",
        "name": "Abu Dhabi Bus Station",
        "nameAr": "محطة حافلات أبوظبي",
        "stopNumber": 420,
        "zoneId": "al-nahyan",
        "sourceClass": "observed",
        "source": "adsdiBusStops"
      }
    },
    {
      "type": "Feature",
      "id": "adsdi-bus-4057",
      "geometry": {
        "type": "Point",
        "coordinates": [
          54.371075,
          24.479984
        ]
      },
      "properties": {
        "id": "adsdi-bus-4057",
        "objectId": 4057,
        "gtfsId": 923,
        "code": "00923B",
        "name": "Al Falah St / Sultan Bin Zayed St",
        "nameAr": "شارع الفلاح / شارع سلطان بن زايد",
        "stopNumber": 923,
        "zoneId": "al-danah",
        "sourceClass": "observed",
        "source": "adsdiBusStops"
      }
    },
    {
      "type": "Feature",
      "id": "adsdi-bus-3665",
      "geometry": {
        "type": "Point",
        "coordinates": [
          54.55109,
          24.315493
        ]
      },
      "properties": {
        "id": "adsdi-bus-3665",
        "objectId": 3665,
        "gtfsId": 10674,
        "code": "10674B",
        "name": "Al Mahazim St / Al Nasr St",
        "nameAr": "شارع المحازم / شارع النصر",
        "stopNumber": 10674,
        "zoneId": "mbz-zayed-city",
        "sourceClass": "observed",
        "source": "adsdiBusStops"
      }
    },
    {
      "type": "Feature",
      "id": "adsdi-bus-1255",
      "geometry": {
        "type": "Point",
        "coordinates": [
          54.52632,
          24.383008
        ]
      },
      "properties": {
        "id": "adsdi-bus-1255",
        "objectId": 1255,
        "gtfsId": 12015,
        "code": "12015A",
        "name": "Al Faydah St / Najm Suhayl St",
        "nameAr": "شارع الفَيْضَة / شارع نجم سهيل",
        "stopNumber": 12015,
        "zoneId": "mbz-zayed-city",
        "sourceClass": "observed",
        "source": "adsdiBusStops"
      }
    },
    {
      "type": "Feature",
      "id": "adsdi-bus-2288",
      "geometry": {
        "type": "Point",
        "coordinates": [
          54.374253,
          24.466608
        ]
      },
      "properties": {
        "id": "adsdi-bus-2288",
        "objectId": 2288,
        "gtfsId": 227,
        "code": "00227A",
        "name": "Shk. Rashid Bin Saeed  St / Omar Bin Al Khatab Mosque",
        "nameAr": "شارع الشيخ راشد بن سعيد / مسجد عمر بن الخطاب",
        "stopNumber": 227,
        "zoneId": "al-nahyan",
        "sourceClass": "observed",
        "source": "adsdiBusStops"
      }
    },
    {
      "type": "Feature",
      "id": "adsdi-bus-2265",
      "geometry": {
        "type": "Point",
        "coordinates": [
          54.56138,
          24.331055
        ]
      },
      "properties": {
        "id": "adsdi-bus-2265",
        "objectId": 2265,
        "gtfsId": 12320,
        "code": "12320A",
        "name": "Al Nasr St / Al Qa-id St",
        "nameAr": "ش. النصر/ ش. القائد",
        "stopNumber": 12320,
        "zoneId": "mbz-zayed-city",
        "sourceClass": "observed",
        "source": "adsdiBusStops"
      }
    },
    {
      "type": "Feature",
      "id": "adsdi-bus-1767",
      "geometry": {
        "type": "Point",
        "coordinates": [
          54.354722,
          24.467007
        ]
      },
      "properties": {
        "id": "adsdi-bus-1767",
        "objectId": 1767,
        "gtfsId": 909,
        "code": "00909A",
        "name": "Al Falah St / Zayed Al Thani School",
        "nameAr": "شارع الفلاح / مدرسة زايد الثاني",
        "stopNumber": 909,
        "zoneId": "al-khalidiyah",
        "sourceClass": "observed",
        "source": "adsdiBusStops"
      }
    },
    {
      "type": "Feature",
      "id": "adsdi-bus-2526",
      "geometry": {
        "type": "Point",
        "coordinates": [
          54.336091,
          24.463283
        ]
      },
      "properties": {
        "id": "adsdi-bus-2526",
        "objectId": 2526,
        "gtfsId": 707,
        "code": "00707A",
        "name": "Zayed The First St / Police Station",
        "nameAr": "شارع زايد الأول / مركز شرطة",
        "stopNumber": 707,
        "zoneId": "al-bateen",
        "sourceClass": "observed",
        "source": "adsdiBusStops"
      }
    },
    {
      "type": "Feature",
      "id": "adsdi-bus-2692",
      "geometry": {
        "type": "Point",
        "coordinates": [
          54.405674,
          24.497876
        ]
      },
      "properties": {
        "id": "adsdi-bus-2692",
        "objectId": 2692,
        "gtfsId": 1074,
        "code": "01074A",
        "name": "Al Rayfah St /Stop 1074",
        "nameAr": "شارع الرَّيْفَة / موقف 1074",
        "stopNumber": 1074,
        "zoneId": "al-reem",
        "sourceClass": "observed",
        "source": "adsdiBusStops"
      }
    },
    {
      "type": "Feature",
      "id": "adsdi-bus-1103",
      "geometry": {
        "type": "Point",
        "coordinates": [
          54.396098,
          24.489467
        ]
      },
      "properties": {
        "id": "adsdi-bus-1103",
        "objectId": 1103,
        "gtfsId": 1132,
        "code": "01132B",
        "name": "Hazzaʹ Bin Zayed St / Marina Square",
        "nameAr": "شارع هزاع بن زايد/ مارينا سكوير",
        "stopNumber": 1132,
        "zoneId": "al-reem",
        "sourceClass": "observed",
        "source": "adsdiBusStops"
      }
    },
    {
      "type": "Feature",
      "id": "adsdi-bus-2028",
      "geometry": {
        "type": "Point",
        "coordinates": [
          54.626334,
          24.485773
        ]
      },
      "properties": {
        "id": "adsdi-bus-2028",
        "objectId": 2028,
        "gtfsId": 19500,
        "code": "19500A",
        "name": "Al Maha St / Gateway Park South 1",
        "nameAr": "شارع المَهَا / منتزه بوابة ياس (جنوب 1)",
        "stopNumber": 19500,
        "zoneId": "yas-island",
        "sourceClass": "observed",
        "source": "adsdiBusStops"
      }
    },
    {
      "type": "Feature",
      "id": "adsdi-bus-1246",
      "geometry": {
        "type": "Point",
        "coordinates": [
          54.472651,
          24.346539
        ]
      },
      "properties": {
        "id": "adsdi-bus-1246",
        "objectId": 1246,
        "gtfsId": 11554,
        "code": "11554B",
        "name": "St 7 / St 16",
        "nameAr": "شارع 7 \\ شارع 16",
        "stopNumber": 11554,
        "zoneId": "musaffah",
        "sourceClass": "observed",
        "source": "adsdiBusStops"
      }
    },
    {
      "type": "Feature",
      "id": "adsdi-bus-2549",
      "geometry": {
        "type": "Point",
        "coordinates": [
          54.428697,
          24.419559
        ]
      },
      "properties": {
        "id": "adsdi-bus-2549",
        "objectId": 2549,
        "gtfsId": 3066,
        "code": "03066A",
        "name": "Khaleej Al Arabi St / Zayed Military Hospital",
        "nameAr": "شارع الخَلِيج العَرَبي / مستشفى زايد العسكري",
        "stopNumber": 3066,
        "zoneId": "al-rawdah",
        "sourceClass": "observed",
        "source": "adsdiBusStops"
      }
    },
    {
      "type": "Feature",
      "id": "adsdi-bus-58",
      "geometry": {
        "type": "Point",
        "coordinates": [
          54.542295,
          24.324683
        ]
      },
      "properties": {
        "id": "adsdi-bus-58",
        "objectId": 58,
        "gtfsId": 10597,
        "code": "10597B",
        "name": "Naseem Al Barr St / Emirates Heritage Club",
        "nameAr": "شارع نسيم البر/ نادي تراث الامارات",
        "stopNumber": 10597,
        "zoneId": "mbz-zayed-city",
        "sourceClass": "observed",
        "source": "adsdiBusStops"
      }
    },
    {
      "type": "Feature",
      "id": "adsdi-bus-3808",
      "geometry": {
        "type": "Point",
        "coordinates": [
          54.522829,
          24.369366
        ]
      },
      "properties": {
        "id": "adsdi-bus-3808",
        "objectId": 3808,
        "gtfsId": 11094,
        "code": "11094A",
        "name": "St 10 / Ali Khalfan Rashid Al Mutawa Al Daheri Mosque",
        "nameAr": "شارع 10 / مسجد علي خلفان راشد المطوع الظاهري",
        "stopNumber": 11094,
        "zoneId": "musaffah",
        "sourceClass": "observed",
        "source": "adsdiBusStops"
      }
    },
    {
      "type": "Feature",
      "id": "adsdi-bus-4066",
      "geometry": {
        "type": "Point",
        "coordinates": [
          54.371725,
          24.495615
        ]
      },
      "properties": {
        "id": "adsdi-bus-4066",
        "objectId": 4066,
        "gtfsId": 527,
        "code": "00527A",
        "name": "Hamdan St / Shk. Zayed Bin Sultan St",
        "nameAr": "شارع حمدان/ شارع الشيخ زايد بن سلطان",
        "stopNumber": 527,
        "zoneId": "al-danah",
        "sourceClass": "observed",
        "source": "adsdiBusStops"
      }
    },
    {
      "type": "Feature",
      "id": "adsdi-bus-820",
      "geometry": {
        "type": "Point",
        "coordinates": [
          54.389941,
          24.498898
        ]
      },
      "properties": {
        "id": "adsdi-bus-820",
        "objectId": 820,
        "gtfsId": 758,
        "code": "00758B",
        "name": "Al Maryah St / Hamouda Bin Ali Al Dhaheri St",
        "nameAr": "شارع المَوْكِب / شارع حمودة بن علي الظاهري",
        "stopNumber": 758,
        "zoneId": "al-maryah",
        "sourceClass": "observed",
        "source": "adsdiBusStops"
      }
    },
    {
      "type": "Feature",
      "id": "adsdi-bus-2835",
      "geometry": {
        "type": "Point",
        "coordinates": [
          54.557462,
          24.312555
        ]
      },
      "properties": {
        "id": "adsdi-bus-2835",
        "objectId": 2835,
        "gtfsId": 10677,
        "code": "10677B",
        "name": "Al Nasr St / Al 'iffah St",
        "nameAr": "شارع النصر/ شارع العفة",
        "stopNumber": 10677,
        "zoneId": "mbz-zayed-city",
        "sourceClass": "observed",
        "source": "adsdiBusStops"
      }
    },
    {
      "type": "Feature",
      "id": "adsdi-bus-536",
      "geometry": {
        "type": "Point",
        "coordinates": [
          54.550409,
          24.352666
        ]
      },
      "properties": {
        "id": "adsdi-bus-536",
        "objectId": 536,
        "gtfsId": 12260,
        "code": "12260B",
        "name": "Al Basi St / Al Manazif St",
        "nameAr": "شارع البَاسِي/ شارع المَنَازِف",
        "stopNumber": 12260,
        "zoneId": "mbz-zayed-city",
        "sourceClass": "observed",
        "source": "adsdiBusStops"
      }
    },
    {
      "type": "Feature",
      "id": "adsdi-bus-413",
      "geometry": {
        "type": "Point",
        "coordinates": [
          54.392044,
          24.448268
        ]
      },
      "properties": {
        "id": "adsdi-bus-413",
        "objectId": 413,
        "gtfsId": 247,
        "code": "00247A",
        "name": "Shk. Rashid Bin Saeed St / Immigration Department",
        "nameAr": "شارع الشيخ راشد بن سعيد/ دائرة الهجرة والجوازات",
        "stopNumber": 247,
        "zoneId": "al-nahyan",
        "sourceClass": "observed",
        "source": "adsdiBusStops"
      }
    },
    {
      "type": "Feature",
      "id": "adsdi-bus-2171",
      "geometry": {
        "type": "Point",
        "coordinates": [
          54.392979,
          24.445891
        ]
      },
      "properties": {
        "id": "adsdi-bus-2171",
        "objectId": 2171,
        "gtfsId": 249,
        "code": "00249B",
        "name": "Shk Rashid Bin Saeed  St / Khalifa University",
        "nameAr": "شارع اشيخ راشد بن سعيد  /  جامعة خليفة",
        "stopNumber": 249,
        "zoneId": "al-mushrif",
        "sourceClass": "observed",
        "source": "adsdiBusStops"
      }
    },
    {
      "type": "Feature",
      "id": "adsdi-bus-81",
      "geometry": {
        "type": "Point",
        "coordinates": [
          54.37831,
          24.492289
        ]
      },
      "properties": {
        "id": "adsdi-bus-81",
        "objectId": 81,
        "gtfsId": 759,
        "code": "00759A",
        "name": "Al Mawkib St / Shk. Zayed Bin Sultan St",
        "nameAr": "شارع المَوْكِب / شارع الشيخ زايد بن سلطان",
        "stopNumber": 759,
        "zoneId": "al-zahiyah",
        "sourceClass": "observed",
        "source": "adsdiBusStops"
      }
    },
    {
      "type": "Feature",
      "id": "adsdi-bus-3525",
      "geometry": {
        "type": "Point",
        "coordinates": [
          54.539735,
          24.362342
        ]
      },
      "properties": {
        "id": "adsdi-bus-3525",
        "objectId": 3525,
        "gtfsId": 12218,
        "code": "12218B",
        "name": "Al Mahrouz St / Muhammed Bin Harib Mosque",
        "nameAr": "شارع المحروز/ مسجد محمد بن حارب",
        "stopNumber": 12218,
        "zoneId": "mbz-zayed-city",
        "sourceClass": "observed",
        "source": "adsdiBusStops"
      }
    },
    {
      "type": "Feature",
      "id": "adsdi-bus-1936",
      "geometry": {
        "type": "Point",
        "coordinates": [
          54.539431,
          24.371675
        ]
      },
      "properties": {
        "id": "adsdi-bus-1936",
        "objectId": 1936,
        "gtfsId": 12210,
        "code": "12210B",
        "name": "Al Mahrouz St / Mazyad Mall",
        "nameAr": "شارع المحروز / مزيد مول",
        "stopNumber": 12210,
        "zoneId": "mbz-zayed-city",
        "sourceClass": "observed",
        "source": "adsdiBusStops"
      }
    },
    {
      "type": "Feature",
      "id": "adsdi-bus-3353",
      "geometry": {
        "type": "Point",
        "coordinates": [
          54.356892,
          24.48874
        ]
      },
      "properties": {
        "id": "adsdi-bus-3353",
        "objectId": 3353,
        "gtfsId": 303,
        "code": "00303A",
        "name": "Khalifa Bin Zayed St / Central Souq",
        "nameAr": "شارع خليفة بن زايد/ السوق المركزي",
        "stopNumber": 303,
        "zoneId": "al-danah",
        "sourceClass": "observed",
        "source": "adsdiBusStops"
      }
    },
    {
      "type": "Feature",
      "id": "adsdi-bus-3502",
      "geometry": {
        "type": "Point",
        "coordinates": [
          54.529882,
          24.341824
        ]
      },
      "properties": {
        "id": "adsdi-bus-3502",
        "objectId": 3502,
        "gtfsId": 10150,
        "code": "10150B",
        "name": "Al Heefah St / Safeer Mall",
        "nameAr": "شارع الحِيفَة / سفير مول",
        "stopNumber": 10150,
        "zoneId": "mbz-zayed-city",
        "sourceClass": "observed",
        "source": "adsdiBusStops"
      }
    },
    {
      "type": "Feature",
      "id": "adsdi-bus-2002",
      "geometry": {
        "type": "Point",
        "coordinates": [
          54.586204,
          24.304954
        ]
      },
      "properties": {
        "id": "adsdi-bus-2002",
        "objectId": 2002,
        "gtfsId": 10798,
        "code": "10798B",
        "name": "Salafah St / Al Amazoun St",
        "nameAr": "شارع صلافة / شارع الأمازون",
        "stopNumber": 10798,
        "zoneId": "mbz-zayed-city",
        "sourceClass": "observed",
        "source": "adsdiBusStops"
      }
    },
    {
      "type": "Feature",
      "id": "adsdi-bus-3453",
      "geometry": {
        "type": "Point",
        "coordinates": [
          54.506029,
          24.373284
        ]
      },
      "properties": {
        "id": "adsdi-bus-3453",
        "objectId": 3453,
        "gtfsId": 11068,
        "code": "11068A",
        "name": "St 8 / Abu Dhabi Islamic Bank",
        "nameAr": "شارع 8 / مصرف ابوظبي الاسلامي",
        "stopNumber": 11068,
        "zoneId": "musaffah",
        "sourceClass": "observed",
        "source": "adsdiBusStops"
      }
    },
    {
      "type": "Feature",
      "id": "adsdi-bus-4000",
      "geometry": {
        "type": "Point",
        "coordinates": [
          54.384026,
          24.456334
        ]
      },
      "properties": {
        "id": "adsdi-bus-4000",
        "objectId": 4000,
        "gtfsId": 239,
        "code": "00239A",
        "name": "Shk .Rashid Bin Saeed St / Mohammed Bin Khalifa St",
        "nameAr": "شارع الشيخ راشد بن سعيد /  شارع محمد بن خليفة",
        "stopNumber": 239,
        "zoneId": "al-nahyan",
        "sourceClass": "observed",
        "source": "adsdiBusStops"
      }
    },
    {
      "type": "Feature",
      "id": "adsdi-bus-3233",
      "geometry": {
        "type": "Point",
        "coordinates": [
          54.473067,
          24.343336
        ]
      },
      "properties": {
        "id": "adsdi-bus-3233",
        "objectId": 3233,
        "gtfsId": 11555,
        "code": "11555A",
        "name": "St 7 / St 16",
        "nameAr": "ش. 7/ ش. 16",
        "stopNumber": 11555,
        "zoneId": "musaffah",
        "sourceClass": "observed",
        "source": "adsdiBusStops"
      }
    },
    {
      "type": "Feature",
      "id": "adsdi-bus-64",
      "geometry": {
        "type": "Point",
        "coordinates": [
          54.465313,
          24.414041
        ]
      },
      "properties": {
        "id": "adsdi-bus-64",
        "objectId": 64,
        "gtfsId": 2483,
        "code": "02483B",
        "name": "Saif Ghobash St / Ministry of Interior",
        "nameAr": "شارع سيف غُباش / وزارة الداخلية",
        "stopNumber": 2483,
        "zoneId": "al-rawdah",
        "sourceClass": "observed",
        "source": "adsdiBusStops"
      }
    },
    {
      "type": "Feature",
      "id": "adsdi-bus-2743",
      "geometry": {
        "type": "Point",
        "coordinates": [
          54.536826,
          24.335903
        ]
      },
      "properties": {
        "id": "adsdi-bus-2743",
        "objectId": 2743,
        "gtfsId": 10567,
        "code": "10567A",
        "name": "Al Fina St / Al Rai St",
        "nameAr": "شارع الفِناء / شارع الراي",
        "stopNumber": 10567,
        "zoneId": "mbz-zayed-city",
        "sourceClass": "observed",
        "source": "adsdiBusStops"
      }
    },
    {
      "type": "Feature",
      "id": "adsdi-bus-3333",
      "geometry": {
        "type": "Point",
        "coordinates": [
          54.378344,
          24.490457
        ]
      },
      "properties": {
        "id": "adsdi-bus-3333",
        "objectId": 3333,
        "gtfsId": 812,
        "code": "00812A",
        "name": "Shk. Zayed Bin Sultn St / Al Reem St",
        "nameAr": "شارع الشيخ زايد بن سلطان / شارع الرِّيم",
        "stopNumber": 812,
        "zoneId": "al-zahiyah",
        "sourceClass": "observed",
        "source": "adsdiBusStops"
      }
    },
    {
      "type": "Feature",
      "id": "adsdi-bus-101",
      "geometry": {
        "type": "Point",
        "coordinates": [
          54.49247,
          24.399705
        ]
      },
      "properties": {
        "id": "adsdi-bus-101",
        "objectId": 101,
        "gtfsId": 3080,
        "code": "03080B",
        "name": "Bawabat Abu Dhabi St / Coop",
        "nameAr": "شارع بَوَّابة أبوظبي / الجمعية التعاونية",
        "stopNumber": 3080,
        "zoneId": "rabdan-al-maqta",
        "sourceClass": "observed",
        "source": "adsdiBusStops"
      }
    },
    {
      "type": "Feature",
      "id": "adsdi-bus-2022",
      "geometry": {
        "type": "Point",
        "coordinates": [
          54.494818,
          24.415895
        ]
      },
      "properties": {
        "id": "adsdi-bus-2022",
        "objectId": 2022,
        "gtfsId": 3082,
        "code": "03082B",
        "name": "Al Maqta St / Um Touq St",
        "nameAr": "شارع المَقطَع / شارع النَّايفة",
        "stopNumber": 3082,
        "zoneId": "rabdan-al-maqta",
        "sourceClass": "observed",
        "source": "adsdiBusStops"
      }
    },
    {
      "type": "Feature",
      "id": "adsdi-bus-3433",
      "geometry": {
        "type": "Point",
        "coordinates": [
          54.373622,
          24.45755
        ]
      },
      "properties": {
        "id": "adsdi-bus-3433",
        "objectId": 3433,
        "gtfsId": 2414,
        "code": "02414B",
        "name": "Al Karamah St / Al Mujaljal St",
        "nameAr": "شارع الكرامة / شارع المجلجل",
        "stopNumber": 2414,
        "zoneId": "al-manhal-karamah",
        "sourceClass": "observed",
        "source": "adsdiBusStops"
      }
    },
    {
      "type": "Feature",
      "id": "adsdi-bus-599",
      "geometry": {
        "type": "Point",
        "coordinates": [
          54.380496,
          24.494136
        ]
      },
      "properties": {
        "id": "adsdi-bus-599",
        "objectId": 599,
        "gtfsId": 763,
        "code": "00763B",
        "name": "Al Mawkib St / Al Zahiyah St",
        "nameAr": "ش المواكب / ش الزاهية",
        "stopNumber": 763,
        "zoneId": "al-zahiyah",
        "sourceClass": "observed",
        "source": "adsdiBusStops"
      }
    },
    {
      "type": "Feature",
      "id": "adsdi-bus-2520",
      "geometry": {
        "type": "Point",
        "coordinates": [
          54.39483,
          24.498152
        ]
      },
      "properties": {
        "id": "adsdi-bus-2520",
        "objectId": 2520,
        "gtfsId": 760,
        "code": "00760A",
        "name": "Al Maryah St / Al Rami St 1",
        "nameAr": "شارع المارِية / شارع الرامي (1",
        "stopNumber": 760,
        "zoneId": "al-reem",
        "sourceClass": "observed",
        "source": "adsdiBusStops"
      }
    },
    {
      "type": "Feature",
      "id": "adsdi-bus-2414",
      "geometry": {
        "type": "Point",
        "coordinates": [
          54.480865,
          24.411818
        ]
      },
      "properties": {
        "id": "adsdi-bus-2414",
        "objectId": 2414,
        "gtfsId": 3902,
        "code": "03902A",
        "name": "Al Majd St / Wahat Al Karamah",
        "nameAr": "شارع المَجد/ واحة الكرامة",
        "stopNumber": 3902,
        "zoneId": "al-rawdah",
        "sourceClass": "observed",
        "source": "adsdiBusStops"
      }
    },
    {
      "type": "Feature",
      "id": "adsdi-bus-4037",
      "geometry": {
        "type": "Point",
        "coordinates": [
          54.492414,
          24.412722
        ]
      },
      "properties": {
        "id": "adsdi-bus-4037",
        "objectId": 4037,
        "gtfsId": 3522,
        "code": "03522A",
        "name": "Al Khor St / ITC",
        "nameAr": "شارع الخُور / مركز النقل المتكامل",
        "stopNumber": 3522,
        "zoneId": "rabdan-al-maqta",
        "sourceClass": "observed",
        "source": "adsdiBusStops"
      }
    },
    {
      "type": "Feature",
      "id": "adsdi-bus-1369",
      "geometry": {
        "type": "Point",
        "coordinates": [
          54.328991,
          24.459426
        ]
      },
      "properties": {
        "id": "adsdi-bus-1369",
        "objectId": 1369,
        "gtfsId": 3411,
        "code": "03411A",
        "name": "King Abdullah bin Abdulaziz Al Saud St / Zayed The First St",
        "nameAr": "شارع الملك عبدالله بن عبدالعزيز آل سعود / شارع زايد الأول",
        "stopNumber": 3411,
        "zoneId": "al-bateen",
        "sourceClass": "observed",
        "source": "adsdiBusStops"
      }
    },
    {
      "type": "Feature",
      "id": "adsdi-bus-1238",
      "geometry": {
        "type": "Point",
        "coordinates": [
          54.536723,
          24.317774
        ]
      },
      "properties": {
        "id": "adsdi-bus-1238",
        "objectId": 1238,
        "gtfsId": 10654,
        "code": "10654B",
        "name": "Al Rasi St / Razim St",
        "nameAr": "ش. الراسي/ ش. رازم",
        "stopNumber": 10654,
        "zoneId": "mbz-zayed-city",
        "sourceClass": "observed",
        "source": "adsdiBusStops"
      }
    },
    {
      "type": "Feature",
      "id": "adsdi-bus-3304",
      "geometry": {
        "type": "Point",
        "coordinates": [
          54.5018,
          24.356894
        ]
      },
      "properties": {
        "id": "adsdi-bus-3304",
        "objectId": 3304,
        "gtfsId": 11689,
        "code": "11689B",
        "name": "St 13 / St 12",
        "nameAr": "ش. 13/ ش. 12",
        "stopNumber": 11689,
        "zoneId": "musaffah",
        "sourceClass": "observed",
        "source": "adsdiBusStops"
      }
    },
    {
      "type": "Feature",
      "id": "adsdi-bus-1973",
      "geometry": {
        "type": "Point",
        "coordinates": [
          54.339201,
          24.456596
        ]
      },
      "properties": {
        "id": "adsdi-bus-1973",
        "objectId": 1973,
        "gtfsId": 3417,
        "code": "03417B",
        "name": "King Abdullah bin Abdulaziz Al Saud St / ADEC",
        "nameAr": "شارع الملك عبدالله بن عبدالعزيز آل سعود / مجلس ابوظبي التنفيذي",
        "stopNumber": 3417,
        "zoneId": "al-bateen",
        "sourceClass": "observed",
        "source": "adsdiBusStops"
      }
    },
    {
      "type": "Feature",
      "id": "adsdi-bus-648",
      "geometry": {
        "type": "Point",
        "coordinates": [
          54.602897,
          24.492459
        ]
      },
      "properties": {
        "id": "adsdi-bus-648",
        "objectId": 648,
        "gtfsId": 19338,
        "code": "19338A",
        "name": "Al Athari St / Al Maha St",
        "nameAr": "مركز الشرطة / شارع المَهَا",
        "stopNumber": 19338,
        "zoneId": "yas-island",
        "sourceClass": "observed",
        "source": "adsdiBusStops"
      }
    },
    {
      "type": "Feature",
      "id": "adsdi-bus-1630",
      "geometry": {
        "type": "Point",
        "coordinates": [
          54.518857,
          24.35556
        ]
      },
      "properties": {
        "id": "adsdi-bus-1630",
        "objectId": 1630,
        "gtfsId": 11152,
        "code": "11152A",
        "name": "St 14 / St 17",
        "nameAr": "شارع 14 / شارع 17",
        "stopNumber": 11152,
        "zoneId": "musaffah",
        "sourceClass": "observed",
        "source": "adsdiBusStops"
      }
    },
    {
      "type": "Feature",
      "id": "adsdi-bus-1667",
      "geometry": {
        "type": "Point",
        "coordinates": [
          54.366829,
          24.484408
        ]
      },
      "properties": {
        "id": "adsdi-bus-1667",
        "objectId": 1667,
        "gtfsId": 407,
        "code": "00407A",
        "name": "Sultan Bin Zayed St / Gold Center",
        "nameAr": "شارع سلطان بن زايد / مركز الذهب",
        "stopNumber": 407,
        "zoneId": "al-danah",
        "sourceClass": "observed",
        "source": "adsdiBusStops"
      }
    },
    {
      "type": "Feature",
      "id": "adsdi-bus-634",
      "geometry": {
        "type": "Point",
        "coordinates": [
          54.40635,
          24.506601
        ]
      },
      "properties": {
        "id": "adsdi-bus-634",
        "objectId": 634,
        "gtfsId": 1090,
        "code": "01090A",
        "name": "Al 'Oud St / Repton School",
        "nameAr": "شارع العُود / مدرسة ريبتون",
        "stopNumber": 1090,
        "zoneId": "al-reem",
        "sourceClass": "observed",
        "source": "adsdiBusStops"
      }
    },
    {
      "type": "Feature",
      "id": "adsdi-bus-3098",
      "geometry": {
        "type": "Point",
        "coordinates": [
          54.561016,
          24.330828
        ]
      },
      "properties": {
        "id": "adsdi-bus-3098",
        "objectId": 3098,
        "gtfsId": 12320,
        "code": "12320B",
        "name": "Al Nasr St / Al Qa-id St",
        "nameAr": "ش. النصر/ ش. القائد",
        "stopNumber": 12320,
        "zoneId": "mbz-zayed-city",
        "sourceClass": "observed",
        "source": "adsdiBusStops"
      }
    },
    {
      "type": "Feature",
      "id": "adsdi-bus-934",
      "geometry": {
        "type": "Point",
        "coordinates": [
          54.468514,
          24.353575
        ]
      },
      "properties": {
        "id": "adsdi-bus-934",
        "objectId": 934,
        "gtfsId": 11171,
        "code": "11171A",
        "name": "St 14 / Gulf Steel Industries",
        "nameAr": "شارع 14/ الخليج للصناعات الحديدية",
        "stopNumber": 11171,
        "zoneId": "musaffah",
        "sourceClass": "observed",
        "source": "adsdiBusStops"
      }
    },
    {
      "type": "Feature",
      "id": "adsdi-bus-299",
      "geometry": {
        "type": "Point",
        "coordinates": [
          54.553065,
          24.363079
        ]
      },
      "properties": {
        "id": "adsdi-bus-299",
        "objectId": 299,
        "gtfsId": 12066,
        "code": "12066B",
        "name": "Al Ithar St / Ruba St",
        "nameAr": "ش. الايثار/ ش. ربى",
        "stopNumber": 12066,
        "zoneId": "mbz-zayed-city",
        "sourceClass": "observed",
        "source": "adsdiBusStops"
      }
    },
    {
      "type": "Feature",
      "id": "adsdi-bus-2998",
      "geometry": {
        "type": "Point",
        "coordinates": [
          54.342154,
          24.456029
        ]
      },
      "properties": {
        "id": "adsdi-bus-2998",
        "objectId": 2998,
        "gtfsId": 3418,
        "code": "03418B",
        "name": "King Abdullah Bin Abdulaziz Al Saud St / Abu Dhabi Executive Council",
        "nameAr": "ش الملك عبدالله بن عبدالعزيزآل سعود /  مجلس ابوظبي التنفيذي",
        "stopNumber": 3418,
        "zoneId": "al-bateen",
        "sourceClass": "observed",
        "source": "adsdiBusStops"
      }
    },
    {
      "type": "Feature",
      "id": "adsdi-bus-342",
      "geometry": {
        "type": "Point",
        "coordinates": [
          54.387029,
          24.499169
        ]
      },
      "properties": {
        "id": "adsdi-bus-342",
        "objectId": 342,
        "gtfsId": 756,
        "code": "00756B",
        "name": "Al Maryah St / Abu Dhabi Global Market St - First",
        "nameAr": "شارع المَوْكِب / شارع سوق أبوظبي العالمي - الأول",
        "stopNumber": 756,
        "zoneId": "al-maryah",
        "sourceClass": "observed",
        "source": "adsdiBusStops"
      }
    },
    {
      "type": "Feature",
      "id": "adsdi-bus-2457",
      "geometry": {
        "type": "Point",
        "coordinates": [
          54.421853,
          24.533452
        ]
      },
      "properties": {
        "id": "adsdi-bus-2457",
        "objectId": 2457,
        "gtfsId": 1153,
        "code": "01153A",
        "name": "Stop 1153 / Jacques Chirac St",
        "nameAr": "موقف 1153 /  شارع جاك شيراك",
        "stopNumber": 1153,
        "zoneId": "al-saadiyat",
        "sourceClass": "observed",
        "source": "adsdiBusStops"
      }
    },
    {
      "type": "Feature",
      "id": "adsdi-bus-1232",
      "geometry": {
        "type": "Point",
        "coordinates": [
          54.383992,
          24.431797
        ]
      },
      "properties": {
        "id": "adsdi-bus-1232",
        "objectId": 1232,
        "gtfsId": 3045,
        "code": "03045A",
        "name": "Al Khaleej Al Arabi St / Public Garden",
        "nameAr": "شارع الخليج العربي / الحديقة العامة",
        "stopNumber": 3045,
        "zoneId": "al-mushrif",
        "sourceClass": "observed",
        "source": "adsdiBusStops"
      }
    },
    {
      "type": "Feature",
      "id": "adsdi-bus-2065",
      "geometry": {
        "type": "Point",
        "coordinates": [
          54.368845,
          24.491706
        ]
      },
      "properties": {
        "id": "adsdi-bus-2065",
        "objectId": 2065,
        "gtfsId": 607,
        "code": "00607A",
        "name": "Fatima Bint Mubarak St / Zayed The First St",
        "nameAr": "شارع فاطمة بنت مبارك /  شارع زايد الأول",
        "stopNumber": 607,
        "zoneId": "al-danah",
        "sourceClass": "observed",
        "source": "adsdiBusStops"
      }
    },
    {
      "type": "Feature",
      "id": "adsdi-bus-1724",
      "geometry": {
        "type": "Point",
        "coordinates": [
          54.631106,
          24.489876
        ]
      },
      "properties": {
        "id": "adsdi-bus-1724",
        "objectId": 1724,
        "gtfsId": 19493,
        "code": "19493A",
        "name": "Al Maha St / Gateway Park North 2",
        "nameAr": "شارع المَهَا / بوابة منتزه ياس (شمال 2)",
        "stopNumber": 19493,
        "zoneId": "yas-island",
        "sourceClass": "observed",
        "source": "adsdiBusStops"
      }
    },
    {
      "type": "Feature",
      "id": "adsdi-bus-3788",
      "geometry": {
        "type": "Point",
        "coordinates": [
          54.49733,
          24.345702
        ]
      },
      "properties": {
        "id": "adsdi-bus-3788",
        "objectId": 3788,
        "gtfsId": 11192,
        "code": "11192A",
        "name": "St 16 / St 11",
        "nameAr": "شارع 16 / شارع 11",
        "stopNumber": 11192,
        "zoneId": "musaffah",
        "sourceClass": "observed",
        "source": "adsdiBusStops"
      }
    },
    {
      "type": "Feature",
      "id": "adsdi-bus-1083",
      "geometry": {
        "type": "Point",
        "coordinates": [
          54.552388,
          24.317531
        ]
      },
      "properties": {
        "id": "adsdi-bus-1083",
        "objectId": 1083,
        "gtfsId": 12364,
        "code": "12364A",
        "name": "Al Nasr St / Hubour St",
        "nameAr": "ش. النصر/ ش. الحبور",
        "stopNumber": 12364,
        "zoneId": "mbz-zayed-city",
        "sourceClass": "observed",
        "source": "adsdiBusStops"
      }
    },
    {
      "type": "Feature",
      "id": "adsdi-bus-50",
      "geometry": {
        "type": "Point",
        "coordinates": [
          54.411754,
          24.424268
        ]
      },
      "properties": {
        "id": "adsdi-bus-50",
        "objectId": 50,
        "gtfsId": 3060,
        "code": "03060A",
        "name": "Al Khaleej Al Arabi St / Al Gurm",
        "nameAr": "شارع الخَلِيج العَرَبي / القرم",
        "stopNumber": 3060,
        "zoneId": "al-rawdah",
        "sourceClass": "observed",
        "source": "adsdiBusStops"
      }
    },
    {
      "type": "Feature",
      "id": "adsdi-bus-3247",
      "geometry": {
        "type": "Point",
        "coordinates": [
          54.604046,
          24.464172
        ]
      },
      "properties": {
        "id": "adsdi-bus-3247",
        "objectId": 3247,
        "gtfsId": 19616,
        "code": "19616A",
        "name": "Yas Drive / Marina Circuit Grandstand",
        "nameAr": "درب يَاس / مدرج حلبة مرسى ياس",
        "stopNumber": 19616,
        "zoneId": "yas-island",
        "sourceClass": "observed",
        "source": "adsdiBusStops"
      }
    },
    {
      "type": "Feature",
      "id": "adsdi-bus-2755",
      "geometry": {
        "type": "Point",
        "coordinates": [
          54.605345,
          24.487
        ]
      },
      "properties": {
        "id": "adsdi-bus-2755",
        "objectId": 2755,
        "gtfsId": 19594,
        "code": "19594B",
        "name": "Al Khuyoul St, Yas Mall / Ferrari World",
        "nameAr": "شارع الخُيُول/ عالم فراري / ياس مول",
        "stopNumber": 19594,
        "zoneId": "yas-island",
        "sourceClass": "observed",
        "source": "adsdiBusStops"
      }
    },
    {
      "type": "Feature",
      "id": "adsdi-bus-3605",
      "geometry": {
        "type": "Point",
        "coordinates": [
          54.531696,
          24.324374
        ]
      },
      "properties": {
        "id": "adsdi-bus-3605",
        "objectId": 3605,
        "gtfsId": 10591,
        "code": "10591B",
        "name": "Naseem Al Barr St / First Abu Dhabi Bank",
        "nameAr": "شارع العُمَّال/ بنك ابوظبي الاول",
        "stopNumber": 10591,
        "zoneId": "mbz-zayed-city",
        "sourceClass": "observed",
        "source": "adsdiBusStops"
      }
    },
    {
      "type": "Feature",
      "id": "adsdi-bus-2609",
      "geometry": {
        "type": "Point",
        "coordinates": [
          54.561793,
          24.314834
        ]
      },
      "properties": {
        "id": "adsdi-bus-2609",
        "objectId": 2609,
        "gtfsId": 10678,
        "code": "10678B",
        "name": "Al Nasr St / ADVETI",
        "nameAr": "ش. النصر/ معهد ابوظبي للتعليم و التدريب المهني",
        "stopNumber": 10678,
        "zoneId": "mbz-zayed-city",
        "sourceClass": "observed",
        "source": "adsdiBusStops"
      }
    },
    {
      "type": "Feature",
      "id": "adsdi-bus-24",
      "geometry": {
        "type": "Point",
        "coordinates": [
          54.512307,
          24.348934
        ]
      },
      "properties": {
        "id": "adsdi-bus-24",
        "objectId": 24,
        "gtfsId": 11717,
        "code": "11717A",
        "name": "St 15 / Al Jimi Worker Village",
        "nameAr": "شارع 15/ قرية الجيمي العمالية",
        "stopNumber": 11717,
        "zoneId": "musaffah",
        "sourceClass": "observed",
        "source": "adsdiBusStops"
      }
    },
    {
      "type": "Feature",
      "id": "adsdi-bus-3250",
      "geometry": {
        "type": "Point",
        "coordinates": [
          54.541594,
          24.315417
        ]
      },
      "properties": {
        "id": "adsdi-bus-3250",
        "objectId": 3250,
        "gtfsId": 10670,
        "code": "10670A",
        "name": "Al Mahazim St / Al Anwar St",
        "nameAr": "شارع نسيم البر/ شارع الأنوار",
        "stopNumber": 10670,
        "zoneId": "mbz-zayed-city",
        "sourceClass": "observed",
        "source": "adsdiBusStops"
      }
    },
    {
      "type": "Feature",
      "id": "adsdi-bus-1590",
      "geometry": {
        "type": "Point",
        "coordinates": [
          54.491039,
          24.374763
        ]
      },
      "properties": {
        "id": "adsdi-bus-1590",
        "objectId": 1590,
        "gtfsId": 11644,
        "code": "11644B",
        "name": "St 11 / St 16",
        "nameAr": "ش. 11/ ش. 16",
        "stopNumber": 11644,
        "zoneId": "musaffah",
        "sourceClass": "observed",
        "source": "adsdiBusStops"
      }
    },
    {
      "type": "Feature",
      "id": "adsdi-bus-3367",
      "geometry": {
        "type": "Point",
        "coordinates": [
          54.386143,
          24.444891
        ]
      },
      "properties": {
        "id": "adsdi-bus-3367",
        "objectId": 3367,
        "gtfsId": 2426,
        "code": "02426A",
        "name": "Al Karamah St / Abu Dhabi Golf and Equestrian Club",
        "nameAr": "شارع الكرامة / نادي أبوظبي للفروسية",
        "stopNumber": 2426,
        "zoneId": "al-mushrif",
        "sourceClass": "observed",
        "source": "adsdiBusStops"
      }
    },
    {
      "type": "Feature",
      "id": "adsdi-bus-1707",
      "geometry": {
        "type": "Point",
        "coordinates": [
          54.369031,
          24.468579
        ]
      },
      "properties": {
        "id": "adsdi-bus-1707",
        "objectId": 1707,
        "gtfsId": 1115,
        "code": "01115A",
        "name": "Hazzaʹ Bin Zayed St / Shk. Rashid Bin Saeed St",
        "nameAr": "شارع هزاع بن زايد/ شارع الشيخ راشد بن سعيد",
        "stopNumber": 1115,
        "zoneId": "al-manhal-karamah",
        "sourceClass": "observed",
        "source": "adsdiBusStops"
      }
    },
    {
      "type": "Feature",
      "id": "adsdi-bus-2039",
      "geometry": {
        "type": "Point",
        "coordinates": [
          54.389503,
          24.45839
        ]
      },
      "properties": {
        "id": "adsdi-bus-2039",
        "objectId": 2039,
        "gtfsId": 433,
        "code": "00433B",
        "name": "Sultan Bin Zayed St / EIBFS",
        "nameAr": "شارع سلطان بن زايد/ معهد الامارات للدراسات المصرفية والمالية",
        "stopNumber": 433,
        "zoneId": "al-nahyan",
        "sourceClass": "observed",
        "source": "adsdiBusStops"
      }
    },
    {
      "type": "Feature",
      "id": "adsdi-bus-3914",
      "geometry": {
        "type": "Point",
        "coordinates": [
          54.40735,
          24.491234
        ]
      },
      "properties": {
        "id": "adsdi-bus-3914",
        "objectId": 3914,
        "gtfsId": 778,
        "code": "00778A",
        "name": "Al Reem St / Al Falaq St",
        "nameAr": "شارع الرِّيم / شارع الفلق",
        "stopNumber": 778,
        "zoneId": "al-reem",
        "sourceClass": "observed",
        "source": "adsdiBusStops"
      }
    },
    {
      "type": "Feature",
      "id": "adsdi-bus-734",
      "geometry": {
        "type": "Point",
        "coordinates": [
          54.588264,
          24.308115
        ]
      },
      "properties": {
        "id": "adsdi-bus-734",
        "objectId": 734,
        "gtfsId": 10690,
        "code": "10690A",
        "name": "Al Thamoudi St / Salafah St",
        "nameAr": "شارع الثمودي / شارع صلافة",
        "stopNumber": 10690,
        "zoneId": "mbz-zayed-city",
        "sourceClass": "observed",
        "source": "adsdiBusStops"
      }
    },
    {
      "type": "Feature",
      "id": "adsdi-bus-1398",
      "geometry": {
        "type": "Point",
        "coordinates": [
          54.585018,
          24.302212
        ]
      },
      "properties": {
        "id": "adsdi-bus-1398",
        "objectId": 1398,
        "gtfsId": 10405,
        "code": "10405A",
        "name": "Al Rukn St / Al Amazoun St",
        "nameAr": "ش. الركن/ ش. الالامازون",
        "stopNumber": 10405,
        "zoneId": "mbz-zayed-city",
        "sourceClass": "observed",
        "source": "adsdiBusStops"
      }
    },
    {
      "type": "Feature",
      "id": "adsdi-bus-2563",
      "geometry": {
        "type": "Point",
        "coordinates": [
          54.359207,
          24.459678
        ]
      },
      "properties": {
        "id": "adsdi-bus-2563",
        "objectId": 2563,
        "gtfsId": 1109,
        "code": "01109A",
        "name": "Hazzaʹ Bin Zayed St / Mohamed Bin Khaled School",
        "nameAr": "شارع هزاع بن زايد/  مدرسة محمد بن خالد",
        "stopNumber": 1109,
        "zoneId": "al-manhal-karamah",
        "sourceClass": "observed",
        "source": "adsdiBusStops"
      }
    },
    {
      "type": "Feature",
      "id": "adsdi-bus-1567",
      "geometry": {
        "type": "Point",
        "coordinates": [
          54.327185,
          24.464596
        ]
      },
      "properties": {
        "id": "adsdi-bus-1567",
        "objectId": 1567,
        "gtfsId": 111,
        "code": "00111A",
        "name": "Corniche St / Nation Towers",
        "nameAr": "شارع الكورنيش / أبراج الأمة",
        "stopNumber": 111,
        "zoneId": "al-bateen",
        "sourceClass": "observed",
        "source": "adsdiBusStops"
      }
    },
    {
      "type": "Feature",
      "id": "adsdi-bus-903",
      "geometry": {
        "type": "Point",
        "coordinates": [
          54.378099,
          24.490212
        ]
      },
      "properties": {
        "id": "adsdi-bus-903",
        "objectId": 903,
        "gtfsId": 812,
        "code": "00812B",
        "name": "Shk. Zayed Bin Sultn St / Al Reem St",
        "nameAr": "شارع الشيخ زايد بن سلطان / شارع الرِّيم",
        "stopNumber": 812,
        "zoneId": "al-danah",
        "sourceClass": "observed",
        "source": "adsdiBusStops"
      }
    },
    {
      "type": "Feature",
      "id": "adsdi-bus-1730",
      "geometry": {
        "type": "Point",
        "coordinates": [
          54.403552,
          24.487319
        ]
      },
      "properties": {
        "id": "adsdi-bus-1730",
        "objectId": 1730,
        "gtfsId": 1052,
        "code": "01052B",
        "name": "Al Ghazal St / Al Baqat St",
        "nameAr": "شارع الغَزَال / شارع الباقات",
        "stopNumber": 1052,
        "zoneId": "al-reem",
        "sourceClass": "observed",
        "source": "adsdiBusStops"
      }
    },
    {
      "type": "Feature",
      "id": "adsdi-bus-425",
      "geometry": {
        "type": "Point",
        "coordinates": [
          54.535189,
          24.323571
        ]
      },
      "properties": {
        "id": "adsdi-bus-425",
        "objectId": 425,
        "gtfsId": 10081,
        "code": "10081B",
        "name": "Razim St / Al Rab'i St",
        "nameAr": "شارع رازم / شارع الربعي",
        "stopNumber": 10081,
        "zoneId": "mbz-zayed-city",
        "sourceClass": "observed",
        "source": "adsdiBusStops"
      }
    },
    {
      "type": "Feature",
      "id": "adsdi-bus-2749",
      "geometry": {
        "type": "Point",
        "coordinates": [
          54.537706,
          24.349575
        ]
      },
      "properties": {
        "id": "adsdi-bus-2749",
        "objectId": 2749,
        "gtfsId": 10110,
        "code": "10110A",
        "name": "Al Anwar St / Al Bireeqa St",
        "nameAr": "شارع الأنوار / شارع البِريقَا",
        "stopNumber": 10110,
        "zoneId": "mbz-zayed-city",
        "sourceClass": "observed",
        "source": "adsdiBusStops"
      }
    },
    {
      "type": "Feature",
      "id": "adsdi-bus-1753",
      "geometry": {
        "type": "Point",
        "coordinates": [
          54.55798,
          24.353743
        ]
      },
      "properties": {
        "id": "adsdi-bus-1753",
        "objectId": 1753,
        "gtfsId": 12072,
        "code": "12072A",
        "name": "Al Ithar St  / Al Salam Mosque",
        "nameAr": "ش. الايثار/ مسجد السلام",
        "stopNumber": 12072,
        "zoneId": "mbz-zayed-city",
        "sourceClass": "observed",
        "source": "adsdiBusStops"
      }
    },
    {
      "type": "Feature",
      "id": "adsdi-bus-2208",
      "geometry": {
        "type": "Point",
        "coordinates": [
          54.579879,
          24.431482
        ]
      },
      "properties": {
        "id": "adsdi-bus-2208",
        "objectId": 2208,
        "gtfsId": 16690,
        "code": "16690A",
        "name": "Al Sihayli St / Almalayika Mosque",
        "nameAr": "شارع السهيلي/ مسجد المليكة",
        "stopNumber": 16690,
        "zoneId": "khalifa-city",
        "sourceClass": "observed",
        "source": "adsdiBusStops"
      }
    },
    {
      "type": "Feature",
      "id": "adsdi-bus-93",
      "geometry": {
        "type": "Point",
        "coordinates": [
          54.439991,
          24.442592
        ]
      },
      "properties": {
        "id": "adsdi-bus-93",
        "objectId": 93,
        "gtfsId": 3107,
        "code": "03107B",
        "name": "Dhafeer St / Shk. Zayed Bin Sultan St",
        "nameAr": "ش ظفير / ش الشيخ زايد بن سلطان",
        "stopNumber": 3107,
        "zoneId": "muroor-al-saadah",
        "sourceClass": "observed",
        "source": "adsdiBusStops"
      }
    },
    {
      "type": "Feature",
      "id": "adsdi-bus-3774",
      "geometry": {
        "type": "Point",
        "coordinates": [
          54.582182,
          24.303769
        ]
      },
      "properties": {
        "id": "adsdi-bus-3774",
        "objectId": 3774,
        "gtfsId": 10800,
        "code": "10800A",
        "name": "Salafah St / Jees St",
        "nameAr": "شارع صلافة / شارع جيس",
        "stopNumber": 10800,
        "zoneId": "mbz-zayed-city",
        "sourceClass": "observed",
        "source": "adsdiBusStops"
      }
    },
    {
      "type": "Feature",
      "id": "adsdi-bus-1515",
      "geometry": {
        "type": "Point",
        "coordinates": [
          54.378688,
          24.452698
        ]
      },
      "properties": {
        "id": "adsdi-bus-1515",
        "objectId": 1515,
        "gtfsId": 2420,
        "code": "02420A",
        "name": "Al Karamah St / Al Mushrif Palace",
        "nameAr": "شارع الكرامة / قصر المشرف",
        "stopNumber": 2420,
        "zoneId": "al-mushrif",
        "sourceClass": "observed",
        "source": "adsdiBusStops"
      }
    },
    {
      "type": "Feature",
      "id": "adsdi-bus-3181",
      "geometry": {
        "type": "Point",
        "coordinates": [
          54.379381,
          24.479829
        ]
      },
      "properties": {
        "id": "adsdi-bus-3181",
        "objectId": 3181,
        "gtfsId": 620,
        "code": "00620B",
        "name": "Fatima Bint Mubarak St / Al Musharaka St",
        "nameAr": "شارع فاطمة بنت مبارك / شارع المشاركة",
        "stopNumber": 620,
        "zoneId": "al-danah",
        "sourceClass": "observed",
        "source": "adsdiBusStops"
      }
    },
    {
      "type": "Feature",
      "id": "adsdi-bus-1166",
      "geometry": {
        "type": "Point",
        "coordinates": [
          54.599941,
          24.440753
        ]
      },
      "properties": {
        "id": "adsdi-bus-1166",
        "objectId": 1166,
        "gtfsId": 16061,
        "code": "16061A",
        "name": "Al Mireef St / ADNOC",
        "nameAr": "شارع المِرِيف/ ادنوك",
        "stopNumber": 16061,
        "zoneId": "khalifa-city",
        "sourceClass": "observed",
        "source": "adsdiBusStops"
      }
    },
    {
      "type": "Feature",
      "id": "adsdi-bus-1143",
      "geometry": {
        "type": "Point",
        "coordinates": [
          54.472685,
          24.380844
        ]
      },
      "properties": {
        "id": "adsdi-bus-1143",
        "objectId": 1143,
        "gtfsId": 11010,
        "code": "11010A",
        "name": "St 6 / Mussafah Port",
        "nameAr": "شارع 6 / ميناء مصفح",
        "stopNumber": 11010,
        "zoneId": "musaffah",
        "sourceClass": "observed",
        "source": "adsdiBusStops"
      }
    },
    {
      "type": "Feature",
      "id": "adsdi-bus-1561",
      "geometry": {
        "type": "Point",
        "coordinates": [
          54.512122,
          24.353104
        ]
      },
      "properties": {
        "id": "adsdi-bus-1561",
        "objectId": 1561,
        "gtfsId": 11715,
        "code": "11715A",
        "name": "15 St / ADDC Central Store",
        "nameAr": "شارع 15 / مركز ابوظبي المركزي للتوزيع",
        "stopNumber": 11715,
        "zoneId": "musaffah",
        "sourceClass": "observed",
        "source": "adsdiBusStops"
      }
    },
    {
      "type": "Feature",
      "id": "adsdi-bus-2818",
      "geometry": {
        "type": "Point",
        "coordinates": [
          54.545537,
          24.354942
        ]
      },
      "properties": {
        "id": "adsdi-bus-2818",
        "objectId": 2818,
        "gtfsId": 12256,
        "code": "12256B",
        "name": "Al Basi St / Al ʹArdah St",
        "nameAr": "شارع البَاسِي / شارع العرضة",
        "stopNumber": 12256,
        "zoneId": "mbz-zayed-city",
        "sourceClass": "observed",
        "source": "adsdiBusStops"
      }
    },
    {
      "type": "Feature",
      "id": "adsdi-bus-974",
      "geometry": {
        "type": "Point",
        "coordinates": [
          54.382718,
          24.447903
        ]
      },
      "properties": {
        "id": "adsdi-bus-974",
        "objectId": 974,
        "gtfsId": 2424,
        "code": "02424B",
        "name": "Al Karamah St / Al Tasamuh St",
        "nameAr": "شارع الكرامة / شارع التسامح",
        "stopNumber": 2424,
        "zoneId": "al-mushrif",
        "sourceClass": "observed",
        "source": "adsdiBusStops"
      }
    },
    {
      "type": "Feature",
      "id": "adsdi-bus-310",
      "geometry": {
        "type": "Point",
        "coordinates": [
          54.406866,
          24.484686
        ]
      },
      "properties": {
        "id": "adsdi-bus-310",
        "objectId": 310,
        "gtfsId": 1054,
        "code": "01054C",
        "name": "Al Ghazal St / Al 'Oud St",
        "nameAr": "شارع الغَزَال / شارع العُود",
        "stopNumber": 1054,
        "zoneId": "al-reem",
        "sourceClass": "observed",
        "source": "adsdiBusStops"
      }
    },
    {
      "type": "Feature",
      "id": "adsdi-bus-3628",
      "geometry": {
        "type": "Point",
        "coordinates": [
          54.56388,
          24.295435
        ]
      },
      "properties": {
        "id": "adsdi-bus-3628",
        "objectId": 3628,
        "gtfsId": 10425,
        "code": "10425B",
        "name": "Al Khafi St / Al Jazeera Park",
        "nameAr": "شارع الخافي / حديقة الجزيرة",
        "stopNumber": 10425,
        "zoneId": "mbz-zayed-city",
        "sourceClass": "observed",
        "source": "adsdiBusStops"
      }
    },
    {
      "type": "Feature",
      "id": "adsdi-bus-1120",
      "geometry": {
        "type": "Point",
        "coordinates": [
          54.346103,
          24.455459
        ]
      },
      "properties": {
        "id": "adsdi-bus-1120",
        "objectId": 1120,
        "gtfsId": 3419,
        "code": "03419A",
        "name": "King Abdullah Bin Abdulaziz Al Saud St / Mattar and Mubarak Bin Hadhar Mosque",
        "nameAr": "ش الملك عبدالله بن عبد العزيز آل سعود / مسجد مطر ومبارك بن حاضر",
        "stopNumber": 3419,
        "zoneId": "al-bateen",
        "sourceClass": "observed",
        "source": "adsdiBusStops"
      }
    },
    {
      "type": "Feature",
      "id": "adsdi-bus-874",
      "geometry": {
        "type": "Point",
        "coordinates": [
          54.425935,
          24.532529
        ]
      },
      "properties": {
        "id": "adsdi-bus-874",
        "objectId": 874,
        "gtfsId": 1152,
        "code": "01152A",
        "name": "Laffan St / Stop 1152",
        "nameAr": "شارع لَفَّان/ موقف 1152",
        "stopNumber": 1152,
        "zoneId": "al-saadiyat",
        "sourceClass": "observed",
        "source": "adsdiBusStops"
      }
    },
    {
      "type": "Feature",
      "id": "adsdi-bus-3860",
      "geometry": {
        "type": "Point",
        "coordinates": [
          54.523083,
          24.355745
        ]
      },
      "properties": {
        "id": "adsdi-bus-3860",
        "objectId": 3860,
        "gtfsId": 11154,
        "code": "11154A",
        "name": "St 14 / Tasheel",
        "nameAr": "شارع 14 / تسهيل",
        "stopNumber": 11154,
        "zoneId": "musaffah",
        "sourceClass": "observed",
        "source": "adsdiBusStops"
      }
    },
    {
      "type": "Feature",
      "id": "adsdi-bus-279",
      "geometry": {
        "type": "Point",
        "coordinates": [
          54.478295,
          24.41425
        ]
      },
      "properties": {
        "id": "adsdi-bus-279",
        "objectId": 279,
        "gtfsId": 3901,
        "code": "03901A",
        "name": "Wahat Al Karama St / Sheikh Zayed Grand Mosque",
        "nameAr": "شارع واحة الكرامة / جامع الشيخ زايد الكبير",
        "stopNumber": 3901,
        "zoneId": "al-rawdah",
        "sourceClass": "observed",
        "source": "adsdiBusStops"
      }
    },
    {
      "type": "Feature",
      "id": "adsdi-bus-1358",
      "geometry": {
        "type": "Point",
        "coordinates": [
          54.393698,
          24.454002
        ]
      },
      "properties": {
        "id": "adsdi-bus-1358",
        "objectId": 1358,
        "gtfsId": 437,
        "code": "00437B",
        "name": "Sultan Bin Zayed St / Al Jazeera Sports Club",
        "nameAr": "شارع سلطان بن زايد/ نادي الجزيرة الرياضي",
        "stopNumber": 437,
        "zoneId": "al-nahyan",
        "sourceClass": "observed",
        "source": "adsdiBusStops"
      }
    },
    {
      "type": "Feature",
      "id": "adsdi-bus-2377",
      "geometry": {
        "type": "Point",
        "coordinates": [
          54.559563,
          24.295964
        ]
      },
      "properties": {
        "id": "adsdi-bus-2377",
        "objectId": 2377,
        "gtfsId": 10360,
        "code": "10360B",
        "name": "Al Saleel St / Stop 10360",
        "nameAr": "شارع الصَليِل/ موقف 10360",
        "stopNumber": 10360,
        "zoneId": "mbz-zayed-city",
        "sourceClass": "observed",
        "source": "adsdiBusStops"
      }
    },
    {
      "type": "Feature",
      "id": "adsdi-bus-705",
      "geometry": {
        "type": "Point",
        "coordinates": [
          54.472379,
          24.351836
        ]
      },
      "properties": {
        "id": "adsdi-bus-705",
        "objectId": 705,
        "gtfsId": 11552,
        "code": "11552B",
        "name": "St 7 / St 14",
        "nameAr": "شارع 7 \\ شارع 14",
        "stopNumber": 11552,
        "zoneId": "musaffah",
        "sourceClass": "observed",
        "source": "adsdiBusStops"
      }
    },
    {
      "type": "Feature",
      "id": "adsdi-bus-3705",
      "geometry": {
        "type": "Point",
        "coordinates": [
          54.492648,
          24.347527
        ]
      },
      "properties": {
        "id": "adsdi-bus-3705",
        "objectId": 3705,
        "gtfsId": 11658,
        "code": "11658A",
        "name": "St 11 / Food Distribution Center",
        "nameAr": "موقف شارع 11/ شارع 16",
        "stopNumber": 11658,
        "zoneId": "musaffah",
        "sourceClass": "observed",
        "source": "adsdiBusStops"
      }
    },
    {
      "type": "Feature",
      "id": "adsdi-bus-373",
      "geometry": {
        "type": "Point",
        "coordinates": [
          54.567041,
          24.418337
        ]
      },
      "properties": {
        "id": "adsdi-bus-373",
        "objectId": 373,
        "gtfsId": 16622,
        "code": "16622B",
        "name": "Theyab Bin Eissa St / Sas Al Nakhl School",
        "nameAr": "شارع ذياب بن عيسى / مدرسة ساس النخل",
        "stopNumber": 16622,
        "zoneId": "khalifa-city",
        "sourceClass": "observed",
        "source": "adsdiBusStops"
      }
    },
    {
      "type": "Feature",
      "id": "adsdi-bus-3373",
      "geometry": {
        "type": "Point",
        "coordinates": [
          54.33501,
          24.465316
        ]
      },
      "properties": {
        "id": "adsdi-bus-3373",
        "objectId": 3373,
        "gtfsId": 3433,
        "code": "03433B",
        "name": "Al Yazwah St / Police Station",
        "nameAr": "شارع اليَزْوَة / مركز الشرطة",
        "stopNumber": 3433,
        "zoneId": "al-bateen",
        "sourceClass": "observed",
        "source": "adsdiBusStops"
      }
    },
    {
      "type": "Feature",
      "id": "adsdi-bus-2248",
      "geometry": {
        "type": "Point",
        "coordinates": [
          54.380038,
          24.49861
        ]
      },
      "properties": {
        "id": "adsdi-bus-2248",
        "objectId": 2248,
        "gtfsId": 1017,
        "code": "01017A",
        "name": "Al Maiyani St  / Zayed The First St",
        "nameAr": "شارع المَيَّاني / شارع زايد الأول",
        "stopNumber": 1017,
        "zoneId": "al-zahiyah",
        "sourceClass": "observed",
        "source": "adsdiBusStops"
      }
    },
    {
      "type": "Feature",
      "id": "adsdi-bus-1644",
      "geometry": {
        "type": "Point",
        "coordinates": [
          54.539236,
          24.319151
        ]
      },
      "properties": {
        "id": "adsdi-bus-1644",
        "objectId": 1644,
        "gtfsId": 10130,
        "code": "10130B",
        "name": "Al Anwar St / Al Rasi St",
        "nameAr": "شارع الأنوار / شارع الرَّاسِي",
        "stopNumber": 10130,
        "zoneId": "mbz-zayed-city",
        "sourceClass": "observed",
        "source": "adsdiBusStops"
      }
    },
    {
      "type": "Feature",
      "id": "adsdi-bus-2972",
      "geometry": {
        "type": "Point",
        "coordinates": [
          54.570337,
          24.409642
        ]
      },
      "properties": {
        "id": "adsdi-bus-2972",
        "objectId": 2972,
        "gtfsId": 16628,
        "code": "16628A",
        "name": "Theyab Bin Eissa St / Emirates Post",
        "nameAr": "شارع ذياب بن عيسى/ بريد الإمارات",
        "stopNumber": 16628,
        "zoneId": "khalifa-city",
        "sourceClass": "observed",
        "source": "adsdiBusStops"
      }
    },
    {
      "type": "Feature",
      "id": "adsdi-bus-1653",
      "geometry": {
        "type": "Point",
        "coordinates": [
          54.62158,
          24.483927
        ]
      },
      "properties": {
        "id": "adsdi-bus-1653",
        "objectId": 1653,
        "gtfsId": 19502,
        "code": "19502A",
        "name": "Al Maha St / Gateway Park South 2",
        "nameAr": "شارع المَهَا / منتزه بوابة ياس (جنوب 2)",
        "stopNumber": 19502,
        "zoneId": "yas-island",
        "sourceClass": "observed",
        "source": "adsdiBusStops"
      }
    },
    {
      "type": "Feature",
      "id": "adsdi-bus-1298",
      "geometry": {
        "type": "Point",
        "coordinates": [
          54.560307,
          24.363324
        ]
      },
      "properties": {
        "id": "adsdi-bus-1298",
        "objectId": 1298,
        "gtfsId": 12290,
        "code": "12290B",
        "name": "ADNOC",
        "nameAr": "أدنوك",
        "stopNumber": 12290,
        "zoneId": "mbz-zayed-city",
        "sourceClass": "observed",
        "source": "adsdiBusStops"
      }
    },
    {
      "type": "Feature",
      "id": "adsdi-bus-3513",
      "geometry": {
        "type": "Point",
        "coordinates": [
          54.470509,
          24.318017
        ]
      },
      "properties": {
        "id": "adsdi-bus-3513",
        "objectId": 3513,
        "gtfsId": 11572,
        "code": "11572A",
        "name": "Stop 11572",
        "nameAr": "موقف 11572",
        "stopNumber": 11572,
        "zoneId": "musaffah",
        "sourceClass": "observed",
        "source": "adsdiBusStops"
      }
    },
    {
      "type": "Feature",
      "id": "adsdi-bus-1847",
      "geometry": {
        "type": "Point",
        "coordinates": [
          54.582563,
          24.304177
        ]
      },
      "properties": {
        "id": "adsdi-bus-1847",
        "objectId": 1847,
        "gtfsId": 10800,
        "code": "10800B",
        "name": "Salafah St / Jees St",
        "nameAr": "شارع صلافة / شارع جيس",
        "stopNumber": 10800,
        "zoneId": "mbz-zayed-city",
        "sourceClass": "observed",
        "source": "adsdiBusStops"
      }
    },
    {
      "type": "Feature",
      "id": "adsdi-bus-2191",
      "geometry": {
        "type": "Point",
        "coordinates": [
          54.549926,
          24.363921
        ]
      },
      "properties": {
        "id": "adsdi-bus-2191",
        "objectId": 2191,
        "gtfsId": 12064,
        "code": "12064B",
        "name": "Al Shadini St / Emirates National School",
        "nameAr": "شارع الشَّادِني / مدرسة الامارات الوطنية",
        "stopNumber": 12064,
        "zoneId": "mbz-zayed-city",
        "sourceClass": "observed",
        "source": "adsdiBusStops"
      }
    },
    {
      "type": "Feature",
      "id": "adsdi-bus-170",
      "geometry": {
        "type": "Point",
        "coordinates": [
          54.481561,
          24.374204
        ]
      },
      "properties": {
        "id": "adsdi-bus-170",
        "objectId": 170,
        "gtfsId": 11592,
        "code": "11592A",
        "name": "St 9 / St 8",
        "nameAr": "شارع 9 \\ شارع 8",
        "stopNumber": 11592,
        "zoneId": "musaffah",
        "sourceClass": "observed",
        "source": "adsdiBusStops"
      }
    },
    {
      "type": "Feature",
      "id": "adsdi-bus-3121",
      "geometry": {
        "type": "Point",
        "coordinates": [
          54.396483,
          24.432074
        ]
      },
      "properties": {
        "id": "adsdi-bus-3121",
        "objectId": 3121,
        "gtfsId": 3032,
        "code": "03032B",
        "name": "Al Wahah St / Makkah St",
        "nameAr": "ش الواحة / ش مكة",
        "stopNumber": 3032,
        "zoneId": "al-mushrif",
        "sourceClass": "observed",
        "source": "adsdiBusStops"
      }
    },
    {
      "type": "Feature",
      "id": "adsdi-bus-2826",
      "geometry": {
        "type": "Point",
        "coordinates": [
          54.388792,
          24.450685
        ]
      },
      "properties": {
        "id": "adsdi-bus-2826",
        "objectId": 2826,
        "gtfsId": 245,
        "code": "00245B",
        "name": "Shk. Rashid Bin Saeed St / Al Jazeera Sports Club",
        "nameAr": "شارع الشيخ راشد بن سعيد / نادي الجزيرة الرياضي",
        "stopNumber": 245,
        "zoneId": "al-mushrif",
        "sourceClass": "observed",
        "source": "adsdiBusStops"
      }
    },
    {
      "type": "Feature",
      "id": "adsdi-bus-1793",
      "geometry": {
        "type": "Point",
        "coordinates": [
          54.335467,
          24.469878
        ]
      },
      "properties": {
        "id": "adsdi-bus-1793",
        "objectId": 1793,
        "gtfsId": 121,
        "code": "00121B",
        "name": "Corniche St / Al Bateen St",
        "nameAr": "شارع الكورنيش / شارع البطين",
        "stopNumber": 121,
        "zoneId": "al-bateen",
        "sourceClass": "observed",
        "source": "adsdiBusStops"
      }
    },
    {
      "type": "Feature",
      "id": "adsdi-bus-3127",
      "geometry": {
        "type": "Point",
        "coordinates": [
          54.378045,
          24.49876
        ]
      },
      "properties": {
        "id": "adsdi-bus-3127",
        "objectId": 3127,
        "gtfsId": 1005,
        "code": "01005B",
        "name": "Al Zahiyah St / Zayed The First St",
        "nameAr": "شارع الزَّاهِيَة / شارع زايد الأول",
        "stopNumber": 1005,
        "zoneId": "al-zahiyah",
        "sourceClass": "observed",
        "source": "adsdiBusStops"
      }
    },
    {
      "type": "Feature",
      "id": "adsdi-bus-176",
      "geometry": {
        "type": "Point",
        "coordinates": [
          54.454014,
          24.560274
        ]
      },
      "properties": {
        "id": "adsdi-bus-176",
        "objectId": 176,
        "gtfsId": 1171,
        "code": "01171A",
        "name": "Al Tilal St / Saadiyat Beach Jumeirah Hotel",
        "nameAr": "شارع التِّلاَل / شاطئ السعديات فندق جميرا",
        "stopNumber": 1171,
        "zoneId": "al-saadiyat",
        "sourceClass": "observed",
        "source": "adsdiBusStops"
      }
    },
    {
      "type": "Feature",
      "id": "adsdi-bus-2486",
      "geometry": {
        "type": "Point",
        "coordinates": [
          54.462763,
          24.347223
        ]
      },
      "properties": {
        "id": "adsdi-bus-2486",
        "objectId": 2486,
        "gtfsId": 11522,
        "code": "11522B",
        "name": "Red Crescent Warehouses",
        "nameAr": "مستودع الهلال الاحمر",
        "stopNumber": 11522,
        "zoneId": "musaffah",
        "sourceClass": "observed",
        "source": "adsdiBusStops"
      }
    },
    {
      "type": "Feature",
      "id": "adsdi-bus-3814",
      "geometry": {
        "type": "Point",
        "coordinates": [
          54.515055,
          24.346078
        ]
      },
      "properties": {
        "id": "adsdi-bus-3814",
        "objectId": 3814,
        "gtfsId": 11200,
        "code": "11200B",
        "name": "St 16 / St 15",
        "nameAr": "شارع 16 / شارع 15",
        "stopNumber": 11200,
        "zoneId": "musaffah",
        "sourceClass": "observed",
        "source": "adsdiBusStops"
      }
    },
    {
      "type": "Feature",
      "id": "adsdi-bus-3221",
      "geometry": {
        "type": "Point",
        "coordinates": [
          54.492179,
          24.412486
        ]
      },
      "properties": {
        "id": "adsdi-bus-3221",
        "objectId": 3221,
        "gtfsId": 3522,
        "code": "03522B",
        "name": "Al Khor St / ITC",
        "nameAr": "شارع الخُور / مركز النقل المتكامل",
        "stopNumber": 3522,
        "zoneId": "rabdan-al-maqta",
        "sourceClass": "observed",
        "source": "adsdiBusStops"
      }
    },
    {
      "type": "Feature",
      "id": "adsdi-bus-4060",
      "geometry": {
        "type": "Point",
        "coordinates": [
          54.409839,
          24.489525
        ]
      },
      "properties": {
        "id": "adsdi-bus-4060",
        "objectId": 4060,
        "gtfsId": 1148,
        "code": "01148B",
        "name": "Al 'Oud St / Sorbonne University",
        "nameAr": "شارع العُود / جامعة السوربون",
        "stopNumber": 1148,
        "zoneId": "al-reem",
        "sourceClass": "observed",
        "source": "adsdiBusStops"
      }
    },
    {
      "type": "Feature",
      "id": "adsdi-bus-3714",
      "geometry": {
        "type": "Point",
        "coordinates": [
          54.56113,
          24.365639
        ]
      },
      "properties": {
        "id": "adsdi-bus-3714",
        "objectId": 3714,
        "gtfsId": 13080,
        "code": "13080A",
        "name": "E22 / Abu Dhabi University",
        "nameAr": "جامعة أبوظبي \\ البوابة الرئيسية",
        "stopNumber": 13080,
        "zoneId": "mbz-zayed-city",
        "sourceClass": "observed",
        "source": "adsdiBusStops"
      }
    },
    {
      "type": "Feature",
      "id": "adsdi-bus-1550",
      "geometry": {
        "type": "Point",
        "coordinates": [
          54.498575,
          24.414219
        ]
      },
      "properties": {
        "id": "adsdi-bus-1550",
        "objectId": 1550,
        "gtfsId": 3083,
        "code": "03083B",
        "name": "Al Maqtaʹ St / Lamhah St",
        "nameAr": "شارع المَقطَع / شارع لَمْحَة",
        "stopNumber": 3083,
        "zoneId": "rabdan-al-maqta",
        "sourceClass": "observed",
        "source": "adsdiBusStops"
      }
    },
    {
      "type": "Feature",
      "id": "adsdi-bus-1601",
      "geometry": {
        "type": "Point",
        "coordinates": [
          54.562071,
          24.296528
        ]
      },
      "properties": {
        "id": "adsdi-bus-1601",
        "objectId": 1601,
        "gtfsId": 10420,
        "code": "10420A",
        "name": "Maqtaʹat St / Shk. Zayed bin Sultan Al Nahyan Mosque",
        "nameAr": "شارع مقطعات / مسجد الشيخ زايد بن سلطان آل نهيان",
        "stopNumber": 10420,
        "zoneId": "mbz-zayed-city",
        "sourceClass": "observed",
        "source": "adsdiBusStops"
      }
    },
    {
      "type": "Feature",
      "id": "adsdi-bus-4020",
      "geometry": {
        "type": "Point",
        "coordinates": [
          54.531403,
          24.374106
        ]
      },
      "properties": {
        "id": "adsdi-bus-4020",
        "objectId": 4020,
        "gtfsId": 10510,
        "code": "10510A",
        "name": "St 79 / Capital Mall",
        "nameAr": "شارع 79 / كابيتال مول",
        "stopNumber": 10510,
        "zoneId": "mbz-zayed-city",
        "sourceClass": "observed",
        "source": "adsdiBusStops"
      }
    },
    {
      "type": "Feature",
      "id": "adsdi-bus-2360",
      "geometry": {
        "type": "Point",
        "coordinates": [
          54.3788,
          24.461374
        ]
      },
      "properties": {
        "id": "adsdi-bus-2360",
        "objectId": 2360,
        "gtfsId": 233,
        "code": "00233B",
        "name": "Shk. Rashid Bin Saeed St / Delma St",
        "nameAr": "شارع الشيخ راشد بن سعيد / شارع دلما",
        "stopNumber": 233,
        "zoneId": "al-manhal-karamah",
        "sourceClass": "observed",
        "source": "adsdiBusStops"
      }
    },
    {
      "type": "Feature",
      "id": "adsdi-bus-2597",
      "geometry": {
        "type": "Point",
        "coordinates": [
          54.597697,
          24.439884
        ]
      },
      "properties": {
        "id": "adsdi-bus-2597",
        "objectId": 2597,
        "gtfsId": 16060,
        "code": "16060B",
        "name": "Al Mireef St / Mediclinic",
        "nameAr": "شارع المِرِيف/ ميديكلينك",
        "stopNumber": 16060,
        "zoneId": "khalifa-city",
        "sourceClass": "observed",
        "source": "adsdiBusStops"
      }
    },
    {
      "type": "Feature",
      "id": "adsdi-bus-1933",
      "geometry": {
        "type": "Point",
        "coordinates": [
          54.380613,
          24.478691
        ]
      },
      "properties": {
        "id": "adsdi-bus-1933",
        "objectId": 1933,
        "gtfsId": 622,
        "code": "00622B",
        "name": "Fatimah Bint Mubarak St / Burjeel Hospital",
        "nameAr": "شارع فاطمة بنت مبارك / مستشفى برجيل",
        "stopNumber": 622,
        "zoneId": "al-danah",
        "sourceClass": "observed",
        "source": "adsdiBusStops"
      }
    },
    {
      "type": "Feature",
      "id": "adsdi-bus-3854",
      "geometry": {
        "type": "Point",
        "coordinates": [
          54.428118,
          24.536397
        ]
      },
      "properties": {
        "id": "adsdi-bus-3854",
        "objectId": 3854,
        "gtfsId": 1155,
        "code": "01155A",
        "name": "Shati Al Sa'diyat St / Stop 1155",
        "nameAr": "شارع شَاطئ السَّعْدِيات / موقف 1155",
        "stopNumber": 1155,
        "zoneId": "al-saadiyat",
        "sourceClass": "observed",
        "source": "adsdiBusStops"
      }
    },
    {
      "type": "Feature",
      "id": "adsdi-bus-3877",
      "geometry": {
        "type": "Point",
        "coordinates": [
          54.533718,
          24.333548
        ]
      },
      "properties": {
        "id": "adsdi-bus-3877",
        "objectId": 3877,
        "gtfsId": 10573,
        "code": "10573A",
        "name": "Al ʹUmmal St / Emirates Post",
        "nameAr": "شارع العُمَّال/ بريد الامارات",
        "stopNumber": 10573,
        "zoneId": "mbz-zayed-city",
        "sourceClass": "observed",
        "source": "adsdiBusStops"
      }
    },
    {
      "type": "Feature",
      "id": "adsdi-bus-582",
      "geometry": {
        "type": "Point",
        "coordinates": [
          54.356336,
          24.468732
        ]
      },
      "properties": {
        "id": "adsdi-bus-582",
        "objectId": 582,
        "gtfsId": 911,
        "code": "00911B",
        "name": "Al Falah St / Mubarak Bin Mohammed St",
        "nameAr": "شارع الفلاح / شارع مبارك بن محمد",
        "stopNumber": 911,
        "zoneId": "al-manhal-karamah",
        "sourceClass": "observed",
        "source": "adsdiBusStops"
      }
    },
    {
      "type": "Feature",
      "id": "adsdi-bus-3379",
      "geometry": {
        "type": "Point",
        "coordinates": [
          54.366817,
          24.466588
        ]
      },
      "properties": {
        "id": "adsdi-bus-3379",
        "objectId": 3379,
        "gtfsId": 1113,
        "code": "01113A",
        "name": "Hazzaʹ Bin Zayed St / SKMC",
        "nameAr": "شارع هزاع بن زايد/ مدينة الشيخ خليفة الطبية",
        "stopNumber": 1113,
        "zoneId": "al-manhal-karamah",
        "sourceClass": "observed",
        "source": "adsdiBusStops"
      }
    },
    {
      "type": "Feature",
      "id": "adsdi-bus-416",
      "geometry": {
        "type": "Point",
        "coordinates": [
          54.371304,
          24.469252
        ]
      },
      "properties": {
        "id": "adsdi-bus-416",
        "objectId": 416,
        "gtfsId": 219,
        "code": "00219B",
        "name": "Shk. Rashid Bin Saeed St / Hazzaʹ Bin Zayed St",
        "nameAr": "شارع الشيخ راشد بن سعيد / شارع هزاع بن زايد",
        "stopNumber": 219,
        "zoneId": "al-manhal-karamah",
        "sourceClass": "observed",
        "source": "adsdiBusStops"
      }
    },
    {
      "type": "Feature",
      "id": "adsdi-bus-2809",
      "geometry": {
        "type": "Point",
        "coordinates": [
          54.543173,
          24.302199
        ]
      },
      "properties": {
        "id": "adsdi-bus-2809",
        "objectId": 2809,
        "gtfsId": 10250,
        "code": "10250A",
        "name": "Al Angham St / ADDC Substation",
        "nameAr": "شارع الأنغام / محطة كهربائية فرعية",
        "stopNumber": 10250,
        "zoneId": "mbz-zayed-city",
        "sourceClass": "observed",
        "source": "adsdiBusStops"
      }
    },
    {
      "type": "Feature",
      "id": "adsdi-bus-1223",
      "geometry": {
        "type": "Point",
        "coordinates": [
          54.533198,
          24.373845
        ]
      },
      "properties": {
        "id": "adsdi-bus-1223",
        "objectId": 1223,
        "gtfsId": 10510,
        "code": "10510B",
        "name": "St 79 / Capital Mall",
        "nameAr": "شارع 79 / كابيتال مول",
        "stopNumber": 10510,
        "zoneId": "mbz-zayed-city",
        "sourceClass": "observed",
        "source": "adsdiBusStops"
      }
    },
    {
      "type": "Feature",
      "id": "adsdi-bus-488",
      "geometry": {
        "type": "Point",
        "coordinates": [
          54.388439,
          24.442423
        ]
      },
      "properties": {
        "id": "adsdi-bus-488",
        "objectId": 488,
        "gtfsId": 2428,
        "code": "02428A",
        "name": "Al Karamah St / Shakhbout Bin Sultan St",
        "nameAr": "شارع الكرامة / شارع شخبوط بن سلطان",
        "stopNumber": 2428,
        "zoneId": "al-mushrif",
        "sourceClass": "observed",
        "source": "adsdiBusStops"
      }
    },
    {
      "type": "Feature",
      "id": "adsdi-bus-3144",
      "geometry": {
        "type": "Point",
        "coordinates": [
          54.391205,
          24.443036
        ]
      },
      "properties": {
        "id": "adsdi-bus-3144",
        "objectId": 3144,
        "gtfsId": 1901,
        "code": "01901A",
        "name": "Jabir Bin Hayyan St / Abdullah Bin Rawaha Mousque",
        "nameAr": "شارع جَابِر بن حَيَّان /  مسجد عبدالله بن رواحة",
        "stopNumber": 1901,
        "zoneId": "al-mushrif",
        "sourceClass": "observed",
        "source": "adsdiBusStops"
      }
    },
    {
      "type": "Feature",
      "id": "adsdi-bus-817",
      "geometry": {
        "type": "Point",
        "coordinates": [
          54.454032,
          24.550669
        ]
      },
      "properties": {
        "id": "adsdi-bus-817",
        "objectId": 817,
        "gtfsId": 1174,
        "code": "01174B",
        "name": "Al Dhiba St / Saadiyat Beach Residences",
        "nameAr": "شارع الظبا / مساكن شاطئ السعديات",
        "stopNumber": 1174,
        "zoneId": "al-saadiyat",
        "sourceClass": "observed",
        "source": "adsdiBusStops"
      }
    },
    {
      "type": "Feature",
      "id": "adsdi-bus-3548",
      "geometry": {
        "type": "Point",
        "coordinates": [
          54.539503,
          24.320551
        ]
      },
      "properties": {
        "id": "adsdi-bus-3548",
        "objectId": 3548,
        "gtfsId": 10126,
        "code": "10126A",
        "name": "Al Anwar St / Emirates Heritage Club",
        "nameAr": "شارع الأنوار/ نادي تراث الامارات",
        "stopNumber": 10126,
        "zoneId": "mbz-zayed-city",
        "sourceClass": "observed",
        "source": "adsdiBusStops"
      }
    },
    {
      "type": "Feature",
      "id": "adsdi-bus-794",
      "geometry": {
        "type": "Point",
        "coordinates": [
          54.508061,
          24.359401
        ]
      },
      "properties": {
        "id": "adsdi-bus-794",
        "objectId": 794,
        "gtfsId": 11128,
        "code": "11128B",
        "name": "St 12 / Stop 11028",
        "nameAr": "شارع 12 \\ موقف 11028",
        "stopNumber": 11128,
        "zoneId": "musaffah",
        "sourceClass": "observed",
        "source": "adsdiBusStops"
      }
    },
    {
      "type": "Feature",
      "id": "adsdi-bus-3499",
      "geometry": {
        "type": "Point",
        "coordinates": [
          54.38865,
          24.498746
        ]
      },
      "properties": {
        "id": "adsdi-bus-3499",
        "objectId": 3499,
        "gtfsId": 756,
        "code": "00756A",
        "name": "Al Maryah St / Abu Dhabi Global Market St - First",
        "nameAr": "شارع المَوْكِب / شارع سوق أبوظبي العالمي - الأول",
        "stopNumber": 756,
        "zoneId": "al-maryah",
        "sourceClass": "observed",
        "source": "adsdiBusStops"
      }
    },
    {
      "type": "Feature",
      "id": "adsdi-bus-608",
      "geometry": {
        "type": "Point",
        "coordinates": [
          54.5648,
          24.325873
        ]
      },
      "properties": {
        "id": "adsdi-bus-608",
        "objectId": 608,
        "gtfsId": 10612,
        "code": "10612A",
        "name": "Naseem Al Barr St / Al Nasr St",
        "nameAr": "شارع نسيم البر/ شارع النصر",
        "stopNumber": 10612,
        "zoneId": "mbz-zayed-city",
        "sourceClass": "observed",
        "source": "adsdiBusStops"
      }
    },
    {
      "type": "Feature",
      "id": "adsdi-bus-1764",
      "geometry": {
        "type": "Point",
        "coordinates": [
          54.358342,
          24.48615
        ]
      },
      "properties": {
        "id": "adsdi-bus-1764",
        "objectId": 1764,
        "gtfsId": 512,
        "code": "00512A",
        "name": "Hamdan St / Central Souq",
        "nameAr": "شارع حمدان/ السوق المركزي",
        "stopNumber": 512,
        "zoneId": "al-danah",
        "sourceClass": "observed",
        "source": "adsdiBusStops"
      }
    },
    {
      "type": "Feature",
      "id": "adsdi-bus-2789",
      "geometry": {
        "type": "Point",
        "coordinates": [
          54.51401,
          24.355371
        ]
      },
      "properties": {
        "id": "adsdi-bus-2789",
        "objectId": 2789,
        "gtfsId": 11150,
        "code": "11150A",
        "name": "St 14 / St 15",
        "nameAr": "شارع 14 / شارع 15",
        "stopNumber": 11150,
        "zoneId": "musaffah",
        "sourceClass": "observed",
        "source": "adsdiBusStops"
      }
    },
    {
      "type": "Feature",
      "id": "adsdi-bus-631",
      "geometry": {
        "type": "Point",
        "coordinates": [
          54.501414,
          24.370686
        ]
      },
      "properties": {
        "id": "adsdi-bus-631",
        "objectId": 631,
        "gtfsId": 11684,
        "code": "11684A",
        "name": "St 13 / St 12",
        "nameAr": "ش. 13/ ش. 12",
        "stopNumber": 11684,
        "zoneId": "musaffah",
        "sourceClass": "observed",
        "source": "adsdiBusStops"
      }
    },
    {
      "type": "Feature",
      "id": "adsdi-bus-10",
      "geometry": {
        "type": "Point",
        "coordinates": [
          54.457906,
          24.418693
        ]
      },
      "properties": {
        "id": "adsdi-bus-10",
        "objectId": 10,
        "gtfsId": 2479,
        "code": "02479A",
        "name": "Saif Ghobash St / Zayed Sports Stadium",
        "nameAr": "شارع سيف غُباش / استاد مدينة زايد الرياضية",
        "stopNumber": 2479,
        "zoneId": "al-rawdah",
        "sourceClass": "observed",
        "source": "adsdiBusStops"
      }
    },
    {
      "type": "Feature",
      "id": "adsdi-bus-508",
      "geometry": {
        "type": "Point",
        "coordinates": [
          54.373115,
          24.486723
        ]
      },
      "properties": {
        "id": "adsdi-bus-508",
        "objectId": 508,
        "gtfsId": 612,
        "code": "00612A",
        "name": "Fatima Bint Mubarak St / Al Jali St",
        "nameAr": "شارع فاطمة بنت مبارك / شارع الجَالِي",
        "stopNumber": 612,
        "zoneId": "al-danah",
        "sourceClass": "observed",
        "source": "adsdiBusStops"
      }
    },
    {
      "type": "Feature",
      "id": "adsdi-bus-725",
      "geometry": {
        "type": "Point",
        "coordinates": [
          54.485608,
          24.345249
        ]
      },
      "properties": {
        "id": "adsdi-bus-725",
        "objectId": 725,
        "gtfsId": 11188,
        "code": "11188A",
        "name": "St 16 / ICAD Residential City Gate 1",
        "nameAr": "شارع 16/ بوابة مدينة ايكاد السكانية 1",
        "stopNumber": 11188,
        "zoneId": "musaffah",
        "sourceClass": "observed",
        "source": "adsdiBusStops"
      }
    },
    {
      "type": "Feature",
      "id": "adsdi-bus-1392",
      "geometry": {
        "type": "Point",
        "coordinates": [
          54.573823,
          24.42683
        ]
      },
      "properties": {
        "id": "adsdi-bus-1392",
        "objectId": 1392,
        "gtfsId": 16102,
        "code": "16102B",
        "name": "Stop 16102",
        "nameAr": "موقف 16102",
        "stopNumber": 16102,
        "zoneId": "khalifa-city",
        "sourceClass": "observed",
        "source": "adsdiBusStops"
      }
    },
    {
      "type": "Feature",
      "id": "adsdi-bus-3897",
      "geometry": {
        "type": "Point",
        "coordinates": [
          54.363817,
          24.477149
        ]
      },
      "properties": {
        "id": "adsdi-bus-3897",
        "objectId": 3897,
        "gtfsId": 213,
        "code": "00213B",
        "name": "Shk. Rashid Bin Saeed St / Al Falah St",
        "nameAr": "شارع الشيخ راشد بن سعيد / شارع الفلاح",
        "stopNumber": 213,
        "zoneId": "al-manhal-karamah",
        "sourceClass": "observed",
        "source": "adsdiBusStops"
      }
    },
    {
      "type": "Feature",
      "id": "adsdi-bus-2056",
      "geometry": {
        "type": "Point",
        "coordinates": [
          54.390033,
          24.502419
        ]
      },
      "properties": {
        "id": "adsdi-bus-2056",
        "objectId": 2056,
        "gtfsId": 950,
        "code": "00950A",
        "name": "Hamouda Bin Ali Al Dhaheri St / Al Maryah",
        "nameAr": "شارع حمودة بن علي الظاهري / المارِية",
        "stopNumber": 950,
        "zoneId": "al-maryah",
        "sourceClass": "observed",
        "source": "adsdiBusStops"
      }
    },
    {
      "type": "Feature",
      "id": "adsdi-bus-1292",
      "geometry": {
        "type": "Point",
        "coordinates": [
          54.513733,
          24.346342
        ]
      },
      "properties": {
        "id": "adsdi-bus-1292",
        "objectId": 1292,
        "gtfsId": 11200,
        "code": "11200A",
        "name": "St 16 / St 15",
        "nameAr": "شارع 16 / شارع 15",
        "stopNumber": 11200,
        "zoneId": "musaffah",
        "sourceClass": "observed",
        "source": "adsdiBusStops"
      }
    },
    {
      "type": "Feature",
      "id": "adsdi-bus-3456",
      "geometry": {
        "type": "Point",
        "coordinates": [
          54.408525,
          24.426343
        ]
      },
      "properties": {
        "id": "adsdi-bus-3456",
        "objectId": 3456,
        "gtfsId": 2712,
        "code": "02712B",
        "name": "Al Markib St / Al Mushrif Coop",
        "nameAr": "ش المراكب / جمعية المشرف",
        "stopNumber": 2712,
        "zoneId": "al-mushrif",
        "sourceClass": "observed",
        "source": "adsdiBusStops"
      }
    },
    {
      "type": "Feature",
      "id": "adsdi-bus-3997",
      "geometry": {
        "type": "Point",
        "coordinates": [
          54.366632,
          24.488207
        ]
      },
      "properties": {
        "id": "adsdi-bus-3997",
        "objectId": 3997,
        "gtfsId": 735,
        "code": "00735A",
        "name": "Zayed The First St / Al Thughour St",
        "nameAr": "الدَّانَةْ, شارع زايد الأول / شارع الثُّغُور",
        "stopNumber": 735,
        "zoneId": "al-danah",
        "sourceClass": "observed",
        "source": "adsdiBusStops"
      }
    },
    {
      "type": "Feature",
      "id": "adsdi-bus-2546",
      "geometry": {
        "type": "Point",
        "coordinates": [
          54.397302,
          24.497427
        ]
      },
      "properties": {
        "id": "adsdi-bus-2546",
        "objectId": 2546,
        "gtfsId": 1138,
        "code": "01138B",
        "name": "Hazzaʹ Bin Zayed St / Al Maryah St",
        "nameAr": "شارع هزاع بن زايد/ شارع المارِية",
        "stopNumber": 1138,
        "zoneId": "al-reem",
        "sourceClass": "observed",
        "source": "adsdiBusStops"
      }
    },
    {
      "type": "Feature",
      "id": "adsdi-bus-2497",
      "geometry": {
        "type": "Point",
        "coordinates": [
          54.453433,
          24.551523
        ]
      },
      "properties": {
        "id": "adsdi-bus-2497",
        "objectId": 2497,
        "gtfsId": 1174,
        "code": "01174A",
        "name": "Al Dhiba St / Saadiyat Beach Residences",
        "nameAr": "شارع الظبا / مساكن شاطئ السعديات",
        "stopNumber": 1174,
        "zoneId": "al-saadiyat",
        "sourceClass": "observed",
        "source": "adsdiBusStops"
      }
    },
    {
      "type": "Feature",
      "id": "adsdi-bus-433",
      "geometry": {
        "type": "Point",
        "coordinates": [
          54.551771,
          24.323387
        ]
      },
      "properties": {
        "id": "adsdi-bus-433",
        "objectId": 433,
        "gtfsId": 12360,
        "code": "12360B",
        "name": "Al Nasr St / Al Dar'an St",
        "nameAr": "ش. النصر/ ش. الدرعان",
        "stopNumber": 12360,
        "zoneId": "mbz-zayed-city",
        "sourceClass": "observed",
        "source": "adsdiBusStops"
      }
    },
    {
      "type": "Feature",
      "id": "adsdi-bus-2603",
      "geometry": {
        "type": "Point",
        "coordinates": [
          54.530502,
          24.321615
        ]
      },
      "properties": {
        "id": "adsdi-bus-2603",
        "objectId": 2603,
        "gtfsId": 10038,
        "code": "10038C",
        "name": "Mussafah Bus Station",
        "nameAr": "محطة حافلات  مصفح",
        "stopNumber": 10038,
        "zoneId": "mbz-zayed-city",
        "sourceClass": "observed",
        "source": "adsdiBusStops"
      }
    },
    {
      "type": "Feature",
      "id": "adsdi-bus-3599",
      "geometry": {
        "type": "Point",
        "coordinates": [
          54.492364,
          24.347254
        ]
      },
      "properties": {
        "id": "adsdi-bus-3599",
        "objectId": 3599,
        "gtfsId": 11658,
        "code": "11658B",
        "name": "St 11 / Food Distribution Center",
        "nameAr": "موقف شارع 11/ شارع 16",
        "stopNumber": 11658,
        "zoneId": "musaffah",
        "sourceClass": "observed",
        "source": "adsdiBusStops"
      }
    },
    {
      "type": "Feature",
      "id": "adsdi-bus-445",
      "geometry": {
        "type": "Point",
        "coordinates": [
          54.397369,
          24.44033
        ]
      },
      "properties": {
        "id": "adsdi-bus-445",
        "objectId": 445,
        "gtfsId": 1915,
        "code": "01915B",
        "name": "Anwan St / Wedding Hall",
        "nameAr": "شارع أَنْوَان / صالة الافراح",
        "stopNumber": 1915,
        "zoneId": "al-mushrif",
        "sourceClass": "observed",
        "source": "adsdiBusStops"
      }
    },
    {
      "type": "Feature",
      "id": "adsdi-bus-196",
      "geometry": {
        "type": "Point",
        "coordinates": [
          54.364504,
          24.487923
        ]
      },
      "properties": {
        "id": "adsdi-bus-196",
        "objectId": 196,
        "gtfsId": 403,
        "code": "00403A",
        "name": "Sultan Bin Zayed St / Zayed The First St",
        "nameAr": "شارع سلطان بن زايد/ شارع زايد الأول",
        "stopNumber": 403,
        "zoneId": "al-danah",
        "sourceClass": "observed",
        "source": "adsdiBusStops"
      }
    },
    {
      "type": "Feature",
      "id": "adsdi-bus-3848",
      "geometry": {
        "type": "Point",
        "coordinates": [
          54.368602,
          24.489917
        ]
      },
      "properties": {
        "id": "adsdi-bus-3848",
        "objectId": 3848,
        "gtfsId": 739,
        "code": "00739B",
        "name": "Zayed The First St / Fatima Bint Mubarak St",
        "nameAr": "شارع زايد الأول/ شارع فاطمة بنت مبارك",
        "stopNumber": 739,
        "zoneId": "al-danah",
        "sourceClass": "observed",
        "source": "adsdiBusStops"
      }
    },
    {
      "type": "Feature",
      "id": "adsdi-bus-3777",
      "geometry": {
        "type": "Point",
        "coordinates": [
          54.37776,
          24.501178
        ]
      },
      "properties": {
        "id": "adsdi-bus-3777",
        "objectId": 3777,
        "gtfsId": 1019,
        "code": "01019A",
        "name": "Al Maiyani St / Hamdan St",
        "nameAr": "شارع المَيَّاني / شارع حمدان",
        "stopNumber": 1019,
        "zoneId": "al-zahiyah",
        "sourceClass": "observed",
        "source": "adsdiBusStops"
      }
    },
    {
      "type": "Feature",
      "id": "adsdi-bus-1713",
      "geometry": {
        "type": "Point",
        "coordinates": [
          54.516862,
          24.35777
        ]
      },
      "properties": {
        "id": "adsdi-bus-1713",
        "objectId": 1713,
        "gtfsId": 11038,
        "code": "11038A",
        "name": "St 17 / St 12",
        "nameAr": "شارع 17 / شارع 12",
        "stopNumber": 11038,
        "zoneId": "musaffah",
        "sourceClass": "observed",
        "source": "adsdiBusStops"
      }
    },
    {
      "type": "Feature",
      "id": "adsdi-bus-1086",
      "geometry": {
        "type": "Point",
        "coordinates": [
          54.520506,
          24.368893
        ]
      },
      "properties": {
        "id": "adsdi-bus-1086",
        "objectId": 1086,
        "gtfsId": 11092,
        "code": "11092B",
        "name": "St 10 / Sharjah Islamic Bank",
        "nameAr": "شارع 10 / مصرف الشارقة الاسلامي",
        "stopNumber": 11092,
        "zoneId": "musaffah",
        "sourceClass": "observed",
        "source": "adsdiBusStops"
      }
    },
    {
      "type": "Feature",
      "id": "adsdi-bus-1584",
      "geometry": {
        "type": "Point",
        "coordinates": [
          54.388953,
          24.444846
        ]
      },
      "properties": {
        "id": "adsdi-bus-1584",
        "objectId": 1584,
        "gtfsId": 1948,
        "code": "01948A",
        "name": "Shakhbout Bin Sultan St / Immigration Department",
        "nameAr": "شارع شخبوط بن سلطان / دائرة الهجرة",
        "stopNumber": 1948,
        "zoneId": "al-mushrif",
        "sourceClass": "observed",
        "source": "adsdiBusStops"
      }
    },
    {
      "type": "Feature",
      "id": "adsdi-bus-1037",
      "geometry": {
        "type": "Point",
        "coordinates": [
          54.401527,
          24.490322
        ]
      },
      "properties": {
        "id": "adsdi-bus-1037",
        "objectId": 1037,
        "gtfsId": 1063,
        "code": "01063A",
        "name": "Abdullah Omran Taryam St / Al Zawiyah St",
        "nameAr": "شارع عبدالله عمران تريم / شارع الزَّاوِيَة",
        "stopNumber": 1063,
        "zoneId": "al-reem",
        "sourceClass": "observed",
        "source": "adsdiBusStops"
      }
    },
    {
      "type": "Feature",
      "id": "adsdi-bus-1727",
      "geometry": {
        "type": "Point",
        "coordinates": [
          54.546914,
          24.309007
        ]
      },
      "properties": {
        "id": "adsdi-bus-1727",
        "objectId": 1727,
        "gtfsId": 10136,
        "code": "10136B",
        "name": "Al Anwar St / Al Baleel St",
        "nameAr": "شارع الأنوار/ شارع البليل",
        "stopNumber": 10136,
        "zoneId": "mbz-zayed-city",
        "sourceClass": "observed",
        "source": "adsdiBusStops"
      }
    },
    {
      "type": "Feature",
      "id": "adsdi-bus-980",
      "geometry": {
        "type": "Point",
        "coordinates": [
          54.35292,
          24.458943
        ]
      },
      "properties": {
        "id": "adsdi-bus-980",
        "objectId": 980,
        "gtfsId": 3015,
        "code": "03015B",
        "name": "Al Khaleej Al Arabi St / Al Ghadeer St",
        "nameAr": "شارع الخَلِيج العَرَبي / شارع الغَدِير",
        "stopNumber": 3015,
        "zoneId": "al-bateen",
        "sourceClass": "observed",
        "source": "adsdiBusStops"
      }
    },
    {
      "type": "Feature",
      "id": "adsdi-bus-339",
      "geometry": {
        "type": "Point",
        "coordinates": [
          54.470262,
          24.344368
        ]
      },
      "properties": {
        "id": "adsdi-bus-339",
        "objectId": 339,
        "gtfsId": 11182,
        "code": "11182B",
        "name": "St 16 / Gulf Steel Industries",
        "nameAr": "شارع 16/ الخليج للصناعات الحديدية",
        "stopNumber": 11182,
        "zoneId": "musaffah",
        "sourceClass": "observed",
        "source": "adsdiBusStops"
      }
    },
    {
      "type": "Feature",
      "id": "adsdi-bus-290",
      "geometry": {
        "type": "Point",
        "coordinates": [
          54.579032,
          24.316618
        ]
      },
      "properties": {
        "id": "adsdi-bus-290",
        "objectId": 290,
        "gtfsId": 10683,
        "code": "10683B",
        "name": "Al Thamoudi St / Stop 10683",
        "nameAr": "ش. الثمودي/ موقف 10698",
        "stopNumber": 10683,
        "zoneId": "mbz-zayed-city",
        "sourceClass": "observed",
        "source": "adsdiBusStops"
      }
    },
    {
      "type": "Feature",
      "id": "adsdi-bus-3585",
      "geometry": {
        "type": "Point",
        "coordinates": [
          54.471824,
          24.374086
        ]
      },
      "properties": {
        "id": "adsdi-bus-3585",
        "objectId": 3585,
        "gtfsId": 11542,
        "code": "11542A",
        "name": "St 7 / Al Jaber Group",
        "nameAr": "شارع 7 / مجموعة الجابر",
        "stopNumber": 11542,
        "zoneId": "musaffah",
        "sourceClass": "observed",
        "source": "adsdiBusStops"
      }
    },
    {
      "type": "Feature",
      "id": "adsdi-bus-4040",
      "geometry": {
        "type": "Point",
        "coordinates": [
          54.450098,
          24.422908
        ]
      },
      "properties": {
        "id": "adsdi-bus-4040",
        "objectId": 4040,
        "gtfsId": 2473,
        "code": "02473B",
        "name": "Saif Ghobash St / General Civil Aviation Authority",
        "nameAr": "شارع سيف غُباش / الهيئة العامة للطيران المدني",
        "stopNumber": 2473,
        "zoneId": "al-rawdah",
        "sourceClass": "observed",
        "source": "adsdiBusStops"
      }
    },
    {
      "type": "Feature",
      "id": "adsdi-bus-1962",
      "geometry": {
        "type": "Point",
        "coordinates": [
          54.535002,
          24.427199
        ]
      },
      "properties": {
        "id": "adsdi-bus-1962",
        "objectId": 1962,
        "gtfsId": 16010,
        "code": "16010A",
        "name": "Channel St / Department Search and Rescue",
        "nameAr": "الرَّاحَة, شارع القناة / مركز البحث و الانقاذ",
        "stopNumber": 16010,
        "zoneId": "al-raha",
        "sourceClass": "observed",
        "source": "adsdiBusStops"
      }
    },
    {
      "type": "Feature",
      "id": "adsdi-bus-3193",
      "geometry": {
        "type": "Point",
        "coordinates": [
          54.377159,
          24.469678
        ]
      },
      "properties": {
        "id": "adsdi-bus-3193",
        "objectId": 3193,
        "gtfsId": 420,
        "code": "00420E",
        "name": "Abu Dhabi Bus Station",
        "nameAr": "محطة حافلات أبوظبي",
        "stopNumber": 420,
        "zoneId": "al-nahyan",
        "sourceClass": "observed",
        "source": "adsdiBusStops"
      }
    },
    {
      "type": "Feature",
      "id": "adsdi-bus-1278",
      "geometry": {
        "type": "Point",
        "coordinates": [
          54.369375,
          24.480416
        ]
      },
      "properties": {
        "id": "adsdi-bus-1278",
        "objectId": 1278,
        "gtfsId": 411,
        "code": "00411A",
        "name": "Sultan Bin Zayed St / Al Falah St 1",
        "nameAr": "شارع سلطان بن زايد/ شارع الفلاح 1",
        "stopNumber": 411,
        "zoneId": "al-danah",
        "sourceClass": "observed",
        "source": "adsdiBusStops"
      }
    },
    {
      "type": "Feature",
      "id": "adsdi-bus-2019",
      "geometry": {
        "type": "Point",
        "coordinates": [
          54.603063,
          24.484218
        ]
      },
      "properties": {
        "id": "adsdi-bus-2019",
        "objectId": 2019,
        "gtfsId": 19600,
        "code": "19600C",
        "name": "Al Maha St / Ferrari World West",
        "nameAr": "شارع المَهَا / عالم فراري غرب",
        "stopNumber": 19600,
        "zoneId": "yas-island",
        "sourceClass": "observed",
        "source": "adsdiBusStops"
      }
    },
    {
      "type": "Feature",
      "id": "adsdi-bus-3834",
      "geometry": {
        "type": "Point",
        "coordinates": [
          54.480899,
          24.345051
        ]
      },
      "properties": {
        "id": "adsdi-bus-3834",
        "objectId": 3834,
        "gtfsId": 11186,
        "code": "11186A",
        "name": "St 16 / Medical Industries",
        "nameAr": "شارع 16/ الصناعات الطبية",
        "stopNumber": 11186,
        "zoneId": "musaffah",
        "sourceClass": "observed",
        "source": "adsdiBusStops"
      }
    },
    {
      "type": "Feature",
      "id": "adsdi-bus-2162",
      "geometry": {
        "type": "Point",
        "coordinates": [
          54.370969,
          24.491295
        ]
      },
      "properties": {
        "id": "adsdi-bus-2162",
        "objectId": 2162,
        "gtfsId": 741,
        "code": "00741A",
        "name": "Zayed The First St / Al Silaymi St",
        "nameAr": "شارع زايد الأول / شارع السِّلَيْمِي",
        "stopNumber": 741,
        "zoneId": "al-danah",
        "sourceClass": "observed",
        "source": "adsdiBusStops"
      }
    },
    {
      "type": "Feature",
      "id": "adsdi-bus-4",
      "geometry": {
        "type": "Point",
        "coordinates": [
          54.399577,
          24.493858
        ]
      },
      "properties": {
        "id": "adsdi-bus-4",
        "objectId": 4,
        "gtfsId": 774,
        "code": "00774B",
        "name": "Al Reem St / Al Zaffat St",
        "nameAr": "شارع الرِّيم / شارع الزافات",
        "stopNumber": 774,
        "zoneId": "al-reem",
        "sourceClass": "observed",
        "source": "adsdiBusStops"
      }
    },
    {
      "type": "Feature",
      "id": "adsdi-bus-3542",
      "geometry": {
        "type": "Point",
        "coordinates": [
          54.362286,
          24.473537
        ]
      },
      "properties": {
        "id": "adsdi-bus-3542",
        "objectId": 3542,
        "gtfsId": 917,
        "code": "00917B",
        "name": "Al Falah St / Al Manhal Palace",
        "nameAr": "شارع الفلاح /  قصر المنهل",
        "stopNumber": 917,
        "zoneId": "al-manhal-karamah",
        "sourceClass": "observed",
        "source": "adsdiBusStops"
      }
    },
    {
      "type": "Feature",
      "id": "adsdi-bus-1329",
      "geometry": {
        "type": "Point",
        "coordinates": [
          54.344342,
          24.476436
        ]
      },
      "properties": {
        "id": "adsdi-bus-1329",
        "objectId": 1329,
        "gtfsId": 129,
        "code": "00129B",
        "name": "Corniche St / Mubarak Bin Mohammed St",
        "nameAr": "شارع الكورنيش /  شارع مبارك بن محمد",
        "stopNumber": 129,
        "zoneId": "al-bateen",
        "sourceClass": "observed",
        "source": "adsdiBusStops"
      }
    },
    {
      "type": "Feature",
      "id": "adsdi-bus-712",
      "geometry": {
        "type": "Point",
        "coordinates": [
          54.561718,
          24.324051
        ]
      },
      "properties": {
        "id": "adsdi-bus-712",
        "objectId": 712,
        "gtfsId": 12324,
        "code": "12324A",
        "name": "Al Nasr St / Naseem Al Barr St",
        "nameAr": "ش. النصر/ ش. نسيم البر",
        "stopNumber": 12324,
        "zoneId": "mbz-zayed-city",
        "sourceClass": "observed",
        "source": "adsdiBusStops"
      }
    },
    {
      "type": "Feature",
      "id": "adsdi-bus-119",
      "geometry": {
        "type": "Point",
        "coordinates": [
          54.469508,
          24.413216
        ]
      },
      "properties": {
        "id": "adsdi-bus-119",
        "objectId": 119,
        "gtfsId": 2487,
        "code": "02487B",
        "name": "Saif Ghobash St / Sheikh Zayed Grand Mosque",
        "nameAr": "شارع سيف غباش / جامع الشيخ زايد الكبير",
        "stopNumber": 2487,
        "zoneId": "al-rawdah",
        "sourceClass": "observed",
        "source": "adsdiBusStops"
      }
    },
    {
      "type": "Feature",
      "id": "adsdi-bus-3036",
      "geometry": {
        "type": "Point",
        "coordinates": [
          54.378211,
          24.475399
        ]
      },
      "properties": {
        "id": "adsdi-bus-3036",
        "objectId": 3036,
        "gtfsId": 1123,
        "code": "01123A",
        "name": "Hazzaʹ Bin Zayed St / HCT",
        "nameAr": "شارع هزاع بن زايد/  كلية أبوظبي للطالبات",
        "stopNumber": 1123,
        "zoneId": "al-nahyan",
        "sourceClass": "observed",
        "source": "adsdiBusStops"
      }
    },
    {
      "type": "Feature",
      "id": "adsdi-bus-1044",
      "geometry": {
        "type": "Point",
        "coordinates": [
          54.338026,
          24.465498
        ]
      },
      "properties": {
        "id": "adsdi-bus-1044",
        "objectId": 1044,
        "gtfsId": 709,
        "code": "00709B",
        "name": "Zayed The First St / Al Khalidiya Ladies' Park",
        "nameAr": "شارع زايد الأول / حديقة الخالدية للسيدات",
        "stopNumber": 709,
        "zoneId": "al-bateen",
        "sourceClass": "observed",
        "source": "adsdiBusStops"
      }
    },
    {
      "type": "Feature",
      "id": "adsdi-bus-1115",
      "geometry": {
        "type": "Point",
        "coordinates": [
          54.362248,
          24.491384
        ]
      },
      "properties": {
        "id": "adsdi-bus-1115",
        "objectId": 1115,
        "gtfsId": 401,
        "code": "00401A",
        "name": "Sultan Bin Zayed St / Khalifa Bin Zayed St",
        "nameAr": "شارع سلطان بن زايد/ شارع خليفة بن زايد",
        "stopNumber": 401,
        "zoneId": "al-danah",
        "sourceClass": "observed",
        "source": "adsdiBusStops"
      }
    },
    {
      "type": "Feature",
      "id": "adsdi-bus-428",
      "geometry": {
        "type": "Point",
        "coordinates": [
          54.608202,
          24.351319
        ]
      },
      "properties": {
        "id": "adsdi-bus-428",
        "objectId": 428,
        "gtfsId": 15022,
        "code": "15022A",
        "name": "St 33 / St 26",
        "nameAr": "شارع 33 / شارع 26",
        "stopNumber": 15022,
        "zoneId": "mbz-zayed-city",
        "sourceClass": "observed",
        "source": "adsdiBusStops"
      }
    },
    {
      "type": "Feature",
      "id": "adsdi-bus-3723",
      "geometry": {
        "type": "Point",
        "coordinates": [
          54.395095,
          24.435757
        ]
      },
      "properties": {
        "id": "adsdi-bus-3723",
        "objectId": 3723,
        "gtfsId": 2434,
        "code": "02434A",
        "name": "Al Karamah St / Al Tawaan School",
        "nameAr": "شارع العَبِير/ مدرسة  التعاون",
        "stopNumber": 2434,
        "zoneId": "al-mushrif",
        "sourceClass": "observed",
        "source": "adsdiBusStops"
      }
    },
    {
      "type": "Feature",
      "id": "adsdi-bus-3059",
      "geometry": {
        "type": "Point",
        "coordinates": [
          54.39481,
          24.443627
        ]
      },
      "properties": {
        "id": "adsdi-bus-3059",
        "objectId": 3059,
        "gtfsId": 2430,
        "code": "02430A",
        "name": "Ibn Rushd St / Abdul Rahman Bin Aowf Mosque",
        "nameAr": "شارع إبن رُشد / مسجد عبد الرحمن بن عوف",
        "stopNumber": 2430,
        "zoneId": "al-mushrif",
        "sourceClass": "observed",
        "source": "adsdiBusStops"
      }
    },
    {
      "type": "Feature",
      "id": "adsdi-bus-4055",
      "geometry": {
        "type": "Point",
        "coordinates": [
          54.347838,
          24.473254
        ]
      },
      "properties": {
        "id": "adsdi-bus-4055",
        "objectId": 4055,
        "gtfsId": 717,
        "code": "00717A",
        "name": "Zayed The First St / Mubarak Bin Mohammed St",
        "nameAr": "شارع زايد الأول / شارع مبارك بن محمد",
        "stopNumber": 717,
        "zoneId": "al-khalidiyah",
        "sourceClass": "observed",
        "source": "adsdiBusStops"
      }
    },
    {
      "type": "Feature",
      "id": "adsdi-bus-2157",
      "geometry": {
        "type": "Point",
        "coordinates": [
          54.534277,
          24.343337
        ]
      },
      "properties": {
        "id": "adsdi-bus-2157",
        "objectId": 2157,
        "gtfsId": 10542,
        "code": "10542B",
        "name": "Musari St / Sareehah St",
        "nameAr": "شارع مُساري / شارع سريحه",
        "stopNumber": 10542,
        "zoneId": "mbz-zayed-city",
        "sourceClass": "observed",
        "source": "adsdiBusStops"
      }
    },
    {
      "type": "Feature",
      "id": "adsdi-bus-2821",
      "geometry": {
        "type": "Point",
        "coordinates": [
          54.520608,
          24.363694
        ]
      },
      "properties": {
        "id": "adsdi-bus-2821",
        "objectId": 2821,
        "gtfsId": 11911,
        "code": "11911B",
        "name": "Mar Thoma Church",
        "nameAr": "كنيسة مارثوما",
        "stopNumber": 11911,
        "zoneId": "musaffah",
        "sourceClass": "observed",
        "source": "adsdiBusStops"
      }
    },
    {
      "type": "Feature",
      "id": "adsdi-bus-3746",
      "geometry": {
        "type": "Point",
        "coordinates": [
          54.439931,
          24.417549
        ]
      },
      "properties": {
        "id": "adsdi-bus-3746",
        "objectId": 3746,
        "gtfsId": 2464,
        "code": "02464B",
        "name": "Al Zumurrud St / ADNEC",
        "nameAr": "شارع الزُمرُّد / مركز ابوظبي الوطني للمعارض",
        "stopNumber": 2464,
        "zoneId": "al-rawdah",
        "sourceClass": "observed",
        "source": "adsdiBusStops"
      }
    },
    {
      "type": "Feature",
      "id": "adsdi-bus-3153",
      "geometry": {
        "type": "Point",
        "coordinates": [
          54.338805,
          24.468103
        ]
      },
      "properties": {
        "id": "adsdi-bus-3153",
        "objectId": 3153,
        "gtfsId": 3004,
        "code": "03004A",
        "name": "Al Bateen St / Children's Garden",
        "nameAr": "شارع البطين/ حديقة الأطفال",
        "stopNumber": 3004,
        "zoneId": "al-bateen",
        "sourceClass": "observed",
        "source": "adsdiBusStops"
      }
    },
    {
      "type": "Feature",
      "id": "adsdi-bus-2564",
      "geometry": {
        "type": "Point",
        "coordinates": [
          54.53468,
          24.33711
        ]
      },
      "properties": {
        "id": "adsdi-bus-2564",
        "objectId": 2564,
        "gtfsId": 10069,
        "code": "10069B",
        "name": "Al Daraj St / Al Rayat St",
        "nameAr": "شارع الدراج / شارع الرَّايَات",
        "stopNumber": 10069,
        "zoneId": "mbz-zayed-city",
        "sourceClass": "observed",
        "source": "adsdiBusStops"
      }
    },
    {
      "type": "Feature",
      "id": "adsdi-bus-282",
      "geometry": {
        "type": "Point",
        "coordinates": [
          54.545255,
          24.36228
        ]
      },
      "properties": {
        "id": "adsdi-bus-282",
        "objectId": 282,
        "gtfsId": 12250,
        "code": "12250B",
        "name": "Al Basi St / Al Shireen St",
        "nameAr": "شارع البَاسِي / شارع الشرين",
        "stopNumber": 12250,
        "zoneId": "mbz-zayed-city",
        "sourceClass": "observed",
        "source": "adsdiBusStops"
      }
    },
    {
      "type": "Feature",
      "id": "adsdi-bus-3205",
      "geometry": {
        "type": "Point",
        "coordinates": [
          54.33004,
          24.466411
        ]
      },
      "properties": {
        "id": "adsdi-bus-3205",
        "objectId": 3205,
        "gtfsId": 115,
        "code": "00115A",
        "name": "Corniche St / Federal National Council",
        "nameAr": "شارع الكورنيش / المجلس الوطني الاتحادي",
        "stopNumber": 115,
        "zoneId": "al-bateen",
        "sourceClass": "observed",
        "source": "adsdiBusStops"
      }
    },
    {
      "type": "Feature",
      "id": "adsdi-bus-3508",
      "geometry": {
        "type": "Point",
        "coordinates": [
          54.564976,
          24.332671
        ]
      },
      "properties": {
        "id": "adsdi-bus-3508",
        "objectId": 3508,
        "gtfsId": 12125,
        "code": "12125A",
        "name": "Al Qa-id St / Al Baha St",
        "nameAr": "شارع القائد/ شارع البهاء",
        "stopNumber": 12125,
        "zoneId": "mbz-zayed-city",
        "sourceClass": "observed",
        "source": "adsdiBusStops"
      }
    },
    {
      "type": "Feature",
      "id": "adsdi-bus-2303",
      "geometry": {
        "type": "Point",
        "coordinates": [
          54.485686,
          24.371907
        ]
      },
      "properties": {
        "id": "adsdi-bus-2303",
        "objectId": 2303,
        "gtfsId": 11064,
        "code": "11064B",
        "name": "St 8 / St 9",
        "nameAr": "شارع 8 / شارع 9",
        "stopNumber": 11064,
        "zoneId": "musaffah",
        "sourceClass": "observed",
        "source": "adsdiBusStops"
      }
    },
    {
      "type": "Feature",
      "id": "adsdi-bus-3182",
      "geometry": {
        "type": "Point",
        "coordinates": [
          54.51804,
          24.360069
        ]
      },
      "properties": {
        "id": "adsdi-bus-3182",
        "objectId": 3182,
        "gtfsId": 11134,
        "code": "11134A",
        "name": "St 12 / Workers Village",
        "nameAr": "شارع 12 / القرية العمالية",
        "stopNumber": 11134,
        "zoneId": "musaffah",
        "sourceClass": "observed",
        "source": "adsdiBusStops"
      }
    },
    {
      "type": "Feature",
      "id": "adsdi-bus-975",
      "geometry": {
        "type": "Point",
        "coordinates": [
          54.360294,
          24.49147
        ]
      },
      "properties": {
        "id": "adsdi-bus-975",
        "objectId": 975,
        "gtfsId": 305,
        "code": "00305B",
        "name": "Khalifa Bin Zayed St / Al Noor Hospital",
        "nameAr": "شارع خليفة بن زايد/ مستشفى النور",
        "stopNumber": 305,
        "zoneId": "al-danah",
        "sourceClass": "observed",
        "source": "adsdiBusStops"
      }
    },
    {
      "type": "Feature",
      "id": "adsdi-bus-2249",
      "geometry": {
        "type": "Point",
        "coordinates": [
          54.471615,
          24.378734
        ]
      },
      "properties": {
        "id": "adsdi-bus-2249",
        "objectId": 2249,
        "gtfsId": 11540,
        "code": "11540A",
        "name": "St 7 / Mussafah Port",
        "nameAr": "شارع 7 / ميناء مصفح",
        "stopNumber": 11540,
        "zoneId": "musaffah",
        "sourceClass": "observed",
        "source": "adsdiBusStops"
      }
    },
    {
      "type": "Feature",
      "id": "adsdi-bus-2913",
      "geometry": {
        "type": "Point",
        "coordinates": [
          54.472435,
          24.35663
        ]
      },
      "properties": {
        "id": "adsdi-bus-2913",
        "objectId": 2913,
        "gtfsId": 11550,
        "code": "11550A",
        "name": "St 7 / ADNOC Vehicle Inspection Centre",
        "nameAr": "شارع 7 / مركز ادنوك لفحص المركبات",
        "stopNumber": 11550,
        "zoneId": "musaffah",
        "sourceClass": "observed",
        "source": "adsdiBusStops"
      }
    },
    {
      "type": "Feature",
      "id": "adsdi-bus-3823",
      "geometry": {
        "type": "Point",
        "coordinates": [
          54.356867,
          24.454852
        ]
      },
      "properties": {
        "id": "adsdi-bus-3823",
        "objectId": 3823,
        "gtfsId": 3019,
        "code": "03019B",
        "name": "Al Khaleej Al Arabi St / Hazzaʹ Bin Zayed St",
        "nameAr": "شارع الخَلِيج العَرَبي / شارع هزاع بن زايد",
        "stopNumber": 3019,
        "zoneId": "al-bateen",
        "sourceClass": "observed",
        "source": "adsdiBusStops"
      }
    },
    {
      "type": "Feature",
      "id": "adsdi-bus-3577",
      "geometry": {
        "type": "Point",
        "coordinates": [
          54.350752,
          24.463848
        ]
      },
      "properties": {
        "id": "adsdi-bus-3577",
        "objectId": 3577,
        "gtfsId": 907,
        "code": "00907A",
        "name": "Al Falah St / Al Khaleej Al Arabi St",
        "nameAr": "شارع الفلاح / شارع الخَلِيج العَرَبي",
        "stopNumber": 907,
        "zoneId": "al-khalidiyah",
        "sourceClass": "observed",
        "source": "adsdiBusStops"
      }
    },
    {
      "type": "Feature",
      "id": "adsdi-bus-1685",
      "geometry": {
        "type": "Point",
        "coordinates": [
          54.517401,
          24.339763
        ]
      },
      "properties": {
        "id": "adsdi-bus-1685",
        "objectId": 1685,
        "gtfsId": 11884,
        "code": "11884B",
        "name": "St 17 / St 18",
        "nameAr": "شارع 17/ شركة الإمارات لتعليم قيادة السيارات",
        "stopNumber": 11884,
        "zoneId": "musaffah",
        "sourceClass": "observed",
        "source": "adsdiBusStops"
      }
    },
    {
      "type": "Feature",
      "id": "adsdi-bus-3800",
      "geometry": {
        "type": "Point",
        "coordinates": [
          54.491856,
          24.365966
        ]
      },
      "properties": {
        "id": "adsdi-bus-3800",
        "objectId": 3800,
        "gtfsId": 11648,
        "code": "11648A",
        "name": "St 11 /St 10",
        "nameAr": "ش. 11/ ش. 10",
        "stopNumber": 11648,
        "zoneId": "musaffah",
        "sourceClass": "observed",
        "source": "adsdiBusStops"
      }
    },
    {
      "type": "Feature",
      "id": "adsdi-bus-480",
      "geometry": {
        "type": "Point",
        "coordinates": [
          54.457463,
          24.418681
        ]
      },
      "properties": {
        "id": "adsdi-bus-480",
        "objectId": 480,
        "gtfsId": 2479,
        "code": "02479B",
        "name": "Saif Ghobash St / Zayed Sports Stadium",
        "nameAr": "شارع سيف غُباش / استاد مدينة زايد الرياضية",
        "stopNumber": 2479,
        "zoneId": "al-rawdah",
        "sourceClass": "observed",
        "source": "adsdiBusStops"
      }
    },
    {
      "type": "Feature",
      "id": "adsdi-bus-357",
      "geometry": {
        "type": "Point",
        "coordinates": [
          54.430399,
          24.422882
        ]
      },
      "properties": {
        "id": "adsdi-bus-357",
        "objectId": 357,
        "gtfsId": 2450,
        "code": "02450A",
        "name": "Al Maʹarid St / Zayed Military Hospital",
        "nameAr": "شارع المعَارِض/ مستشفى زايد العسكري",
        "stopNumber": 2450,
        "zoneId": "al-rawdah",
        "sourceClass": "observed",
        "source": "adsdiBusStops"
      }
    },
    {
      "type": "Feature",
      "id": "adsdi-bus-3554",
      "geometry": {
        "type": "Point",
        "coordinates": [
          54.336197,
          24.457326
        ]
      },
      "properties": {
        "id": "adsdi-bus-3554",
        "objectId": 3554,
        "gtfsId": 3413,
        "code": "03413B",
        "name": "King Abdullah bin Abdulaziz Al Saud St/ ADFD",
        "nameAr": "شارع الملك عبدالله بن عبدالعزيز آل سعود / صندوق ابوظبي للتنمية",
        "stopNumber": 3413,
        "zoneId": "al-bateen",
        "sourceClass": "observed",
        "source": "adsdiBusStops"
      }
    },
    {
      "type": "Feature",
      "id": "adsdi-bus-3030",
      "geometry": {
        "type": "Point",
        "coordinates": [
          54.550861,
          24.352794
        ]
      },
      "properties": {
        "id": "adsdi-bus-3030",
        "objectId": 3030,
        "gtfsId": 12260,
        "code": "12260A",
        "name": "Al Basi St / Al Manazif St",
        "nameAr": "شارع البَاسِي/ شارع المَنَازِف",
        "stopNumber": 12260,
        "zoneId": "mbz-zayed-city",
        "sourceClass": "observed",
        "source": "adsdiBusStops"
      }
    },
    {
      "type": "Feature",
      "id": "adsdi-bus-374",
      "geometry": {
        "type": "Point",
        "coordinates": [
          54.394936,
          24.429238
        ]
      },
      "properties": {
        "id": "adsdi-bus-374",
        "objectId": 374,
        "gtfsId": 3031,
        "code": "03031A",
        "name": "Al Khaleej Al Arabi St / ADNOC",
        "nameAr": "شارع الخَلِيج العَرَبي / ادنوك",
        "stopNumber": 3031,
        "zoneId": "al-mushrif",
        "sourceClass": "observed",
        "source": "adsdiBusStops"
      }
    },
    {
      "type": "Feature",
      "id": "adsdi-bus-2781",
      "geometry": {
        "type": "Point",
        "coordinates": [
          54.350127,
          24.473187
        ]
      },
      "properties": {
        "id": "adsdi-bus-2781",
        "objectId": 2781,
        "gtfsId": 2607,
        "code": "02607B",
        "name": "Mubarak Bin Mohammed St / Al Fal St",
        "nameAr": "شارع مبارك بن محمد/ شارع الفَال",
        "stopNumber": 2607,
        "zoneId": "al-khalidiyah",
        "sourceClass": "observed",
        "source": "adsdiBusStops"
      }
    },
    {
      "type": "Feature",
      "id": "adsdi-bus-457",
      "geometry": {
        "type": "Point",
        "coordinates": [
          54.329901,
          24.466555
        ]
      },
      "properties": {
        "id": "adsdi-bus-457",
        "objectId": 457,
        "gtfsId": 115,
        "code": "00115B",
        "name": "Corniche St / Federal National Council",
        "nameAr": "شارع الكورنيش / المجلس الوطني الاتحادي",
        "stopNumber": 115,
        "zoneId": "al-bateen",
        "sourceClass": "observed",
        "source": "adsdiBusStops"
      }
    },
    {
      "type": "Feature",
      "id": "adsdi-bus-2627",
      "geometry": {
        "type": "Point",
        "coordinates": [
          54.356478,
          24.488719
        ]
      },
      "properties": {
        "id": "adsdi-bus-2627",
        "objectId": 2627,
        "gtfsId": 303,
        "code": "00303B",
        "name": "Khalifa Bin Zayed St / Central Souq",
        "nameAr": "شارع خليفة بن زايد/ السوق المركزي",
        "stopNumber": 303,
        "zoneId": "al-danah",
        "sourceClass": "observed",
        "source": "adsdiBusStops"
      }
    },
    {
      "type": "Feature",
      "id": "adsdi-bus-2389",
      "geometry": {
        "type": "Point",
        "coordinates": [
          54.557098,
          24.341722
        ]
      },
      "properties": {
        "id": "adsdi-bus-2389",
        "objectId": 2389,
        "gtfsId": 12114,
        "code": "12114A",
        "name": "Al Qa-id St / Malaqit St",
        "nameAr": "موقف 12114",
        "stopNumber": 12114,
        "zoneId": "mbz-zayed-city",
        "sourceClass": "observed",
        "source": "adsdiBusStops"
      }
    },
    {
      "type": "Feature",
      "id": "adsdi-bus-766",
      "geometry": {
        "type": "Point",
        "coordinates": [
          54.462837,
          24.347927
        ]
      },
      "properties": {
        "id": "adsdi-bus-766",
        "objectId": 766,
        "gtfsId": 11522,
        "code": "11522A",
        "name": "Red Crescent Warehouses",
        "nameAr": "مستودع الهلال الاحمر",
        "stopNumber": 11522,
        "zoneId": "musaffah",
        "sourceClass": "observed",
        "source": "adsdiBusStops"
      }
    },
    {
      "type": "Feature",
      "id": "adsdi-bus-2936",
      "geometry": {
        "type": "Point",
        "coordinates": [
          54.515183,
          24.355242
        ]
      },
      "properties": {
        "id": "adsdi-bus-2936",
        "objectId": 2936,
        "gtfsId": 11150,
        "code": "11150B",
        "name": "St 14 / St 15",
        "nameAr": "شارع 14 / شارع 15",
        "stopNumber": 11150,
        "zoneId": "musaffah",
        "sourceClass": "observed",
        "source": "adsdiBusStops"
      }
    },
    {
      "type": "Feature",
      "id": "adsdi-bus-1098",
      "geometry": {
        "type": "Point",
        "coordinates": [
          54.502291,
          24.412967
        ]
      },
      "properties": {
        "id": "adsdi-bus-1098",
        "objectId": 1098,
        "gtfsId": 3084,
        "code": "03084A",
        "name": "Al Maqtaʹ St / Al Bahri St",
        "nameAr": "شارع المَقطَع / شارع البَحري",
        "stopNumber": 3084,
        "zoneId": "rabdan-al-maqta",
        "sourceClass": "observed",
        "source": "adsdiBusStops"
      }
    },
    {
      "type": "Feature",
      "id": "adsdi-bus-1061",
      "geometry": {
        "type": "Point",
        "coordinates": [
          54.350653,
          24.46132
        ]
      },
      "properties": {
        "id": "adsdi-bus-1061",
        "objectId": 1061,
        "gtfsId": 3011,
        "code": "03011B",
        "name": "Al Khaleej Al Arabi St / Al Mataf St",
        "nameAr": "شارع الخَلِيج العَرَبيي / شارع المَطَاف",
        "stopNumber": 3011,
        "zoneId": "al-bateen",
        "sourceClass": "observed",
        "source": "adsdiBusStops"
      }
    },
    {
      "type": "Feature",
      "id": "adsdi-bus-2000",
      "geometry": {
        "type": "Point",
        "coordinates": [
          54.561346,
          24.323544
        ]
      },
      "properties": {
        "id": "adsdi-bus-2000",
        "objectId": 2000,
        "gtfsId": 12324,
        "code": "12324B",
        "name": "Al Nasr St / Naseem Al Barr St",
        "nameAr": "ش. النصر/ ش. نسيم البر",
        "stopNumber": 12324,
        "zoneId": "mbz-zayed-city",
        "sourceClass": "observed",
        "source": "adsdiBusStops"
      }
    },
    {
      "type": "Feature",
      "id": "adsdi-bus-328",
      "geometry": {
        "type": "Point",
        "coordinates": [
          54.52361,
          24.368991
        ]
      },
      "properties": {
        "id": "adsdi-bus-328",
        "objectId": 328,
        "gtfsId": 11094,
        "code": "11094B",
        "name": "St 10 / Ali Khalfan Rashid Al Mutawa Al Daheri Mosque",
        "nameAr": "شارع 10 / مسجد علي خلفان راشد المطوع الظاهري",
        "stopNumber": 11094,
        "zoneId": "musaffah",
        "sourceClass": "observed",
        "source": "adsdiBusStops"
      }
    },
    {
      "type": "Feature",
      "id": "adsdi-bus-79",
      "geometry": {
        "type": "Point",
        "coordinates": [
          54.615114,
          24.484844
        ]
      },
      "properties": {
        "id": "adsdi-bus-79",
        "objectId": 79,
        "gtfsId": 19506,
        "code": "19506B",
        "name": "Al Maha St / Yas Mall East",
        "nameAr": "شارع المَهَا / ياس مول شرق",
        "stopNumber": 19506,
        "zoneId": "yas-island",
        "sourceClass": "observed",
        "source": "adsdiBusStops"
      }
    },
    {
      "type": "Feature",
      "id": "adsdi-bus-2343",
      "geometry": {
        "type": "Point",
        "coordinates": [
          54.536667,
          24.362867
        ]
      },
      "properties": {
        "id": "adsdi-bus-2343",
        "objectId": 2343,
        "gtfsId": 10102,
        "code": "10102B",
        "name": "Al Anwar St / Al Raja St",
        "nameAr": "شارع الأنوار / شارع الرجاء",
        "stopNumber": 10102,
        "zoneId": "mbz-zayed-city",
        "sourceClass": "observed",
        "source": "adsdiBusStops"
      }
    },
    {
      "type": "Feature",
      "id": "adsdi-bus-3314",
      "geometry": {
        "type": "Point",
        "coordinates": [
          54.453097,
          24.56016
        ]
      },
      "properties": {
        "id": "adsdi-bus-3314",
        "objectId": 3314,
        "gtfsId": 1171,
        "code": "01171B",
        "name": "Al Tilal St / Saadiyat Beach Jumeirah Hotel",
        "nameAr": "شارع التِّلاَل / شاطئ السعديات فندق جميرا",
        "stopNumber": 1171,
        "zoneId": "al-saadiyat",
        "sourceClass": "observed",
        "source": "adsdiBusStops"
      }
    },
    {
      "type": "Feature",
      "id": "adsdi-bus-2286",
      "geometry": {
        "type": "Point",
        "coordinates": [
          54.471533,
          24.369011
        ]
      },
      "properties": {
        "id": "adsdi-bus-2286",
        "objectId": 2286,
        "gtfsId": 11544,
        "code": "11544B",
        "name": "St 7 / Al Jaber Camp",
        "nameAr": "شارع 7 / مجموعة الجابر",
        "stopNumber": 11544,
        "zoneId": "musaffah",
        "sourceClass": "observed",
        "source": "adsdiBusStops"
      }
    },
    {
      "type": "Feature",
      "id": "adsdi-bus-2535",
      "geometry": {
        "type": "Point",
        "coordinates": [
          54.537258,
          24.358275
        ]
      },
      "properties": {
        "id": "adsdi-bus-2535",
        "objectId": 2535,
        "gtfsId": 10106,
        "code": "10106A",
        "name": "Al Anwar St / Bohra Islamic Cultural Complex",
        "nameAr": "شارع الأنوار / مجمع البهرة الثقافي الاسلامي",
        "stopNumber": 10106,
        "zoneId": "mbz-zayed-city",
        "sourceClass": "observed",
        "source": "adsdiBusStops"
      }
    },
    {
      "type": "Feature",
      "id": "adsdi-bus-3122",
      "geometry": {
        "type": "Point",
        "coordinates": [
          54.454599,
          24.420687
        ]
      },
      "properties": {
        "id": "adsdi-bus-3122",
        "objectId": 3122,
        "gtfsId": 2477,
        "code": "02477B",
        "name": "Saif Ghobash St / Ministry of Foreign Affairs",
        "nameAr": "شارع سيف غُباش / وزارة الخارجية",
        "stopNumber": 2477,
        "zoneId": "al-rawdah",
        "sourceClass": "observed",
        "source": "adsdiBusStops"
      }
    },
    {
      "type": "Feature",
      "id": "adsdi-bus-3614",
      "geometry": {
        "type": "Point",
        "coordinates": [
          54.501828,
          24.396362
        ]
      },
      "properties": {
        "id": "adsdi-bus-3614",
        "objectId": 3614,
        "gtfsId": 3530,
        "code": "03530A",
        "name": "Al Itihad St / Danat Al Emarat Hospital",
        "nameAr": "شارع الإتحَاد / مستشفى دانة الامارات",
        "stopNumber": 3530,
        "zoneId": "rabdan-al-maqta",
        "sourceClass": "observed",
        "source": "adsdiBusStops"
      }
    },
    {
      "type": "Feature",
      "id": "adsdi-bus-365",
      "geometry": {
        "type": "Point",
        "coordinates": [
          54.36011,
          24.491045
        ]
      },
      "properties": {
        "id": "adsdi-bus-365",
        "objectId": 365,
        "gtfsId": 305,
        "code": "00305A",
        "name": "Khalifa Bin Zayed St / Al Noor Hospital",
        "nameAr": "شارع خليفة بن زايد/ مستشفى النور",
        "stopNumber": 305,
        "zoneId": "al-danah",
        "sourceClass": "observed",
        "source": "adsdiBusStops"
      }
    },
    {
      "type": "Feature",
      "id": "adsdi-bus-514",
      "geometry": {
        "type": "Point",
        "coordinates": [
          54.501859,
          24.361372
        ]
      },
      "properties": {
        "id": "adsdi-bus-514",
        "objectId": 514,
        "gtfsId": 11688,
        "code": "11688A",
        "name": "St 13 / St 12",
        "nameAr": "ش. 13/ ش. 12",
        "stopNumber": 11688,
        "zoneId": "musaffah",
        "sourceClass": "observed",
        "source": "adsdiBusStops"
      }
    },
    {
      "type": "Feature",
      "id": "adsdi-bus-317",
      "geometry": {
        "type": "Point",
        "coordinates": [
          54.49304,
          24.397018
        ]
      },
      "properties": {
        "id": "adsdi-bus-317",
        "objectId": 317,
        "gtfsId": 3524,
        "code": "03524B",
        "name": "Al Habbar St / Dakhnan St",
        "nameAr": "شارع 21 / شارع 14",
        "stopNumber": 3524,
        "zoneId": "rabdan-al-maqta",
        "sourceClass": "observed",
        "source": "adsdiBusStops"
      }
    },
    {
      "type": "Feature",
      "id": "adsdi-bus-3520",
      "geometry": {
        "type": "Point",
        "coordinates": [
          54.396177,
          24.452085
        ]
      },
      "properties": {
        "id": "adsdi-bus-3520",
        "objectId": 3520,
        "gtfsId": 439,
        "code": "00439A",
        "name": "Sultan Bin Zayed St / Abu Dhabi Men's College",
        "nameAr": "شارع سلطان بن زايد/ كلية أبو ظبي للطلاب",
        "stopNumber": 439,
        "zoneId": "al-nahyan",
        "sourceClass": "observed",
        "source": "adsdiBusStops"
      }
    },
    {
      "type": "Feature",
      "id": "adsdi-bus-1307",
      "geometry": {
        "type": "Point",
        "coordinates": [
          54.333646,
          24.466869
        ]
      },
      "properties": {
        "id": "adsdi-bus-1307",
        "objectId": 1307,
        "gtfsId": 3432,
        "code": "03432B",
        "name": "Al Yazwah St / Corniche St",
        "nameAr": "شارع اليَزْوَة / شارع الكورنيش",
        "stopNumber": 3432,
        "zoneId": "al-bateen",
        "sourceClass": "observed",
        "source": "adsdiBusStops"
      }
    },
    {
      "type": "Feature",
      "id": "adsdi-bus-666",
      "geometry": {
        "type": "Point",
        "coordinates": [
          54.539674,
          24.365898
        ]
      },
      "properties": {
        "id": "adsdi-bus-666",
        "objectId": 666,
        "gtfsId": 12216,
        "code": "12216B",
        "name": "Al Mahrouz St / Al Samʹa St",
        "nameAr": "شارع المحروز / شارع الصمعا",
        "stopNumber": 12216,
        "zoneId": "mbz-zayed-city",
        "sourceClass": "observed",
        "source": "adsdiBusStops"
      }
    },
    {
      "type": "Feature",
      "id": "adsdi-bus-3322",
      "geometry": {
        "type": "Point",
        "coordinates": [
          54.398628,
          24.434055
        ]
      },
      "properties": {
        "id": "adsdi-bus-3322",
        "objectId": 3322,
        "gtfsId": 2127,
        "code": "02127A",
        "name": "Makkah St / Al Karamah St",
        "nameAr": "شارع مَكَّة / شارع الكرامة",
        "stopNumber": 2127,
        "zoneId": "al-mushrif",
        "sourceClass": "observed",
        "source": "adsdiBusStops"
      }
    },
    {
      "type": "Feature",
      "id": "adsdi-bus-3909",
      "geometry": {
        "type": "Point",
        "coordinates": [
          54.346297,
          24.472296
        ]
      },
      "properties": {
        "id": "adsdi-bus-3909",
        "objectId": 3909,
        "gtfsId": 715,
        "code": "00715B",
        "name": "Zayed The First St / Dana Plaza",
        "nameAr": "شارع زايد الأول / دانة بلازا",
        "stopNumber": 715,
        "zoneId": "al-khalidiyah",
        "sourceClass": "observed",
        "source": "adsdiBusStops"
      }
    },
    {
      "type": "Feature",
      "id": "adsdi-bus-2240",
      "geometry": {
        "type": "Point",
        "coordinates": [
          54.599946,
          24.448381
        ]
      },
      "properties": {
        "id": "adsdi-bus-2240",
        "objectId": 2240,
        "gtfsId": 16020,
        "code": "16020A",
        "name": "Al Rahah St / Al Bandar St",
        "nameAr": "شارع الرَّاحَة / شارع البندر",
        "stopNumber": 16020,
        "zoneId": "al-raha",
        "sourceClass": "observed",
        "source": "adsdiBusStops"
      }
    },
    {
      "type": "Feature",
      "id": "adsdi-bus-2581",
      "geometry": {
        "type": "Point",
        "coordinates": [
          54.601816,
          24.48831
        ]
      },
      "properties": {
        "id": "adsdi-bus-2581",
        "objectId": 2581,
        "gtfsId": 19518,
        "code": "19518B",
        "name": "Al Maha St / Water World",
        "nameAr": "شارع المَهَا / ياس وترورلد",
        "stopNumber": 19518,
        "zoneId": "yas-island",
        "sourceClass": "observed",
        "source": "adsdiBusStops"
      }
    },
    {
      "type": "Feature",
      "id": "adsdi-bus-4009",
      "geometry": {
        "type": "Point",
        "coordinates": [
          54.365798,
          24.491451
        ]
      },
      "properties": {
        "id": "adsdi-bus-4009",
        "objectId": 4009,
        "gtfsId": 517,
        "code": "00517A",
        "name": "Hamdan St / Ministry of Economy",
        "nameAr": "شارع حمدان/ وزارة الاقتصاد",
        "stopNumber": 517,
        "zoneId": "al-danah",
        "sourceClass": "observed",
        "source": "adsdiBusStops"
      }
    },
    {
      "type": "Feature",
      "id": "adsdi-bus-1894",
      "geometry": {
        "type": "Point",
        "coordinates": [
          54.397298,
          24.495279
        ]
      },
      "properties": {
        "id": "adsdi-bus-1894",
        "objectId": 1894,
        "gtfsId": 1136,
        "code": "01136A",
        "name": "Hazzaʹ Bin Zayed St / Al Reem St",
        "nameAr": "شارع هزاع بن زايد/ شارع الرِّيم",
        "stopNumber": 1136,
        "zoneId": "al-reem",
        "sourceClass": "observed",
        "source": "adsdiBusStops"
      }
    },
    {
      "type": "Feature",
      "id": "adsdi-bus-2455",
      "geometry": {
        "type": "Point",
        "coordinates": [
          54.472942,
          24.347208
        ]
      },
      "properties": {
        "id": "adsdi-bus-2455",
        "objectId": 2455,
        "gtfsId": 11554,
        "code": "11554A",
        "name": "St 7 / St 16",
        "nameAr": "شارع 7 \\ شارع 16",
        "stopNumber": 11554,
        "zoneId": "musaffah",
        "sourceClass": "observed",
        "source": "adsdiBusStops"
      }
    },
    {
      "type": "Feature",
      "id": "adsdi-bus-2953",
      "geometry": {
        "type": "Point",
        "coordinates": [
          54.469931,
          24.413435
        ]
      },
      "properties": {
        "id": "adsdi-bus-2953",
        "objectId": 2953,
        "gtfsId": 2487,
        "code": "02487A",
        "name": "Saif Ghobash St / Sheikh Zayed Grand Mosque",
        "nameAr": "شارع سيف غباش / جامع الشيخ زايد الكبير",
        "stopNumber": 2487,
        "zoneId": "al-rawdah",
        "sourceClass": "observed",
        "source": "adsdiBusStops"
      }
    },
    {
      "type": "Feature",
      "id": "adsdi-bus-3451",
      "geometry": {
        "type": "Point",
        "coordinates": [
          54.368502,
          24.499115
        ]
      },
      "properties": {
        "id": "adsdi-bus-3451",
        "objectId": 3451,
        "gtfsId": 313,
        "code": "00313B",
        "name": "Khalifa Bin Zayed St / Shk. Zayed Bin Sultan St",
        "nameAr": "شارع خليفة بن زايد/ شارع الشيخ زايد بن سلطان",
        "stopNumber": 313,
        "zoneId": "al-danah",
        "sourceClass": "observed",
        "source": "adsdiBusStops"
      }
    },
    {
      "type": "Feature",
      "id": "adsdi-bus-2051",
      "geometry": {
        "type": "Point",
        "coordinates": [
          54.46248,
          24.344025
        ]
      },
      "properties": {
        "id": "adsdi-bus-2051",
        "objectId": 2051,
        "gtfsId": 11180,
        "code": "11180B",
        "name": "St 16 / National Petroleum Corporation",
        "nameAr": "شارع 16 / شركة الانشاءات البترولية",
        "stopNumber": 11180,
        "zoneId": "musaffah",
        "sourceClass": "observed",
        "source": "adsdiBusStops"
      }
    },
    {
      "type": "Feature",
      "id": "adsdi-bus-1387",
      "geometry": {
        "type": "Point",
        "coordinates": [
          54.568838,
          24.413065
        ]
      },
      "properties": {
        "id": "adsdi-bus-1387",
        "objectId": 1387,
        "gtfsId": 16624,
        "code": "16624B",
        "name": "Theyab Bin Eissa St / Al Asayel Khalifa School",
        "nameAr": "شارع ذياب بن عيسى / مدرسة الاصايل خليفة",
        "stopNumber": 16624,
        "zoneId": "khalifa-city",
        "sourceClass": "observed",
        "source": "adsdiBusStops"
      }
    },
    {
      "type": "Feature",
      "id": "adsdi-bus-3096",
      "geometry": {
        "type": "Point",
        "coordinates": [
          54.337923,
          24.456055
        ]
      },
      "properties": {
        "id": "adsdi-bus-3096",
        "objectId": 3096,
        "gtfsId": 773,
        "code": "00773B",
        "name": "Al Yasat St / Al Bateen Offices",
        "nameAr": "شارع اليَاسَات / مكاتب البطين",
        "stopNumber": 773,
        "zoneId": "al-bateen",
        "sourceClass": "observed",
        "source": "adsdiBusStops"
      }
    },
    {
      "type": "Feature",
      "id": "adsdi-bus-2100",
      "geometry": {
        "type": "Point",
        "coordinates": [
          54.383234,
          24.493494
        ]
      },
      "properties": {
        "id": "adsdi-bus-2100",
        "objectId": 2100,
        "gtfsId": 1010,
        "code": "01010B",
        "name": "Ghurair Al Ojaan Mosque",
        "nameAr": "مسجد غرير العوجان",
        "stopNumber": 1010,
        "zoneId": "al-zahiyah",
        "sourceClass": "observed",
        "source": "adsdiBusStops"
      }
    },
    {
      "type": "Feature",
      "id": "adsdi-bus-1579",
      "geometry": {
        "type": "Point",
        "coordinates": [
          54.542899,
          24.302035
        ]
      },
      "properties": {
        "id": "adsdi-bus-1579",
        "objectId": 1579,
        "gtfsId": 10250,
        "code": "10250B",
        "name": "Al Angham St / ADDC Substation",
        "nameAr": "شارع الأنغام / محطة كهربائية فرعية",
        "stopNumber": 10250,
        "zoneId": "mbz-zayed-city",
        "sourceClass": "observed",
        "source": "adsdiBusStops"
      }
    },
    {
      "type": "Feature",
      "id": "adsdi-bus-1742",
      "geometry": {
        "type": "Point",
        "coordinates": [
          54.513658,
          24.373172
        ]
      },
      "properties": {
        "id": "adsdi-bus-1742",
        "objectId": 1742,
        "gtfsId": 11070,
        "code": "11070B",
        "name": "St 8 / Emirates Islamic Bank",
        "nameAr": "شارع 8 / مصرف الامارات الاسلامي",
        "stopNumber": 11070,
        "zoneId": "musaffah",
        "sourceClass": "observed",
        "source": "adsdiBusStops"
      }
    },
    {
      "type": "Feature",
      "id": "adsdi-bus-3239",
      "geometry": {
        "type": "Point",
        "coordinates": [
          54.430282,
          24.422692
        ]
      },
      "properties": {
        "id": "adsdi-bus-3239",
        "objectId": 3239,
        "gtfsId": 2450,
        "code": "02450B",
        "name": "Al Maʹarid St / Zayed Military Hospital",
        "nameAr": "شارع المعَارِض/ مستشفى زايد العسكري",
        "stopNumber": 2450,
        "zoneId": "al-rawdah",
        "sourceClass": "observed",
        "source": "adsdiBusStops"
      }
    },
    {
      "type": "Feature",
      "id": "adsdi-bus-3165",
      "geometry": {
        "type": "Point",
        "coordinates": [
          54.436418,
          24.433381
        ]
      },
      "properties": {
        "id": "adsdi-bus-3165",
        "objectId": 3165,
        "gtfsId": 471,
        "code": "00471A",
        "name": "Sultan Bin Zayed St / Dhafeer St",
        "nameAr": "شارع سلطان بن زايد/ شارع ظفير",
        "stopNumber": 471,
        "zoneId": "muroor-al-saadah",
        "sourceClass": "observed",
        "source": "adsdiBusStops"
      }
    },
    {
      "type": "Feature",
      "id": "adsdi-bus-1410",
      "geometry": {
        "type": "Point",
        "coordinates": [
          54.368929,
          24.493629
        ]
      },
      "properties": {
        "id": "adsdi-bus-1410",
        "objectId": 1410,
        "gtfsId": 523,
        "code": "00523A",
        "name": "Hamdan St / Al Mariah Mall",
        "nameAr": "شارع حمدان/ المارية مول",
        "stopNumber": 523,
        "zoneId": "al-danah",
        "sourceClass": "observed",
        "source": "adsdiBusStops"
      }
    },
    {
      "type": "Feature",
      "id": "adsdi-bus-2575",
      "geometry": {
        "type": "Point",
        "coordinates": [
          54.391259,
          24.503474
        ]
      },
      "properties": {
        "id": "adsdi-bus-2575",
        "objectId": 2575,
        "gtfsId": 532,
        "code": "00532B",
        "name": "Hamdan St / Hamouda Bin Ali Al Dhaheri St",
        "nameAr": "ش حمدان / ش حمودة بن علي الظاهري",
        "stopNumber": 532,
        "zoneId": "al-maryah",
        "sourceClass": "observed",
        "source": "adsdiBusStops"
      }
    },
    {
      "type": "Feature",
      "id": "adsdi-bus-1224",
      "geometry": {
        "type": "Point",
        "coordinates": [
          54.56857,
          24.414905
        ]
      },
      "properties": {
        "id": "adsdi-bus-1224",
        "objectId": 1224,
        "gtfsId": 16624,
        "code": "16624A",
        "name": "Theyab Bin Eissa St / Al Asayel Khalifa School",
        "nameAr": "شارع ذياب بن عيسى / مدرسة الاصايل خليفة",
        "stopNumber": 16624,
        "zoneId": "khalifa-city",
        "sourceClass": "observed",
        "source": "adsdiBusStops"
      }
    },
    {
      "type": "Feature",
      "id": "adsdi-bus-1765",
      "geometry": {
        "type": "Point",
        "coordinates": [
          54.388825,
          24.44359
        ]
      },
      "properties": {
        "id": "adsdi-bus-1765",
        "objectId": 1765,
        "gtfsId": 1946,
        "code": "01946B",
        "name": "Shakhbout Bin Sultan St / Abu Dhabi Country Club",
        "nameAr": "شارع شخبوط بن سلطان / نادي ابوظبي الرياضي",
        "stopNumber": 1946,
        "zoneId": "al-mushrif",
        "sourceClass": "observed",
        "source": "adsdiBusStops"
      }
    },
    {
      "type": "Feature",
      "id": "adsdi-bus-769",
      "geometry": {
        "type": "Point",
        "coordinates": [
          54.377123,
          24.482307
        ]
      },
      "properties": {
        "id": "adsdi-bus-769",
        "objectId": 769,
        "gtfsId": 616,
        "code": "00616A",
        "name": "Al Danah, Fatima Bint Mubarak St / ADWEA",
        "nameAr": "شارع فاطمة بنت مبارك / هيئة مياه وكهرباء أبوظبي",
        "stopNumber": 616,
        "zoneId": "al-danah",
        "sourceClass": "observed",
        "source": "adsdiBusStops"
      }
    },
    {
      "type": "Feature",
      "id": "adsdi-bus-179",
      "geometry": {
        "type": "Point",
        "coordinates": [
          54.387655,
          24.503885
        ]
      },
      "properties": {
        "id": "adsdi-bus-179",
        "objectId": 179,
        "gtfsId": 530,
        "code": "00530B",
        "name": "Hamdan  St / Hamouda Bin Ali Al Dhaheri St",
        "nameAr": "ش حمدان / ش سوق أبوظبي العالمي - الثاني",
        "stopNumber": 530,
        "zoneId": "al-maryah",
        "sourceClass": "observed",
        "source": "adsdiBusStops"
      }
    },
    {
      "type": "Feature",
      "id": "adsdi-bus-2618",
      "geometry": {
        "type": "Point",
        "coordinates": [
          54.368456,
          24.481854
        ]
      },
      "properties": {
        "id": "adsdi-bus-2618",
        "objectId": 2618,
        "gtfsId": 409,
        "code": "00409A",
        "name": "Sultan Bin Zayed St / Central Post Office",
        "nameAr": "شارع سلطان بن زايد/ مكتب البريد المركزي",
        "stopNumber": 409,
        "zoneId": "al-danah",
        "sourceClass": "observed",
        "source": "adsdiBusStops"
      }
    },
    {
      "type": "Feature",
      "id": "adsdi-bus-4041",
      "geometry": {
        "type": "Point",
        "coordinates": [
          54.384697,
          24.482571
        ]
      },
      "properties": {
        "id": "adsdi-bus-4041",
        "objectId": 4041,
        "gtfsId": 820,
        "code": "00820B",
        "name": "Shk. Zayed Bin Sultn St / Hazaa Bin Zayed St",
        "nameAr": "شارع الشيخ زايد بن سلطان / ش هزاع بن زايد",
        "stopNumber": 820,
        "zoneId": "al-danah",
        "sourceClass": "observed",
        "source": "adsdiBusStops"
      }
    },
    {
      "type": "Feature",
      "id": "adsdi-bus-1367",
      "geometry": {
        "type": "Point",
        "coordinates": [
          54.365866,
          24.485223
        ]
      },
      "properties": {
        "id": "adsdi-bus-1367",
        "objectId": 1367,
        "gtfsId": 405,
        "code": "00405B",
        "name": "Sultan Bin Zayed St / Madinat Zayed Shopping Centre",
        "nameAr": "شارع سلطان بن زايد/ مركز مدينة زايد للتسوق",
        "stopNumber": 405,
        "zoneId": "al-danah",
        "sourceClass": "observed",
        "source": "adsdiBusStops"
      }
    },
    {
      "type": "Feature",
      "id": "adsdi-bus-3288",
      "geometry": {
        "type": "Point",
        "coordinates": [
          54.434709,
          24.543486
        ]
      },
      "properties": {
        "id": "adsdi-bus-3288",
        "objectId": 3288,
        "gtfsId": 1159,
        "code": "01159B",
        "name": "Shati Al Sa'diyat St / Park Hyatt Hotel 2",
        "nameAr": "شارع شَاطئ السَّعْدِيات / فندف بارك حياة 2",
        "stopNumber": 1159,
        "zoneId": "al-saadiyat",
        "sourceClass": "observed",
        "source": "adsdiBusStops"
      }
    },
    {
      "type": "Feature",
      "id": "adsdi-bus-483",
      "geometry": {
        "type": "Point",
        "coordinates": [
          54.34775,
          24.461834
        ]
      },
      "properties": {
        "id": "adsdi-bus-483",
        "objectId": 483,
        "gtfsId": 905,
        "code": "00905B",
        "name": "Al Falah St / Al Mahaweb School",
        "nameAr": "شارع الفلاح /  مدرسة المواهب",
        "stopNumber": 905,
        "zoneId": "al-bateen",
        "sourceClass": "observed",
        "source": "adsdiBusStops"
      }
    },
    {
      "type": "Feature",
      "id": "adsdi-bus-3998",
      "geometry": {
        "type": "Point",
        "coordinates": [
          54.36915,
          24.442527
        ]
      },
      "properties": {
        "id": "adsdi-bus-3998",
        "objectId": 3998,
        "gtfsId": 3033,
        "code": "03033A",
        "name": "Al Khaleej Al Arabi St / Al Khirayz St",
        "nameAr": "شارع الخَلِيج العَرَبي / شارع الخِرِّيْز",
        "stopNumber": 3033,
        "zoneId": "al-mushrif",
        "sourceClass": "observed",
        "source": "adsdiBusStops"
      }
    },
    {
      "type": "Feature",
      "id": "adsdi-bus-752",
      "geometry": {
        "type": "Point",
        "coordinates": [
          54.380166,
          24.488302
        ]
      },
      "properties": {
        "id": "adsdi-bus-752",
        "objectId": 752,
        "gtfsId": 813,
        "code": "00813A",
        "name": "Shk. Zayed Bin Sultn St / ADM",
        "nameAr": "شارع الشيخ زايد بن سلطان / بلدية ابوظبي",
        "stopNumber": 813,
        "zoneId": "al-zahiyah",
        "sourceClass": "observed",
        "source": "adsdiBusStops"
      }
    },
    {
      "type": "Feature",
      "id": "adsdi-bus-3331",
      "geometry": {
        "type": "Point",
        "coordinates": [
          54.371474,
          24.500109
        ]
      },
      "properties": {
        "id": "adsdi-bus-3331",
        "objectId": 3331,
        "gtfsId": 320,
        "code": "00320B",
        "name": "Al Meena St / Corniche Hospital 1",
        "nameAr": "شارع الميناء / مستشفى الكورنيش 1",
        "stopNumber": 320,
        "zoneId": "al-zahiyah",
        "sourceClass": "observed",
        "source": "adsdiBusStops"
      }
    },
    {
      "type": "Feature",
      "id": "adsdi-bus-85",
      "geometry": {
        "type": "Point",
        "coordinates": [
          54.389772,
          24.50036
        ]
      },
      "properties": {
        "id": "adsdi-bus-85",
        "objectId": 85,
        "gtfsId": 950,
        "code": "00950B",
        "name": "Hamouda Bin Ali Al Dhaheri St / Al Maryah",
        "nameAr": "شارع حمودة بن علي الظاهري / المارِية",
        "stopNumber": 950,
        "zoneId": "al-maryah",
        "sourceClass": "observed",
        "source": "adsdiBusStops"
      }
    },
    {
      "type": "Feature",
      "id": "adsdi-bus-3259",
      "geometry": {
        "type": "Point",
        "coordinates": [
          54.558404,
          24.358638
        ]
      },
      "properties": {
        "id": "adsdi-bus-3259",
        "objectId": 3259,
        "gtfsId": 12069,
        "code": "12069A",
        "name": "Al Ithar St / Al Boum St",
        "nameAr": "ش. الايثار/ ش. البوم",
        "stopNumber": 12069,
        "zoneId": "mbz-zayed-city",
        "sourceClass": "observed",
        "source": "adsdiBusStops"
      }
    },
    {
      "type": "Feature",
      "id": "adsdi-bus-4021",
      "geometry": {
        "type": "Point",
        "coordinates": [
          54.44588,
          24.418433
        ]
      },
      "properties": {
        "id": "adsdi-bus-4021",
        "objectId": 4021,
        "gtfsId": 3052,
        "code": "03052B",
        "name": "Al Nawfal St / Abu Dhabi Courts",
        "nameAr": "شارع النَّوْفَل / محاكم ابوظبي",
        "stopNumber": 3052,
        "zoneId": "al-rawdah",
        "sourceClass": "observed",
        "source": "adsdiBusStops"
      }
    },
    {
      "type": "Feature",
      "id": "adsdi-bus-62",
      "geometry": {
        "type": "Point",
        "coordinates": [
          54.386868,
          24.449482
        ]
      },
      "properties": {
        "id": "adsdi-bus-62",
        "objectId": 62,
        "gtfsId": 2442,
        "code": "02442B",
        "name": "St. Andrew's Church",
        "nameAr": "المشرف ، كنيسة القديس أندرو",
        "stopNumber": 2442,
        "zoneId": "al-mushrif",
        "sourceClass": "observed",
        "source": "adsdiBusStops"
      }
    },
    {
      "type": "Feature",
      "id": "adsdi-bus-2947",
      "geometry": {
        "type": "Point",
        "coordinates": [
          54.533868,
          24.337783
        ]
      },
      "properties": {
        "id": "adsdi-bus-2947",
        "objectId": 2947,
        "gtfsId": 10559,
        "code": "10559B",
        "name": "Al Rayat St / Al Daraj St",
        "nameAr": "شارع الرَّايَات / شارع الدراج",
        "stopNumber": 10559,
        "zoneId": "mbz-zayed-city",
        "sourceClass": "observed",
        "source": "adsdiBusStops"
      }
    },
    {
      "type": "Feature",
      "id": "adsdi-bus-2698",
      "geometry": {
        "type": "Point",
        "coordinates": [
          54.545561,
          24.374803
        ]
      },
      "properties": {
        "id": "adsdi-bus-2698",
        "objectId": 2698,
        "gtfsId": 12046,
        "code": "12046A",
        "name": "St 79 / Al Marhoum Eid Al Muraykhi Mosque",
        "nameAr": "شارع 79 / مسجد المرحوم عيد المريخي",
        "stopNumber": 12046,
        "zoneId": "mbz-zayed-city",
        "sourceClass": "observed",
        "source": "adsdiBusStops"
      }
    },
    {
      "type": "Feature",
      "id": "adsdi-bus-2449",
      "geometry": {
        "type": "Point",
        "coordinates": [
          54.492982,
          24.393957
        ]
      },
      "properties": {
        "id": "adsdi-bus-2449",
        "objectId": 2449,
        "gtfsId": 3074,
        "code": "03074B",
        "name": "Al Dhannah St / Dakhnan St",
        "nameAr": "شارع الظَّنَّة / شارع دَخْنَان",
        "stopNumber": 3074,
        "zoneId": "rabdan-al-maqta",
        "sourceClass": "observed",
        "source": "adsdiBusStops"
      }
    },
    {
      "type": "Feature",
      "id": "adsdi-bus-42",
      "geometry": {
        "type": "Point",
        "coordinates": [
          54.362176,
          24.449325
        ]
      },
      "properties": {
        "id": "adsdi-bus-42",
        "objectId": 42,
        "gtfsId": 3023,
        "code": "03023B",
        "name": "Al Khaleej Al Arabi St / Delma St",
        "nameAr": "شارع الخَلِيج العَرَبي / شارع دلما",
        "stopNumber": 3023,
        "zoneId": "al-bateen",
        "sourceClass": "observed",
        "source": "adsdiBusStops"
      }
    },
    {
      "type": "Feature",
      "id": "adsdi-bus-1928",
      "geometry": {
        "type": "Point",
        "coordinates": [
          54.48941,
          24.345423
        ]
      },
      "properties": {
        "id": "adsdi-bus-1928",
        "objectId": 1928,
        "gtfsId": 11190,
        "code": "11190A",
        "name": "St 16 / ICAD Residential City Gate 2",
        "nameAr": "شارع 16/ بوابة مدينة ايكاد السكانية 2",
        "stopNumber": 11190,
        "zoneId": "musaffah",
        "sourceClass": "observed",
        "source": "adsdiBusStops"
      }
    },
    {
      "type": "Feature",
      "id": "adsdi-bus-434",
      "geometry": {
        "type": "Point",
        "coordinates": [
          54.441744,
          24.43028
        ]
      },
      "properties": {
        "id": "adsdi-bus-434",
        "objectId": 434,
        "gtfsId": 475,
        "code": "00475B",
        "name": "Sultan Bin Zayed St / Al Reehan Public Garden",
        "nameAr": "شارع سلطان بن زايد/ حديقة الريحان العامة",
        "stopNumber": 475,
        "zoneId": "muroor-al-saadah",
        "sourceClass": "observed",
        "source": "adsdiBusStops"
      }
    },
    {
      "type": "Feature",
      "id": "adsdi-bus-3600",
      "geometry": {
        "type": "Point",
        "coordinates": [
          54.364476,
          24.487606
        ]
      },
      "properties": {
        "id": "adsdi-bus-3600",
        "objectId": 3600,
        "gtfsId": 403,
        "code": "00403B",
        "name": "Sultan Bin Zayed St / Zayed The First St",
        "nameAr": "شارع سلطان بن زايد/ شارع زايد الأول",
        "stopNumber": 403,
        "zoneId": "al-danah",
        "sourceClass": "observed",
        "source": "adsdiBusStops"
      }
    },
    {
      "type": "Feature",
      "id": "adsdi-bus-932",
      "geometry": {
        "type": "Point",
        "coordinates": [
          54.359038,
          24.490587
        ]
      },
      "properties": {
        "id": "adsdi-bus-932",
        "objectId": 932,
        "gtfsId": 304,
        "code": "00304B",
        "name": "Khalifa Bin Zayed St / Al Lulu St",
        "nameAr": "شارع خليفة بن زايد/ شارع اللُّؤْلُؤ",
        "stopNumber": 304,
        "zoneId": "al-danah",
        "sourceClass": "observed",
        "source": "adsdiBusStops"
      }
    },
    {
      "type": "Feature",
      "id": "adsdi-bus-2910",
      "geometry": {
        "type": "Point",
        "coordinates": [
          54.510771,
          24.406594
        ]
      },
      "properties": {
        "id": "adsdi-bus-2910",
        "objectId": 2910,
        "gtfsId": 3092,
        "code": "03092B",
        "name": "Al Dheed St / ADVEC",
        "nameAr": "شارع الذِّيد / مركز أبو ظبي للتعليم المهني",
        "stopNumber": 3092,
        "zoneId": "rabdan-al-maqta",
        "sourceClass": "observed",
        "source": "adsdiBusStops"
      }
    },
    {
      "type": "Feature",
      "id": "adsdi-bus-1087",
      "geometry": {
        "type": "Point",
        "coordinates": [
          54.505769,
          24.411794
        ]
      },
      "properties": {
        "id": "adsdi-bus-1087",
        "objectId": 1087,
        "gtfsId": 3086,
        "code": "03086B",
        "name": "Al Maqtaʹ St / Al Itihad St",
        "nameAr": "شارع المَقطَع / شارع الإتحَاد",
        "stopNumber": 3086,
        "zoneId": "rabdan-al-maqta",
        "sourceClass": "observed",
        "source": "adsdiBusStops"
      }
    },
    {
      "type": "Feature",
      "id": "adsdi-bus-2747",
      "geometry": {
        "type": "Point",
        "coordinates": [
          54.397677,
          24.441307
        ]
      },
      "properties": {
        "id": "adsdi-bus-2747",
        "objectId": 2747,
        "gtfsId": 251,
        "code": "00251B",
        "name": "Shk. Rashid Bin Saeed St / Wedding Hall",
        "nameAr": "شارع الشيخ راشد بن سعيد / صالة الافراح",
        "stopNumber": 251,
        "zoneId": "al-mushrif",
        "sourceClass": "observed",
        "source": "adsdiBusStops"
      }
    },
    {
      "type": "Feature",
      "id": "adsdi-bus-3992",
      "geometry": {
        "type": "Point",
        "coordinates": [
          54.423075,
          24.434998
        ]
      },
      "properties": {
        "id": "adsdi-bus-3992",
        "objectId": 3992,
        "gtfsId": 461,
        "code": "00461B",
        "name": "Sultan Bin Zayed St / Police College",
        "nameAr": "شارع سلطان بن زايد/ كلية الشرطة",
        "stopNumber": 461,
        "zoneId": "muroor-al-saadah",
        "sourceClass": "observed",
        "source": "adsdiBusStops"
      }
    },
    {
      "type": "Feature",
      "id": "adsdi-bus-3929",
      "geometry": {
        "type": "Point",
        "coordinates": [
          54.535114,
          24.329213
        ]
      },
      "properties": {
        "id": "adsdi-bus-3929",
        "objectId": 3929,
        "gtfsId": 10076,
        "code": "10076A",
        "name": "Al Daraj St / Al Itmi-nan St",
        "nameAr": "شارع الدراج / شارع الإِطْمِئْنَان",
        "stopNumber": 10076,
        "zoneId": "mbz-zayed-city",
        "sourceClass": "observed",
        "source": "adsdiBusStops"
      }
    },
    {
      "type": "Feature",
      "id": "adsdi-bus-3351",
      "geometry": {
        "type": "Point",
        "coordinates": [
          54.368133,
          24.4816
        ]
      },
      "properties": {
        "id": "adsdi-bus-3351",
        "objectId": 3351,
        "gtfsId": 409,
        "code": "00409B",
        "name": "Sultan Bin Zayed St / Central Post Office",
        "nameAr": "شارع سلطان بن زايد/ مكتب البريد المركزي",
        "stopNumber": 409,
        "zoneId": "al-danah",
        "sourceClass": "observed",
        "source": "adsdiBusStops"
      }
    },
    {
      "type": "Feature",
      "id": "adsdi-bus-1679",
      "geometry": {
        "type": "Point",
        "coordinates": [
          54.384111,
          24.493653
        ]
      },
      "properties": {
        "id": "adsdi-bus-1679",
        "objectId": 1679,
        "gtfsId": 1014,
        "code": "01014A",
        "name": "Al Maiyani St / Al Reem St",
        "nameAr": "شارع المَيَّاني / شارع الرِّيم",
        "stopNumber": 1014,
        "zoneId": "al-zahiyah",
        "sourceClass": "observed",
        "source": "adsdiBusStops"
      }
    },
    {
      "type": "Feature",
      "id": "adsdi-bus-56",
      "geometry": {
        "type": "Point",
        "coordinates": [
          54.375189,
          24.498029
        ]
      },
      "properties": {
        "id": "adsdi-bus-56",
        "objectId": 56,
        "gtfsId": 529,
        "code": "00529A",
        "name": "Hamdan St / Hazaa Bin Zayed Mosque",
        "nameAr": "شارع حمدان / مسجد الشيخ هزاع بن زايد",
        "stopNumber": 529,
        "zoneId": "al-zahiyah",
        "sourceClass": "observed",
        "source": "adsdiBusStops"
      }
    },
    {
      "type": "Feature",
      "id": "adsdi-bus-199",
      "geometry": {
        "type": "Point",
        "coordinates": [
          54.535202,
          24.326198
        ]
      },
      "properties": {
        "id": "adsdi-bus-199",
        "objectId": 199,
        "gtfsId": 10078,
        "code": "10078B",
        "name": "Al Daraj St / Al Dolpheen St",
        "nameAr": "شارع الدراج / شارع الدلفين",
        "stopNumber": 10078,
        "zoneId": "mbz-zayed-city",
        "sourceClass": "observed",
        "source": "adsdiBusStops"
      }
    },
    {
      "type": "Feature",
      "id": "adsdi-bus-1373",
      "geometry": {
        "type": "Point",
        "coordinates": [
          54.418717,
          24.430828
        ]
      },
      "properties": {
        "id": "adsdi-bus-1373",
        "objectId": 1373,
        "gtfsId": 263,
        "code": "00263A",
        "name": "Al Rawdah, Shk.Rashid Bin Saeed St / Mawgab St",
        "nameAr": "شارع الشيخ راشد بن سعيد / شارع موقب",
        "stopNumber": 263,
        "zoneId": "muroor-al-saadah",
        "sourceClass": "observed",
        "source": "adsdiBusStops"
      }
    },
    {
      "type": "Feature",
      "id": "adsdi-bus-4035",
      "geometry": {
        "type": "Point",
        "coordinates": [
          54.389355,
          24.503354
        ]
      },
      "properties": {
        "id": "adsdi-bus-4035",
        "objectId": 4035,
        "gtfsId": 530,
        "code": "00530A",
        "name": "Hamdan  St / Hamouda Bin Ali Al Dhaheri St",
        "nameAr": "ش حمدان / ش سوق أبوظبي العالمي - الثاني",
        "stopNumber": 530,
        "zoneId": "al-maryah",
        "sourceClass": "observed",
        "source": "adsdiBusStops"
      }
    },
    {
      "type": "Feature",
      "id": "adsdi-bus-3792",
      "geometry": {
        "type": "Point",
        "coordinates": [
          54.610355,
          24.494165
        ]
      },
      "properties": {
        "id": "adsdi-bus-3792",
        "objectId": 3792,
        "gtfsId": 19512,
        "code": "19512A",
        "name": "Al Maha St / Yas Mall North",
        "nameAr": "شارع المَهَا / ياس مول (جنوب)",
        "stopNumber": 19512,
        "zoneId": "yas-island",
        "sourceClass": "observed",
        "source": "adsdiBusStops"
      }
    },
    {
      "type": "Feature",
      "id": "adsdi-bus-2512",
      "geometry": {
        "type": "Point",
        "coordinates": [
          54.417698,
          24.436835
        ]
      },
      "properties": {
        "id": "adsdi-bus-2512",
        "objectId": 2512,
        "gtfsId": 455,
        "code": "00455B",
        "name": "Sultan Bin Zayed St / Al Dhafra St",
        "nameAr": "شارع سلطان بن زايد/ شارع الظفرة",
        "stopNumber": 455,
        "zoneId": "muroor-al-saadah",
        "sourceClass": "observed",
        "source": "adsdiBusStops"
      }
    },
    {
      "type": "Feature",
      "id": "adsdi-bus-2020",
      "geometry": {
        "type": "Point",
        "coordinates": [
          54.348267,
          24.473898
        ]
      },
      "properties": {
        "id": "adsdi-bus-2020",
        "objectId": 2020,
        "gtfsId": 717,
        "code": "00717B",
        "name": "Zayed The First St / Mubarak Bin Mohammed St",
        "nameAr": "شارع زايد الأول / شارع مبارك بن محمد",
        "stopNumber": 717,
        "zoneId": "al-khalidiyah",
        "sourceClass": "observed",
        "source": "adsdiBusStops"
      }
    },
    {
      "type": "Feature",
      "id": "adsdi-bus-248",
      "geometry": {
        "type": "Point",
        "coordinates": [
          54.563146,
          24.332274
        ]
      },
      "properties": {
        "id": "adsdi-bus-248",
        "objectId": 248,
        "gtfsId": 12123,
        "code": "12123B",
        "name": "Al Qa-id St / Al Nasr St",
        "nameAr": "شارع القائد/ شارع النصر",
        "stopNumber": 12123,
        "zoneId": "mbz-zayed-city",
        "sourceClass": "observed",
        "source": "adsdiBusStops"
      }
    },
    {
      "type": "Feature",
      "id": "adsdi-bus-2412",
      "geometry": {
        "type": "Point",
        "coordinates": [
          54.367457,
          24.4642
        ]
      },
      "properties": {
        "id": "adsdi-bus-2412",
        "objectId": 2412,
        "gtfsId": 2408,
        "code": "02408B",
        "name": "Al Karamah St / Fatima Bint Abd Al Rahman Mosque",
        "nameAr": "شارع الكرامة / مسجد فاطمة بنت عبدالرحمن",
        "stopNumber": 2408,
        "zoneId": "al-manhal-karamah",
        "sourceClass": "observed",
        "source": "adsdiBusStops"
      }
    },
    {
      "type": "Feature",
      "id": "adsdi-bus-2904",
      "geometry": {
        "type": "Point",
        "coordinates": [
          54.60066,
          24.44769
        ]
      },
      "properties": {
        "id": "adsdi-bus-2904",
        "objectId": 2904,
        "gtfsId": 16800,
        "code": "16800B",
        "name": "Al Bandar St / Al Bandar",
        "nameAr": "ش. البندر/ البندر",
        "stopNumber": 16800,
        "zoneId": "al-raha",
        "sourceClass": "observed",
        "source": "adsdiBusStops"
      }
    },
    {
      "type": "Feature",
      "id": "adsdi-bus-2804",
      "geometry": {
        "type": "Point",
        "coordinates": [
          54.559205,
          24.325646
        ]
      },
      "properties": {
        "id": "adsdi-bus-2804",
        "objectId": 2804,
        "gtfsId": 10608,
        "code": "10608A",
        "name": "Naseem Al Barr St / Abdullah bin Qais Al-Ansari Mosque",
        "nameAr": "شارع نسيم البر/ مسجد عبدالله بن قيس الأنصاري",
        "stopNumber": 10608,
        "zoneId": "mbz-zayed-city",
        "sourceClass": "observed",
        "source": "adsdiBusStops"
      }
    },
    {
      "type": "Feature",
      "id": "adsdi-bus-640",
      "geometry": {
        "type": "Point",
        "coordinates": [
          54.547793,
          24.308723
        ]
      },
      "properties": {
        "id": "adsdi-bus-640",
        "objectId": 640,
        "gtfsId": 10136,
        "code": "10136A",
        "name": "Al Anwar St / Al Baleel St",
        "nameAr": "شارع الأنوار/ شارع البليل",
        "stopNumber": 10136,
        "zoneId": "mbz-zayed-city",
        "sourceClass": "observed",
        "source": "adsdiBusStops"
      }
    },
    {
      "type": "Feature",
      "id": "adsdi-bus-1771",
      "geometry": {
        "type": "Point",
        "coordinates": [
          54.383391,
          24.493567
        ]
      },
      "properties": {
        "id": "adsdi-bus-1771",
        "objectId": 1771,
        "gtfsId": 1010,
        "code": "01010A",
        "name": "Ghurair Al Ojaan Mosque",
        "nameAr": "مسجد غرير العوجان",
        "stopNumber": 1010,
        "zoneId": "al-zahiyah",
        "sourceClass": "observed",
        "source": "adsdiBusStops"
      }
    },
    {
      "type": "Feature",
      "id": "adsdi-bus-949",
      "geometry": {
        "type": "Point",
        "coordinates": [
          54.386247,
          24.442779
        ]
      },
      "properties": {
        "id": "adsdi-bus-949",
        "objectId": 949,
        "gtfsId": 1946,
        "code": "01946A",
        "name": "Shakhbout Bin Sultan St / Abu Dhabi Country Club",
        "nameAr": "شارع شخبوط بن سلطان / نادي ابوظبي الرياضي",
        "stopNumber": 1946,
        "zoneId": "al-mushrif",
        "sourceClass": "observed",
        "source": "adsdiBusStops"
      }
    },
    {
      "type": "Feature",
      "id": "adsdi-bus-2561",
      "geometry": {
        "type": "Point",
        "coordinates": [
          54.599947,
          24.466969
        ]
      },
      "properties": {
        "id": "adsdi-bus-2561",
        "objectId": 2561,
        "gtfsId": 19614,
        "code": "19614B",
        "name": "Yas Drive / Yas Hotels",
        "nameAr": "درب يَاس / فنادق ياس",
        "stopNumber": 19614,
        "zoneId": "yas-island",
        "sourceClass": "observed",
        "source": "adsdiBusStops"
      }
    },
    {
      "type": "Feature",
      "id": "adsdi-bus-168",
      "geometry": {
        "type": "Point",
        "coordinates": [
          54.53838,
          24.341129
        ]
      },
      "properties": {
        "id": "adsdi-bus-168",
        "objectId": 168,
        "gtfsId": 10115,
        "code": "10115A",
        "name": "Al Anwar St / LLH Medical Centre",
        "nameAr": "شارع الأنوار / مركز ال ال اتش الطبي",
        "stopNumber": 10115,
        "zoneId": "mbz-zayed-city",
        "sourceClass": "observed",
        "source": "adsdiBusStops"
      }
    },
    {
      "type": "Feature",
      "id": "adsdi-bus-1496",
      "geometry": {
        "type": "Point",
        "coordinates": [
          54.373617,
          24.437329
        ]
      },
      "properties": {
        "id": "adsdi-bus-1496",
        "objectId": 1496,
        "gtfsId": 3038,
        "code": "03038B",
        "name": "Al Khaleej Al Arabi St / Zaid Bin Al Haritha Mosque",
        "nameAr": "شارع الخليج العربي/ مسجد زيد بن حارثة",
        "stopNumber": 3038,
        "zoneId": "al-bateen",
        "sourceClass": "observed",
        "source": "adsdiBusStops"
      }
    },
    {
      "type": "Feature",
      "id": "adsdi-bus-832",
      "geometry": {
        "type": "Point",
        "coordinates": [
          54.36278,
          24.46955
        ]
      },
      "properties": {
        "id": "adsdi-bus-832",
        "objectId": 832,
        "gtfsId": 2403,
        "code": "02403A",
        "name": "Al Karamah St / SKMC Outpatient Clinic",
        "nameAr": "شارع الكرامة / مدينة الشيخ الطبية - العيادات الخارجية",
        "stopNumber": 2403,
        "zoneId": "al-manhal-karamah",
        "sourceClass": "observed",
        "source": "adsdiBusStops"
      }
    },
    {
      "type": "Feature",
      "id": "adsdi-bus-3820",
      "geometry": {
        "type": "Point",
        "coordinates": [
          54.335343,
          24.456778
        ]
      },
      "properties": {
        "id": "adsdi-bus-3820",
        "objectId": 3820,
        "gtfsId": 771,
        "code": "00771A",
        "name": "Marfa Al Bateen St / ADFD",
        "nameAr": "شارع مَرْفَأ البَطِينْ / صندوق ابوظبي للتنمية",
        "stopNumber": 771,
        "zoneId": "al-bateen",
        "sourceClass": "observed",
        "source": "adsdiBusStops"
      }
    },
    {
      "type": "Feature",
      "id": "adsdi-bus-3511",
      "geometry": {
        "type": "Point",
        "coordinates": [
          54.530378,
          24.321
        ]
      },
      "properties": {
        "id": "adsdi-bus-3511",
        "objectId": 3511,
        "gtfsId": 10038,
        "code": "10038E",
        "name": "Mussafah Bus Station",
        "nameAr": "محطة حافلات  مصفح",
        "stopNumber": 10038,
        "zoneId": "mbz-zayed-city",
        "sourceClass": "observed",
        "source": "adsdiBusStops"
      }
    },
    {
      "type": "Feature",
      "id": "adsdi-bus-1851",
      "geometry": {
        "type": "Point",
        "coordinates": [
          54.521009,
          24.382781
        ]
      },
      "properties": {
        "id": "adsdi-bus-1851",
        "objectId": 1851,
        "gtfsId": 11028,
        "code": "11028A",
        "name": "St 6 / St 17",
        "nameAr": "ش. 6/ ش. 17",
        "stopNumber": 11028,
        "zoneId": "musaffah",
        "sourceClass": "observed",
        "source": "adsdiBusStops"
      }
    },
    {
      "type": "Feature",
      "id": "adsdi-bus-1519",
      "geometry": {
        "type": "Point",
        "coordinates": [
          54.370989,
          24.440616
        ]
      },
      "properties": {
        "id": "adsdi-bus-1519",
        "objectId": 1519,
        "gtfsId": 3036,
        "code": "03036A",
        "name": "Al Khaleej Al Arabi St / Al Jarneen St",
        "nameAr": "شارع الخَلِيج العَرَبي / شارع جرنين",
        "stopNumber": 3036,
        "zoneId": "al-mushrif",
        "sourceClass": "observed",
        "source": "adsdiBusStops"
      }
    },
    {
      "type": "Feature",
      "id": "adsdi-bus-3626",
      "geometry": {
        "type": "Point",
        "coordinates": [
          54.482431,
          24.347271
        ]
      },
      "properties": {
        "id": "adsdi-bus-3626",
        "objectId": 3626,
        "gtfsId": 11584,
        "code": "11584B",
        "name": "St 9 / St 16",
        "nameAr": "شارع 9 \\شارع 9 \\ شارع 16",
        "stopNumber": 11584,
        "zoneId": "musaffah",
        "sourceClass": "observed",
        "source": "adsdiBusStops"
      }
    },
    {
      "type": "Feature",
      "id": "adsdi-bus-2446",
      "geometry": {
        "type": "Point",
        "coordinates": [
          54.536247,
          24.371667
        ]
      },
      "properties": {
        "id": "adsdi-bus-2446",
        "objectId": 2446,
        "gtfsId": 10098,
        "code": "10098B",
        "name": "Al Anwar St / Mazyad Mall",
        "nameAr": "شارع الأنوار / مزيد مول",
        "stopNumber": 10098,
        "zoneId": "mbz-zayed-city",
        "sourceClass": "observed",
        "source": "adsdiBusStops"
      }
    },
    {
      "type": "Feature",
      "id": "adsdi-bus-3703",
      "geometry": {
        "type": "Point",
        "coordinates": [
          54.535324,
          24.374326
        ]
      },
      "properties": {
        "id": "adsdi-bus-3703",
        "objectId": 3703,
        "gtfsId": 10512,
        "code": "10512A",
        "name": "St 79 / Mazyad Mall",
        "nameAr": "شارع 79 / مزيد مول",
        "stopNumber": 10512,
        "zoneId": "mbz-zayed-city",
        "sourceClass": "observed",
        "source": "adsdiBusStops"
      }
    },
    {
      "type": "Feature",
      "id": "adsdi-bus-454",
      "geometry": {
        "type": "Point",
        "coordinates": [
          54.378827,
          24.461726
        ]
      },
      "properties": {
        "id": "adsdi-bus-454",
        "objectId": 454,
        "gtfsId": 233,
        "code": "00233A",
        "name": "Shk. Rashid Bin Saeed St / Delma St",
        "nameAr": "شارع الشيخ راشد بن سعيد / شارع دلما",
        "stopNumber": 233,
        "zoneId": "al-nahyan",
        "sourceClass": "observed",
        "source": "adsdiBusStops"
      }
    },
    {
      "type": "Feature",
      "id": "adsdi-bus-3016",
      "geometry": {
        "type": "Point",
        "coordinates": [
          54.463611,
          24.344375
        ]
      },
      "properties": {
        "id": "adsdi-bus-3016",
        "objectId": 3016,
        "gtfsId": 11180,
        "code": "11180A",
        "name": "St 16 / National Petroleum Corporation",
        "nameAr": "شارع 16 / شركة الانشاءات البترولية",
        "stopNumber": 11180,
        "zoneId": "musaffah",
        "sourceClass": "observed",
        "source": "adsdiBusStops"
      }
    },
    {
      "type": "Feature",
      "id": "adsdi-bus-1018",
      "geometry": {
        "type": "Point",
        "coordinates": [
          54.535493,
          24.322246
        ]
      },
      "properties": {
        "id": "adsdi-bus-1018",
        "objectId": 1018,
        "gtfsId": 10082,
        "code": "10082A",
        "name": "Razim St / Al Yad'ah St",
        "nameAr": "شارع رازم / شارع اليدعة",
        "stopNumber": 10082,
        "zoneId": "mbz-zayed-city",
        "sourceClass": "observed",
        "source": "adsdiBusStops"
      }
    },
    {
      "type": "Feature",
      "id": "adsdi-bus-3680",
      "geometry": {
        "type": "Point",
        "coordinates": [
          54.516029,
          24.375469
        ]
      },
      "properties": {
        "id": "adsdi-bus-3680",
        "objectId": 3680,
        "gtfsId": 11798,
        "code": "11798A",
        "name": "St 17 / St 16",
        "nameAr": "ش. 17/ ش. 16",
        "stopNumber": 11798,
        "zoneId": "musaffah",
        "sourceClass": "observed",
        "source": "adsdiBusStops"
      }
    },
    {
      "type": "Feature",
      "id": "adsdi-bus-3010",
      "geometry": {
        "type": "Point",
        "coordinates": [
          54.42285,
          24.429283
        ]
      },
      "properties": {
        "id": "adsdi-bus-3010",
        "objectId": 3010,
        "gtfsId": 263,
        "code": "00263B",
        "name": "Al Rawdah, Shk.Rashid Bin Saeed St / Mawgab St",
        "nameAr": "شارع الشيخ راشد بن سعيد / شارع موقب",
        "stopNumber": 263,
        "zoneId": "al-rawdah",
        "sourceClass": "observed",
        "source": "adsdiBusStops"
      }
    },
    {
      "type": "Feature",
      "id": "adsdi-bus-139",
      "geometry": {
        "type": "Point",
        "coordinates": [
          54.600558,
          24.466954
        ]
      },
      "properties": {
        "id": "adsdi-bus-139",
        "objectId": 139,
        "gtfsId": 19614,
        "code": "19614A",
        "name": "Yas Drive / Yas Hotels",
        "nameAr": "درب يَاس / فنادق ياس",
        "stopNumber": 19614,
        "zoneId": "yas-island",
        "sourceClass": "observed",
        "source": "adsdiBusStops"
      }
    },
    {
      "type": "Feature",
      "id": "adsdi-bus-2987",
      "geometry": {
        "type": "Point",
        "coordinates": [
          54.491873,
          24.409569
        ]
      },
      "properties": {
        "id": "adsdi-bus-2987",
        "objectId": 2987,
        "gtfsId": 3521,
        "code": "03521B",
        "name": "Al Khor St / Qaryat Al Beri Souq",
        "nameAr": "شارع الخُور / سوق قرية البري",
        "stopNumber": 3521,
        "zoneId": "rabdan-al-maqta",
        "sourceClass": "observed",
        "source": "adsdiBusStops"
      }
    },
    {
      "type": "Feature",
      "id": "adsdi-bus-2252",
      "geometry": {
        "type": "Point",
        "coordinates": [
          54.49205,
          24.409516
        ]
      },
      "properties": {
        "id": "adsdi-bus-2252",
        "objectId": 2252,
        "gtfsId": 3521,
        "code": "03521A",
        "name": "Al Khor St / Qaryat Al Beri Souq",
        "nameAr": "شارع الخُور / سوق قرية البري",
        "stopNumber": 3521,
        "zoneId": "rabdan-al-maqta",
        "sourceClass": "observed",
        "source": "adsdiBusStops"
      }
    },
    {
      "type": "Feature",
      "id": "adsdi-bus-1659",
      "geometry": {
        "type": "Point",
        "coordinates": [
          54.372982,
          24.471691
        ]
      },
      "properties": {
        "id": "adsdi-bus-1659",
        "objectId": 1659,
        "gtfsId": 1119,
        "code": "01119A",
        "name": "Hazzaʹ Bin Zayed St / Al Wahda Mall",
        "nameAr": "شارع هزاع بن زايد/  الوحدة مول",
        "stopNumber": 1119,
        "zoneId": "al-nahyan",
        "sourceClass": "observed",
        "source": "adsdiBusStops"
      }
    },
    {
      "type": "Feature",
      "id": "adsdi-bus-308",
      "geometry": {
        "type": "Point",
        "coordinates": [
          54.504347,
          24.34565
        ]
      },
      "properties": {
        "id": "adsdi-bus-308",
        "objectId": 308,
        "gtfsId": 11196,
        "code": "11196B",
        "name": "St 16 / Civil Defence",
        "nameAr": "شارع 16 / الدفاع المدني",
        "stopNumber": 11196,
        "zoneId": "musaffah",
        "sourceClass": "observed",
        "source": "adsdiBusStops"
      }
    },
    {
      "type": "Feature",
      "id": "adsdi-bus-3603",
      "geometry": {
        "type": "Point",
        "coordinates": [
          54.353496,
          24.454613
        ]
      },
      "properties": {
        "id": "adsdi-bus-3603",
        "objectId": 3603,
        "gtfsId": 1101,
        "code": "01101A",
        "name": "Hazzaʹ Bin Zayed St / Al Bateen St",
        "nameAr": "شارع هزاع بن زايد/ شارع البطين",
        "stopNumber": 1101,
        "zoneId": "al-bateen",
        "sourceClass": "observed",
        "source": "adsdiBusStops"
      }
    },
    {
      "type": "Feature",
      "id": "adsdi-bus-2177",
      "geometry": {
        "type": "Point",
        "coordinates": [
          54.380679,
          24.437157
        ]
      },
      "properties": {
        "id": "adsdi-bus-2177",
        "objectId": 2177,
        "gtfsId": 1944,
        "code": "01944B",
        "name": "Shakhbout Bin Sultan St / Khalifa Bin Shakhbout St",
        "nameAr": "شارع شخبوط بن سلطان / شارع خليفة بن شخبوط",
        "stopNumber": 1944,
        "zoneId": "al-mushrif",
        "sourceClass": "observed",
        "source": "adsdiBusStops"
      }
    },
    {
      "type": "Feature",
      "id": "adsdi-bus-3726",
      "geometry": {
        "type": "Point",
        "coordinates": [
          54.59056,
          24.44458
        ]
      },
      "properties": {
        "id": "adsdi-bus-3726",
        "objectId": 3726,
        "gtfsId": 16019,
        "code": "16019B",
        "name": "Al Rahah St Stop / 16019",
        "nameAr": "ش. الراحة/ موقف 16019",
        "stopNumber": 16019,
        "zoneId": "al-raha",
        "sourceClass": "observed",
        "source": "adsdiBusStops"
      }
    },
    {
      "type": "Feature",
      "id": "adsdi-bus-1759",
      "geometry": {
        "type": "Point",
        "coordinates": [
          54.374559,
          24.497917
        ]
      },
      "properties": {
        "id": "adsdi-bus-1759",
        "objectId": 1759,
        "gtfsId": 529,
        "code": "00529B",
        "name": "Hamdan St / Hazaa Bin Zayed Mosque",
        "nameAr": "شارع حمدان / مسجد الشيخ هزاع بن زايد",
        "stopNumber": 529,
        "zoneId": "al-zahiyah",
        "sourceClass": "observed",
        "source": "adsdiBusStops"
      }
    },
    {
      "type": "Feature",
      "id": "adsdi-bus-1951",
      "geometry": {
        "type": "Point",
        "coordinates": [
          54.494965,
          24.416023
        ]
      },
      "properties": {
        "id": "adsdi-bus-1951",
        "objectId": 1951,
        "gtfsId": 3082,
        "code": "03082A",
        "name": "Al Maqta St / Um Touq St",
        "nameAr": "شارع المَقطَع / شارع النَّايفة",
        "stopNumber": 3082,
        "zoneId": "rabdan-al-maqta",
        "sourceClass": "observed",
        "source": "adsdiBusStops"
      }
    },
    {
      "type": "Feature",
      "id": "adsdi-bus-872",
      "geometry": {
        "type": "Point",
        "coordinates": [
          54.376282,
          24.455292
        ]
      },
      "properties": {
        "id": "adsdi-bus-872",
        "objectId": 872,
        "gtfsId": 2418,
        "code": "02418A",
        "name": "Al Karamah St / Mohamed Bin Khalifa St",
        "nameAr": "شارع الكرامة / شارع محمد بن خليفة",
        "stopNumber": 2418,
        "zoneId": "al-manhal-karamah",
        "sourceClass": "observed",
        "source": "adsdiBusStops"
      }
    },
    {
      "type": "Feature",
      "id": "adsdi-bus-2532",
      "geometry": {
        "type": "Point",
        "coordinates": [
          54.378445,
          24.436502
        ]
      },
      "properties": {
        "id": "adsdi-bus-2532",
        "objectId": 2532,
        "gtfsId": 1944,
        "code": "01944A",
        "name": "Shakhbout Bin Sultan St / Khalifa Bin Shakhbout St",
        "nameAr": "شارع شخبوط بن سلطان / شارع خليفة بن شخبوط",
        "stopNumber": 1944,
        "zoneId": "al-mushrif",
        "sourceClass": "observed",
        "source": "adsdiBusStops"
      }
    },
    {
      "type": "Feature",
      "id": "adsdi-bus-1559",
      "geometry": {
        "type": "Point",
        "coordinates": [
          54.555937,
          24.297832
        ]
      },
      "properties": {
        "id": "adsdi-bus-1559",
        "objectId": 1559,
        "gtfsId": 10410,
        "code": "10410B",
        "name": "Al Sahirah St / Mohamed Bin Zayed Park",
        "nameAr": "شارع الساهرة / حديقة محمد بن زايد",
        "stopNumber": 10410,
        "zoneId": "mbz-zayed-city",
        "sourceClass": "observed",
        "source": "adsdiBusStops"
      }
    },
    {
      "type": "Feature",
      "id": "adsdi-bus-3563",
      "geometry": {
        "type": "Point",
        "coordinates": [
          54.44524,
          24.423891
        ]
      },
      "properties": {
        "id": "adsdi-bus-3563",
        "objectId": 3563,
        "gtfsId": 2467,
        "code": "02467A",
        "name": "Saif Ghobash St / Health Authority Abu Dhabi",
        "nameAr": "شارع سيف غُباش / هيئة الصحة أبوظبي",
        "stopNumber": 2467,
        "zoneId": "al-rawdah",
        "sourceClass": "observed",
        "source": "adsdiBusStops"
      }
    },
    {
      "type": "Feature",
      "id": "adsdi-bus-231",
      "geometry": {
        "type": "Point",
        "coordinates": [
          54.366637,
          24.496611
        ]
      },
      "properties": {
        "id": "adsdi-bus-231",
        "objectId": 231,
        "gtfsId": 311,
        "code": "00311B",
        "name": "Khalifa Bin Zayed St / Fatima Bint Mubarak St",
        "nameAr": "شارع خليفة بن زايد / شارع فاطمة بنت مبارك",
        "stopNumber": 311,
        "zoneId": "al-danah",
        "sourceClass": "observed",
        "source": "adsdiBusStops"
      }
    },
    {
      "type": "Feature",
      "id": "adsdi-bus-3657",
      "geometry": {
        "type": "Point",
        "coordinates": [
          54.47275,
          24.352317
        ]
      },
      "properties": {
        "id": "adsdi-bus-3657",
        "objectId": 3657,
        "gtfsId": 11552,
        "code": "11552A",
        "name": "St 7 / St 14",
        "nameAr": "شارع 7 \\ شارع 14",
        "stopNumber": 11552,
        "zoneId": "musaffah",
        "sourceClass": "observed",
        "source": "adsdiBusStops"
      }
    },
    {
      "type": "Feature",
      "id": "adsdi-bus-1997",
      "geometry": {
        "type": "Point",
        "coordinates": [
          54.586173,
          24.436045
        ]
      },
      "properties": {
        "id": "adsdi-bus-1997",
        "objectId": 1997,
        "gtfsId": 16057,
        "code": "16057B",
        "name": "Al Mireef St / Amana Healthcare Hospital",
        "nameAr": "شارع المِرِيف/ مستشفى أمانة",
        "stopNumber": 16057,
        "zoneId": "khalifa-city",
        "sourceClass": "observed",
        "source": "adsdiBusStops"
      }
    },
    {
      "type": "Feature",
      "id": "adsdi-bus-1937",
      "geometry": {
        "type": "Point",
        "coordinates": [
          54.510779,
          24.374917
        ]
      },
      "properties": {
        "id": "adsdi-bus-1937",
        "objectId": 1937,
        "gtfsId": 11702,
        "code": "11702B",
        "name": "St 15 / Mohammed Sultan Al Yusuf Mosque",
        "nameAr": "شارع 15 / مسجد محمد سلطان اليوسف",
        "stopNumber": 11702,
        "zoneId": "musaffah",
        "sourceClass": "observed",
        "source": "adsdiBusStops"
      }
    },
    {
      "type": "Feature",
      "id": "adsdi-bus-3966",
      "geometry": {
        "type": "Point",
        "coordinates": [
          54.335107,
          24.465479
        ]
      },
      "properties": {
        "id": "adsdi-bus-3966",
        "objectId": 3966,
        "gtfsId": 3433,
        "code": "03433A",
        "name": "Al Yazwah St / Police Station",
        "nameAr": "شارع اليَزْوَة / مركز الشرطة",
        "stopNumber": 3433,
        "zoneId": "al-bateen",
        "sourceClass": "observed",
        "source": "adsdiBusStops"
      }
    },
    {
      "type": "Feature",
      "id": "adsdi-bus-1396",
      "geometry": {
        "type": "Point",
        "coordinates": [
          54.368661,
          24.478281
        ]
      },
      "properties": {
        "id": "adsdi-bus-1396",
        "objectId": 1396,
        "gtfsId": 921,
        "code": "00921B",
        "name": "Al Falah St / Sultan Bin Zayed St",
        "nameAr": "شارع الفلاح / شارع سلطان بن زايد",
        "stopNumber": 921,
        "zoneId": "al-danah",
        "sourceClass": "observed",
        "source": "adsdiBusStops"
      }
    },
    {
      "type": "Feature",
      "id": "adsdi-bus-3620",
      "geometry": {
        "type": "Point",
        "coordinates": [
          54.401835,
          24.426997
        ]
      },
      "properties": {
        "id": "adsdi-bus-3620",
        "objectId": 3620,
        "gtfsId": 3058,
        "code": "03058A",
        "name": "Al Khaleej Al Arabi St / Salama Bint Butti St",
        "nameAr": "شارع الخَلِيج العَرَبي / شارع سلامة بنت بطي",
        "stopNumber": 3058,
        "zoneId": "al-mushrif",
        "sourceClass": "observed",
        "source": "adsdiBusStops"
      }
    },
    {
      "type": "Feature",
      "id": "adsdi-bus-3958",
      "geometry": {
        "type": "Point",
        "coordinates": [
          54.334485,
          24.458109
        ]
      },
      "properties": {
        "id": "adsdi-bus-3958",
        "objectId": 3958,
        "gtfsId": 3413,
        "code": "03413A",
        "name": "King Abdullah bin Abdulaziz Al Saud St/ ADFD",
        "nameAr": "شارع الملك عبدالله بن عبدالعزيز آل سعود / صندوق ابوظبي للتنمية",
        "stopNumber": 3413,
        "zoneId": "al-bateen",
        "sourceClass": "observed",
        "source": "adsdiBusStops"
      }
    },
    {
      "type": "Feature",
      "id": "adsdi-bus-809",
      "geometry": {
        "type": "Point",
        "coordinates": [
          54.555709,
          24.325546
        ]
      },
      "properties": {
        "id": "adsdi-bus-809",
        "objectId": 809,
        "gtfsId": 10606,
        "code": "10606A",
        "name": "Naseem Al Barr St / Abdullah bin Qais Al-Ansari Mosque",
        "nameAr": "شارع نسيم البر/ مسجد عبدالله بن قيس الأنصاري",
        "stopNumber": 10606,
        "zoneId": "mbz-zayed-city",
        "sourceClass": "observed",
        "source": "adsdiBusStops"
      }
    },
    {
      "type": "Feature",
      "id": "adsdi-bus-815",
      "geometry": {
        "type": "Point",
        "coordinates": [
          54.51388,
          24.405997
        ]
      },
      "properties": {
        "id": "adsdi-bus-815",
        "objectId": 815,
        "gtfsId": 3094,
        "code": "03094A",
        "name": "Al Dheed St / Al Fihaydi St",
        "nameAr": "شارع الدير / شارع الفِهَيدِي",
        "stopNumber": 3094,
        "zoneId": "rabdan-al-maqta",
        "sourceClass": "observed",
        "source": "adsdiBusStops"
      }
    },
    {
      "type": "Feature",
      "id": "adsdi-bus-3471",
      "geometry": {
        "type": "Point",
        "coordinates": [
          54.366637,
          24.474684
        ]
      },
      "properties": {
        "id": "adsdi-bus-3471",
        "objectId": 3471,
        "gtfsId": 213,
        "code": "00213A",
        "name": "Shk. Rashid Bin Saeed St / Al Falah St",
        "nameAr": "شارع الشيخ راشد بن سعيد / شارع الفلاح",
        "stopNumber": 213,
        "zoneId": "al-danah",
        "sourceClass": "observed",
        "source": "adsdiBusStops"
      }
    },
    {
      "type": "Feature",
      "id": "adsdi-bus-2979",
      "geometry": {
        "type": "Point",
        "coordinates": [
          54.377673,
          24.481398
        ]
      },
      "properties": {
        "id": "adsdi-bus-2979",
        "objectId": 2979,
        "gtfsId": 618,
        "code": "00618B",
        "name": "Fatimah Bint Mubarak St / GEMS American Academy",
        "nameAr": "شارع فاطمة بنت مبارك / أكاديمية جيمس الأمريكية",
        "stopNumber": 618,
        "zoneId": "al-danah",
        "sourceClass": "observed",
        "source": "adsdiBusStops"
      }
    },
    {
      "type": "Feature",
      "id": "adsdi-bus-1012",
      "geometry": {
        "type": "Point",
        "coordinates": [
          54.430614,
          24.540664
        ]
      },
      "properties": {
        "id": "adsdi-bus-1012",
        "objectId": 1012,
        "gtfsId": 1157,
        "code": "01157A",
        "name": "Shati Al Sa'diyat St / Saadiyat Rotana Hotel",
        "nameAr": "شارع شَاطئ السَّعْدِيات / فندق روتانا السعديات",
        "stopNumber": 1157,
        "zoneId": "al-saadiyat",
        "sourceClass": "observed",
        "source": "adsdiBusStops"
      }
    },
    {
      "type": "Feature",
      "id": "adsdi-bus-3912",
      "geometry": {
        "type": "Point",
        "coordinates": [
          54.361116,
          24.488397
        ]
      },
      "properties": {
        "id": "adsdi-bus-3912",
        "objectId": 3912,
        "gtfsId": 513,
        "code": "00513B",
        "name": "Hamdan St / Liwa Center",
        "nameAr": "شارع حمدان / مركز ليوا",
        "stopNumber": 513,
        "zoneId": "al-danah",
        "sourceClass": "observed",
        "source": "adsdiBusStops"
      }
    },
    {
      "type": "Feature",
      "id": "adsdi-bus-1745",
      "geometry": {
        "type": "Point",
        "coordinates": [
          54.389447,
          24.497731
        ]
      },
      "properties": {
        "id": "adsdi-bus-1745",
        "objectId": 1745,
        "gtfsId": 948,
        "code": "00948B",
        "name": "Hamouda Bin Ali Al Dhaheri St / Cleveland Clinic",
        "nameAr": "شارع حمودة بن علي الظاهري / عيادة كليفلاند",
        "stopNumber": 948,
        "zoneId": "al-maryah",
        "sourceClass": "observed",
        "source": "adsdiBusStops"
      }
    },
    {
      "type": "Feature",
      "id": "adsdi-bus-909",
      "geometry": {
        "type": "Point",
        "coordinates": [
          54.409675,
          24.537576
        ]
      },
      "properties": {
        "id": "adsdi-bus-909",
        "objectId": 909,
        "gtfsId": 1190,
        "code": "01190B",
        "name": "Jacques Chirac St / Mamsha Al Saadiyat",
        "nameAr": "شارع جاك شيراك / ممشى السعديات",
        "stopNumber": 1190,
        "zoneId": "al-saadiyat",
        "sourceClass": "observed",
        "source": "adsdiBusStops"
      }
    },
    {
      "type": "Feature",
      "id": "adsdi-bus-222",
      "geometry": {
        "type": "Point",
        "coordinates": [
          54.432183,
          24.433988
        ]
      },
      "properties": {
        "id": "adsdi-bus-222",
        "objectId": 222,
        "gtfsId": 467,
        "code": "00467A",
        "name": "Sultan Bin Zayed St / Rabdan St",
        "nameAr": "شارع سلطان بن زايد/ شارع ربدان",
        "stopNumber": 467,
        "zoneId": "muroor-al-saadah",
        "sourceClass": "observed",
        "source": "adsdiBusStops"
      }
    },
    {
      "type": "Feature",
      "id": "adsdi-bus-1625",
      "geometry": {
        "type": "Point",
        "coordinates": [
          54.364277,
          24.494258
        ]
      },
      "properties": {
        "id": "adsdi-bus-1625",
        "objectId": 1625,
        "gtfsId": 309,
        "code": "00309B",
        "name": "Khalifa Bin Zayed St / Fatima Bint Mubarak St",
        "nameAr": "شارع خليفة بن زايد / شارع فاطمة بنت مبارك",
        "stopNumber": 309,
        "zoneId": "al-danah",
        "sourceClass": "observed",
        "source": "adsdiBusStops"
      }
    },
    {
      "type": "Feature",
      "id": "adsdi-bus-1221",
      "geometry": {
        "type": "Point",
        "coordinates": [
          54.542106,
          24.325007
        ]
      },
      "properties": {
        "id": "adsdi-bus-1221",
        "objectId": 1221,
        "gtfsId": 10597,
        "code": "10597A",
        "name": "Naseem Al Barr St / Emirates Heritage Club",
        "nameAr": "شارع نسيم البر/ نادي تراث الامارات",
        "stopNumber": 10597,
        "zoneId": "mbz-zayed-city",
        "sourceClass": "observed",
        "source": "adsdiBusStops"
      }
    },
    {
      "type": "Feature",
      "id": "adsdi-bus-723",
      "geometry": {
        "type": "Point",
        "coordinates": [
          54.580299,
          24.305566
        ]
      },
      "properties": {
        "id": "adsdi-bus-723",
        "objectId": 723,
        "gtfsId": 10810,
        "code": "10810B",
        "name": "Za'mah St / Al Nuhasi St",
        "nameAr": "شارع زاعمة / شارع النحاسي",
        "stopNumber": 10810,
        "zoneId": "mbz-zayed-city",
        "sourceClass": "observed",
        "source": "adsdiBusStops"
      }
    },
    {
      "type": "Feature",
      "id": "adsdi-bus-606",
      "geometry": {
        "type": "Point",
        "coordinates": [
          54.452609,
          24.421903
        ]
      },
      "properties": {
        "id": "adsdi-bus-606",
        "objectId": 606,
        "gtfsId": 2475,
        "code": "02475B",
        "name": "Saif Ghobash St / Al Qiyadah St",
        "nameAr": "شارع سيف غُباش / شارع القيادة",
        "stopNumber": 2475,
        "zoneId": "al-rawdah",
        "sourceClass": "observed",
        "source": "adsdiBusStops"
      }
    },
    {
      "type": "Feature",
      "id": "adsdi-bus-772",
      "geometry": {
        "type": "Point",
        "coordinates": [
          54.492181,
          24.394287
        ]
      },
      "properties": {
        "id": "adsdi-bus-772",
        "objectId": 772,
        "gtfsId": 3074,
        "code": "03074A",
        "name": "Al Dhannah St / Dakhnan St",
        "nameAr": "شارع الظَّنَّة / شارع دَخْنَان",
        "stopNumber": 3074,
        "zoneId": "rabdan-al-maqta",
        "sourceClass": "observed",
        "source": "adsdiBusStops"
      }
    },
    {
      "type": "Feature",
      "id": "adsdi-bus-59",
      "geometry": {
        "type": "Point",
        "coordinates": [
          54.394419,
          24.453889
        ]
      },
      "properties": {
        "id": "adsdi-bus-59",
        "objectId": 59,
        "gtfsId": 437,
        "code": "00437A",
        "name": "Sultan Bin Zayed St / Al Jazeera Sports Club",
        "nameAr": "شارع سلطان بن زايد/ نادي الجزيرة الرياضي",
        "stopNumber": 437,
        "zoneId": "al-nahyan",
        "sourceClass": "observed",
        "source": "adsdiBusStops"
      }
    },
    {
      "type": "Feature",
      "id": "adsdi-bus-2764",
      "geometry": {
        "type": "Point",
        "coordinates": [
          54.395586,
          24.442666
        ]
      },
      "properties": {
        "id": "adsdi-bus-2764",
        "objectId": 2764,
        "gtfsId": 2430,
        "code": "02430B",
        "name": "Ibn Rushd St / Abdul Rahman Bin Aowf Mosque",
        "nameAr": "شارع إبن رُشد / مسجد عبد الرحمن بن عوف",
        "stopNumber": 2430,
        "zoneId": "al-mushrif",
        "sourceClass": "observed",
        "source": "adsdiBusStops"
      }
    },
    {
      "type": "Feature",
      "id": "adsdi-bus-3428",
      "geometry": {
        "type": "Point",
        "coordinates": [
          54.371334,
          24.46018
        ]
      },
      "properties": {
        "id": "adsdi-bus-3428",
        "objectId": 3428,
        "gtfsId": 2412,
        "code": "02412B",
        "name": "Al Karamah St / Delma St",
        "nameAr": "شارع الكرامة / شارع دلما",
        "stopNumber": 2412,
        "zoneId": "al-manhal-karamah",
        "sourceClass": "observed",
        "source": "adsdiBusStops"
      }
    },
    {
      "type": "Feature",
      "id": "adsdi-bus-108",
      "geometry": {
        "type": "Point",
        "coordinates": [
          54.340848,
          24.467918
        ]
      },
      "properties": {
        "id": "adsdi-bus-108",
        "objectId": 108,
        "gtfsId": 711,
        "code": "00711B",
        "name": "Zayed The First St / Al Bateen St",
        "nameAr": "شارع زايد الأول / شارع البطين",
        "stopNumber": 711,
        "zoneId": "al-bateen",
        "sourceClass": "observed",
        "source": "adsdiBusStops"
      }
    },
    {
      "type": "Feature",
      "id": "adsdi-bus-3497",
      "geometry": {
        "type": "Point",
        "coordinates": [
          54.535264,
          24.327255
        ]
      },
      "properties": {
        "id": "adsdi-bus-3497",
        "objectId": 3497,
        "gtfsId": 10078,
        "code": "10078A",
        "name": "Al Daraj St / Al Dolpheen St",
        "nameAr": "شارع الدراج / شارع الدلفين",
        "stopNumber": 10078,
        "zoneId": "mbz-zayed-city",
        "sourceClass": "observed",
        "source": "adsdiBusStops"
      }
    },
    {
      "type": "Feature",
      "id": "adsdi-bus-2738",
      "geometry": {
        "type": "Point",
        "coordinates": [
          54.557578,
          24.353506
        ]
      },
      "properties": {
        "id": "adsdi-bus-2738",
        "objectId": 2738,
        "gtfsId": 12072,
        "code": "12072B",
        "name": "Al Ithar St  / Al Salam Mosque",
        "nameAr": "ش. الايثار/ مسجد السلام",
        "stopNumber": 12072,
        "zoneId": "mbz-zayed-city",
        "sourceClass": "observed",
        "source": "adsdiBusStops"
      }
    },
    {
      "type": "Feature",
      "id": "adsdi-bus-3832",
      "geometry": {
        "type": "Point",
        "coordinates": [
          54.527606,
          24.379187
        ]
      },
      "properties": {
        "id": "adsdi-bus-3832",
        "objectId": 3832,
        "gtfsId": 12202,
        "code": "12202A",
        "name": "Najm Suhayl St / Abu Dhar Al-Afary Mosque",
        "nameAr": "شارع نجم سهيل/ مسجد أبو ذر الغفاري",
        "stopNumber": 12202,
        "zoneId": "mbz-zayed-city",
        "sourceClass": "observed",
        "source": "adsdiBusStops"
      }
    },
    {
      "type": "Feature",
      "id": "adsdi-bus-3070",
      "geometry": {
        "type": "Point",
        "coordinates": [
          54.401133,
          24.438051
        ]
      },
      "properties": {
        "id": "adsdi-bus-3070",
        "objectId": 3070,
        "gtfsId": 253,
        "code": "00253B",
        "name": "Shk. Rashid Bin Saeed St / Al Nahda National School",
        "nameAr": "شارع الشيخ راشد بن سعيد / مدرسة النهضة الوطنية",
        "stopNumber": 253,
        "zoneId": "al-mushrif",
        "sourceClass": "observed",
        "source": "adsdiBusStops"
      }
    },
    {
      "type": "Feature",
      "id": "adsdi-bus-251",
      "geometry": {
        "type": "Point",
        "coordinates": [
          54.584901,
          24.435967
        ]
      },
      "properties": {
        "id": "adsdi-bus-251",
        "objectId": 251,
        "gtfsId": 16057,
        "code": "16057A",
        "name": "Al Mireef St / Amana Healthcare Hospital",
        "nameAr": "شارع المِرِيف/ مستشفى أمانة",
        "stopNumber": 16057,
        "zoneId": "khalifa-city",
        "sourceClass": "observed",
        "source": "adsdiBusStops"
      }
    },
    {
      "type": "Feature",
      "id": "adsdi-bus-1888",
      "geometry": {
        "type": "Point",
        "coordinates": [
          54.559033,
          24.297243
        ]
      },
      "properties": {
        "id": "adsdi-bus-1888",
        "objectId": 1888,
        "gtfsId": 10352,
        "code": "10352A",
        "name": "Al Shamiyah St / Stop 10352",
        "nameAr": "شارع الشامية /  موقف 10352",
        "stopNumber": 10352,
        "zoneId": "mbz-zayed-city",
        "sourceClass": "observed",
        "source": "adsdiBusStops"
      }
    },
    {
      "type": "Feature",
      "id": "adsdi-bus-2552",
      "geometry": {
        "type": "Point",
        "coordinates": [
          54.377637,
          24.47173
        ]
      },
      "properties": {
        "id": "adsdi-bus-2552",
        "objectId": 2552,
        "gtfsId": 421,
        "code": "00421A",
        "name": "Sultan Bin Zayed St / Abu Dhabi Bus Station",
        "nameAr": "شارع سلطان بن زايد/ محطة حافلات أبوظبي",
        "stopNumber": 421,
        "zoneId": "al-nahyan",
        "sourceClass": "observed",
        "source": "adsdiBusStops"
      }
    },
    {
      "type": "Feature",
      "id": "adsdi-bus-2097",
      "geometry": {
        "type": "Point",
        "coordinates": [
          54.400378,
          24.486921
        ]
      },
      "properties": {
        "id": "adsdi-bus-2097",
        "objectId": 2097,
        "gtfsId": 1050,
        "code": "01050B",
        "name": "Al Reem Mall",
        "nameAr": "الريم مول",
        "stopNumber": 1050,
        "zoneId": "al-reem",
        "sourceClass": "observed",
        "source": "adsdiBusStops"
      }
    },
    {
      "type": "Feature",
      "id": "adsdi-bus-3454",
      "geometry": {
        "type": "Point",
        "coordinates": [
          54.418635,
          24.4271
        ]
      },
      "properties": {
        "id": "adsdi-bus-3454",
        "objectId": 3454,
        "gtfsId": 2701,
        "code": "02701A",
        "name": "Mawgab St / Al Tarfeeh St",
        "nameAr": "شارع مَوْقب / شارع التَرْفِيه",
        "stopNumber": 2701,
        "zoneId": "al-rawdah",
        "sourceClass": "observed",
        "source": "adsdiBusStops"
      }
    },
    {
      "type": "Feature",
      "id": "adsdi-bus-531",
      "geometry": {
        "type": "Point",
        "coordinates": [
          54.367179,
          24.488897
        ]
      },
      "properties": {
        "id": "adsdi-bus-531",
        "objectId": 531,
        "gtfsId": 735,
        "code": "00735B",
        "name": "Zayed The First St / Al Thughour St",
        "nameAr": "الدَّانَةْ, شارع زايد الأول / شارع الثُّغُور",
        "stopNumber": 735,
        "zoneId": "al-danah",
        "sourceClass": "observed",
        "source": "adsdiBusStops"
      }
    },
    {
      "type": "Feature",
      "id": "adsdi-bus-1290",
      "geometry": {
        "type": "Point",
        "coordinates": [
          54.377527,
          24.511097
        ]
      },
      "properties": {
        "id": "adsdi-bus-1290",
        "objectId": 1290,
        "gtfsId": 324,
        "code": "00324B",
        "name": "Al Meena St / India Social Centre",
        "nameAr": "شارع الميناء / المركز الهندي",
        "stopNumber": 324,
        "zoneId": "al-zahiyah",
        "sourceClass": "observed",
        "source": "adsdiBusStops"
      }
    },
    {
      "type": "Feature",
      "id": "adsdi-bus-680",
      "geometry": {
        "type": "Point",
        "coordinates": [
          54.56531,
          24.337783
        ]
      },
      "properties": {
        "id": "adsdi-bus-680",
        "objectId": 680,
        "gtfsId": 12119,
        "code": "12119A",
        "name": "Al Qa-id St / Al Hawra St",
        "nameAr": "ش. القائد/ ش. الحوراء",
        "stopNumber": 12119,
        "zoneId": "mbz-zayed-city",
        "sourceClass": "observed",
        "source": "adsdiBusStops"
      }
    },
    {
      "type": "Feature",
      "id": "adsdi-bus-1811",
      "geometry": {
        "type": "Point",
        "coordinates": [
          54.603806,
          24.478525
        ]
      },
      "properties": {
        "id": "adsdi-bus-1811",
        "objectId": 1811,
        "gtfsId": 19604,
        "code": "19604A",
        "name": "Yas Drive / Marina Circuit North",
        "nameAr": "درب يَاس / حلبة مرسى ياس  شمال",
        "stopNumber": 19604,
        "zoneId": "yas-island",
        "sourceClass": "observed",
        "source": "adsdiBusStops"
      }
    },
    {
      "type": "Feature",
      "id": "adsdi-bus-2813",
      "geometry": {
        "type": "Point",
        "coordinates": [
          54.450273,
          24.553229
        ]
      },
      "properties": {
        "id": "adsdi-bus-2813",
        "objectId": 2813,
        "gtfsId": 1172,
        "code": "01172A",
        "name": "Al Jouri St / Saadiyat Beach Villas Central",
        "nameAr": "شارع الجُوْرِي / فلل شاطئ السعديات المركزية",
        "stopNumber": 1172,
        "zoneId": "al-saadiyat",
        "sourceClass": "observed",
        "source": "adsdiBusStops"
      }
    },
    {
      "type": "Feature",
      "id": "adsdi-bus-2572",
      "geometry": {
        "type": "Point",
        "coordinates": [
          54.552823,
          24.331869
        ]
      },
      "properties": {
        "id": "adsdi-bus-2572",
        "objectId": 2572,
        "gtfsId": 12120,
        "code": "12120B",
        "name": "Al Qa-id St / Mohammed Bin Zayed Health Care Center",
        "nameAr": "شارع القائد/ مركز محمد بن زايد الصحي",
        "stopNumber": 12120,
        "zoneId": "mbz-zayed-city",
        "sourceClass": "observed",
        "source": "adsdiBusStops"
      }
    },
    {
      "type": "Feature",
      "id": "adsdi-bus-1241",
      "geometry": {
        "type": "Point",
        "coordinates": [
          54.521243,
          24.364528
        ]
      },
      "properties": {
        "id": "adsdi-bus-1241",
        "objectId": 1241,
        "gtfsId": 11103,
        "code": "11103B",
        "name": "Mar Thoma Church",
        "nameAr": "كنيسة مارثوما",
        "stopNumber": 11103,
        "zoneId": "musaffah",
        "sourceClass": "observed",
        "source": "adsdiBusStops"
      }
    },
    {
      "type": "Feature",
      "id": "adsdi-bus-1413",
      "geometry": {
        "type": "Point",
        "coordinates": [
          54.377167,
          24.484347
        ]
      },
      "properties": {
        "id": "adsdi-bus-1413",
        "objectId": 1413,
        "gtfsId": 929,
        "code": "00929B",
        "name": "Al Falah St / Fatimah Bint Mubarak St",
        "nameAr": "شارع الفلاح / شارع فاطمة بنت مبارك",
        "stopNumber": 929,
        "zoneId": "al-danah",
        "sourceClass": "observed",
        "source": "adsdiBusStops"
      }
    },
    {
      "type": "Feature",
      "id": "adsdi-bus-159",
      "geometry": {
        "type": "Point",
        "coordinates": [
          54.376133,
          24.501014
        ]
      },
      "properties": {
        "id": "adsdi-bus-159",
        "objectId": 159,
        "gtfsId": 1003,
        "code": "01003B",
        "name": "Al Zahiyah St / Hamdan St",
        "nameAr": "شارع الزَّاهِيَة / شارع حمدان",
        "stopNumber": 1003,
        "zoneId": "al-zahiyah",
        "sourceClass": "observed",
        "source": "adsdiBusStops"
      }
    },
    {
      "type": "Feature",
      "id": "adsdi-bus-1931",
      "geometry": {
        "type": "Point",
        "coordinates": [
          54.375948,
          24.503369
        ]
      },
      "properties": {
        "id": "adsdi-bus-1931",
        "objectId": 1931,
        "gtfsId": 1020,
        "code": "01020A",
        "name": "Al Maiyani St / Al Mirji St",
        "nameAr": "شارع المَيَّاني / شارع المِرْجِي",
        "stopNumber": 1020,
        "zoneId": "al-zahiyah",
        "sourceClass": "observed",
        "source": "adsdiBusStops"
      }
    },
    {
      "type": "Feature",
      "id": "adsdi-bus-1390",
      "geometry": {
        "type": "Point",
        "coordinates": [
          54.418784,
          24.532071
        ]
      },
      "properties": {
        "id": "adsdi-bus-1390",
        "objectId": 1390,
        "gtfsId": 1154,
        "code": "01154B",
        "name": "Manarat Al Saadiyat",
        "nameAr": "منارة السعديات",
        "stopNumber": 1154,
        "zoneId": "al-saadiyat",
        "sourceClass": "observed",
        "source": "adsdiBusStops"
      }
    },
    {
      "type": "Feature",
      "id": "adsdi-bus-3789",
      "geometry": {
        "type": "Point",
        "coordinates": [
          54.537128,
          24.353842
        ]
      },
      "properties": {
        "id": "adsdi-bus-3789",
        "objectId": 3789,
        "gtfsId": 10108,
        "code": "10108B",
        "name": "Al Anwar St / Burjeel Medical City",
        "nameAr": "شارع الأنوار / مدينة برجيل الطبية",
        "stopNumber": 10108,
        "zoneId": "mbz-zayed-city",
        "sourceClass": "observed",
        "source": "adsdiBusStops"
      }
    },
    {
      "type": "Feature",
      "id": "adsdi-bus-3385",
      "geometry": {
        "type": "Point",
        "coordinates": [
          54.370943,
          24.440191
        ]
      },
      "properties": {
        "id": "adsdi-bus-3385",
        "objectId": 3385,
        "gtfsId": 3036,
        "code": "03036B",
        "name": "Al Khaleej Al Arabi St / Al Jarneen St",
        "nameAr": "شارع الخَلِيج العَرَبي / شارع جرنين",
        "stopNumber": 3036,
        "zoneId": "al-bateen",
        "sourceClass": "observed",
        "source": "adsdiBusStops"
      }
    },
    {
      "type": "Feature",
      "id": "adsdi-bus-3434",
      "geometry": {
        "type": "Point",
        "coordinates": [
          54.390368,
          24.498576
        ]
      },
      "properties": {
        "id": "adsdi-bus-3434",
        "objectId": 3434,
        "gtfsId": 758,
        "code": "00758A",
        "name": "Al Maryah St / Hamouda Bin Ali Al Dhaheri St",
        "nameAr": "شارع المَوْكِب / شارع حمودة بن علي الظاهري",
        "stopNumber": 758,
        "zoneId": "al-maryah",
        "sourceClass": "observed",
        "source": "adsdiBusStops"
      }
    },
    {
      "type": "Feature",
      "id": "adsdi-bus-3397",
      "geometry": {
        "type": "Point",
        "coordinates": [
          54.407805,
          24.495235
        ]
      },
      "properties": {
        "id": "adsdi-bus-3397",
        "objectId": 3397,
        "gtfsId": 1082,
        "code": "01082A",
        "name": "Al 'Oud St / Gate Towers",
        "nameAr": "شارع العُود / أبراج البوابة",
        "stopNumber": 1082,
        "zoneId": "al-reem",
        "sourceClass": "observed",
        "source": "adsdiBusStops"
      }
    },
    {
      "type": "Feature",
      "id": "adsdi-bus-1774",
      "geometry": {
        "type": "Point",
        "coordinates": [
          54.402393,
          24.493288
        ]
      },
      "properties": {
        "id": "adsdi-bus-1774",
        "objectId": 1774,
        "gtfsId": 776,
        "code": "00776A",
        "name": "Al Reem St / Al Zawi St",
        "nameAr": "شارع الرِّيم / شارع الزاوي",
        "stopNumber": 776,
        "zoneId": "al-reem",
        "sourceClass": "observed",
        "source": "adsdiBusStops"
      }
    },
    {
      "type": "Feature",
      "id": "adsdi-bus-2415",
      "geometry": {
        "type": "Point",
        "coordinates": [
          54.536088,
          24.32475
        ]
      },
      "properties": {
        "id": "adsdi-bus-2415",
        "objectId": 2415,
        "gtfsId": 10595,
        "code": "10595A",
        "name": "Naseem Al Barr St / Al Daraj St",
        "nameAr": "شارع نسيم البر/ شارع الدراج",
        "stopNumber": 10595,
        "zoneId": "mbz-zayed-city",
        "sourceClass": "observed",
        "source": "adsdiBusStops"
      }
    },
    {
      "type": "Feature",
      "id": "adsdi-bus-992",
      "geometry": {
        "type": "Point",
        "coordinates": [
          54.479622,
          24.381118
        ]
      },
      "properties": {
        "id": "adsdi-bus-992",
        "objectId": 992,
        "gtfsId": 11012,
        "code": "11012A",
        "name": "St 6 / ADCO",
        "nameAr": "شارع 6 / قاعدة أدكو",
        "stopNumber": 11012,
        "zoneId": "musaffah",
        "sourceClass": "observed",
        "source": "adsdiBusStops"
      }
    },
    {
      "type": "Feature",
      "id": "adsdi-bus-1419",
      "geometry": {
        "type": "Point",
        "coordinates": [
          54.510325,
          24.406926
        ]
      },
      "properties": {
        "id": "adsdi-bus-1419",
        "objectId": 1419,
        "gtfsId": 3092,
        "code": "03092A",
        "name": "Al Dheed St / ADVEC",
        "nameAr": "شارع الذِّيد / مركز أبو ظبي للتعليم المهني",
        "stopNumber": 3092,
        "zoneId": "rabdan-al-maqta",
        "sourceClass": "observed",
        "source": "adsdiBusStops"
      }
    },
    {
      "type": "Feature",
      "id": "adsdi-bus-337",
      "geometry": {
        "type": "Point",
        "coordinates": [
          54.366611,
          24.492287
        ]
      },
      "properties": {
        "id": "adsdi-bus-337",
        "objectId": 337,
        "gtfsId": 521,
        "code": "00521B",
        "name": "Hamdan St / Fatimah Bint Mubarak St",
        "nameAr": "شارع حمدان / شارع فاطمة بنت مبارك",
        "stopNumber": 521,
        "zoneId": "al-danah",
        "sourceClass": "observed",
        "source": "adsdiBusStops"
      }
    },
    {
      "type": "Feature",
      "id": "adsdi-bus-2664",
      "geometry": {
        "type": "Point",
        "coordinates": [
          54.382403,
          24.493723
        ]
      },
      "properties": {
        "id": "adsdi-bus-2664",
        "objectId": 2664,
        "gtfsId": 1009,
        "code": "01009B",
        "name": "Al Zahiyah St / Khalifa Residential Complex",
        "nameAr": "شارع الزَّاهِيَة / مجمع خليفة",
        "stopNumber": 1009,
        "zoneId": "al-zahiyah",
        "sourceClass": "observed",
        "source": "adsdiBusStops"
      }
    },
    {
      "type": "Feature",
      "id": "adsdi-bus-1582",
      "geometry": {
        "type": "Point",
        "coordinates": [
          54.435586,
          24.521465
        ]
      },
      "properties": {
        "id": "adsdi-bus-1582",
        "objectId": 1582,
        "gtfsId": 1182,
        "code": "01182A",
        "name": "Saadiyat New York University 3",
        "nameAr": "جامعة نيويورك السعديات 3",
        "stopNumber": 1182,
        "zoneId": "al-saadiyat",
        "sourceClass": "observed",
        "source": "adsdiBusStops"
      }
    },
    {
      "type": "Feature",
      "id": "adsdi-bus-941",
      "geometry": {
        "type": "Point",
        "coordinates": [
          54.492894,
          24.343014
        ]
      },
      "properties": {
        "id": "adsdi-bus-941",
        "objectId": 941,
        "gtfsId": 11660,
        "code": "11660A",
        "name": "St 11 / ADNOC",
        "nameAr": "شارع 11 / ادنوك",
        "stopNumber": 11660,
        "zoneId": "musaffah",
        "sourceClass": "observed",
        "source": "adsdiBusStops"
      }
    },
    {
      "type": "Feature",
      "id": "adsdi-bus-388",
      "geometry": {
        "type": "Point",
        "coordinates": [
          54.562176,
          24.314999
        ]
      },
      "properties": {
        "id": "adsdi-bus-388",
        "objectId": 388,
        "gtfsId": 10678,
        "code": "10678A",
        "name": "Al Nasr St / ADVETI",
        "nameAr": "ش. النصر/ معهد ابوظبي للتعليم و التدريب المهني",
        "stopNumber": 10678,
        "zoneId": "mbz-zayed-city",
        "sourceClass": "observed",
        "source": "adsdiBusStops"
      }
    },
    {
      "type": "Feature",
      "id": "adsdi-bus-2023",
      "geometry": {
        "type": "Point",
        "coordinates": [
          54.491385,
          24.374575
        ]
      },
      "properties": {
        "id": "adsdi-bus-2023",
        "objectId": 2023,
        "gtfsId": 11644,
        "code": "11644A",
        "name": "St 11 / St 16",
        "nameAr": "ش. 11/ ش. 16",
        "stopNumber": 11644,
        "zoneId": "musaffah",
        "sourceClass": "observed",
        "source": "adsdiBusStops"
      }
    },
    {
      "type": "Feature",
      "id": "adsdi-bus-3056",
      "geometry": {
        "type": "Point",
        "coordinates": [
          54.44684,
          24.423485
        ]
      },
      "properties": {
        "id": "adsdi-bus-3056",
        "objectId": 3056,
        "gtfsId": 2467,
        "code": "02467B",
        "name": "Saif Ghobash St / Health Authority Abu Dhabi",
        "nameAr": "شارع سيف غُباش / هيئة الصحة أبوظبي",
        "stopNumber": 2467,
        "zoneId": "al-rawdah",
        "sourceClass": "observed",
        "source": "adsdiBusStops"
      }
    },
    {
      "type": "Feature",
      "id": "adsdi-bus-929",
      "geometry": {
        "type": "Point",
        "coordinates": [
          54.391279,
          24.499475
        ]
      },
      "properties": {
        "id": "adsdi-bus-929",
        "objectId": 929,
        "gtfsId": 948,
        "code": "00948A",
        "name": "Hamouda Bin Ali Al Dhaheri St / Cleveland Clinic",
        "nameAr": "شارع حمودة بن علي الظاهري / عيادة كليفلاند",
        "stopNumber": 948,
        "zoneId": "al-maryah",
        "sourceClass": "observed",
        "source": "adsdiBusStops"
      }
    },
    {
      "type": "Feature",
      "id": "adsdi-bus-3448",
      "geometry": {
        "type": "Point",
        "coordinates": [
          54.590602,
          24.336202
        ]
      },
      "properties": {
        "id": "adsdi-bus-3448",
        "objectId": 3448,
        "gtfsId": 15010,
        "code": "15010A",
        "name": "Naseem Al Barr St / Military School",
        "nameAr": "ش. نسيم البر/ المدرسة العسكرية",
        "stopNumber": 15010,
        "zoneId": "mbz-zayed-city",
        "sourceClass": "observed",
        "source": "adsdiBusStops"
      }
    },
    {
      "type": "Feature",
      "id": "adsdi-bus-543",
      "geometry": {
        "type": "Point",
        "coordinates": [
          54.564958,
          24.316024
        ]
      },
      "properties": {
        "id": "adsdi-bus-543",
        "objectId": 543,
        "gtfsId": 10680,
        "code": "10680B",
        "name": "Al Thamoudi St / Al Shaghouf St",
        "nameAr": "شارع الثمودي / شارع الشغوف",
        "stopNumber": 10680,
        "zoneId": "mbz-zayed-city",
        "sourceClass": "observed",
        "source": "adsdiBusStops"
      }
    },
    {
      "type": "Feature",
      "id": "adsdi-bus-3199",
      "geometry": {
        "type": "Point",
        "coordinates": [
          54.491155,
          24.379476
        ]
      },
      "properties": {
        "id": "adsdi-bus-3199",
        "objectId": 3199,
        "gtfsId": 11642,
        "code": "11642A",
        "name": "St 11/ St 6",
        "nameAr": "ش. 11/ ش. 6",
        "stopNumber": 11642,
        "zoneId": "musaffah",
        "sourceClass": "observed",
        "source": "adsdiBusStops"
      }
    },
    {
      "type": "Feature",
      "id": "adsdi-bus-786",
      "geometry": {
        "type": "Point",
        "coordinates": [
          54.510933,
          24.370864
        ]
      },
      "properties": {
        "id": "adsdi-bus-786",
        "objectId": 786,
        "gtfsId": 11704,
        "code": "11704B",
        "name": "St 15 / Emirates Transport",
        "nameAr": "شارع 15 / مواصلات الامارات",
        "stopNumber": 11704,
        "zoneId": "musaffah",
        "sourceClass": "observed",
        "source": "adsdiBusStops"
      }
    },
    {
      "type": "Feature",
      "id": "adsdi-bus-2956",
      "geometry": {
        "type": "Point",
        "coordinates": [
          54.461047,
          24.416472
        ]
      },
      "properties": {
        "id": "adsdi-bus-2956",
        "objectId": 2956,
        "gtfsId": 2481,
        "code": "02481A",
        "name": "Saif Ghobash St / Mediclinic Hospital",
        "nameAr": "شارع سيف غُباش / مستشفى ميديكلينك",
        "stopNumber": 2481,
        "zoneId": "al-rawdah",
        "sourceClass": "observed",
        "source": "adsdiBusStops"
      }
    },
    {
      "type": "Feature",
      "id": "adsdi-bus-294",
      "geometry": {
        "type": "Point",
        "coordinates": [
          54.439308,
          24.438814
        ]
      },
      "properties": {
        "id": "adsdi-bus-294",
        "objectId": 294,
        "gtfsId": 3109,
        "code": "03109B",
        "name": "Dhafeer St / Al Daffah St",
        "nameAr": "شارع ظفير / شارع الدَّفَّة",
        "stopNumber": 3109,
        "zoneId": "muroor-al-saadah",
        "sourceClass": "observed",
        "source": "adsdiBusStops"
      }
    },
    {
      "type": "Feature",
      "id": "adsdi-bus-45",
      "geometry": {
        "type": "Point",
        "coordinates": [
          54.604747,
          24.493236
        ]
      },
      "properties": {
        "id": "adsdi-bus-45",
        "objectId": 45,
        "gtfsId": 19514,
        "code": "19514A",
        "name": "Al Maha St / Police Station",
        "nameAr": "شارع المَهَا / مركز الشرطة",
        "stopNumber": 19514,
        "zoneId": "yas-island",
        "sourceClass": "observed",
        "source": "adsdiBusStops"
      }
    },
    {
      "type": "Feature",
      "id": "adsdi-bus-637",
      "geometry": {
        "type": "Point",
        "coordinates": [
          54.568896,
          24.316532
        ]
      },
      "properties": {
        "id": "adsdi-bus-637",
        "objectId": 637,
        "gtfsId": 10681,
        "code": "10681A",
        "name": "Al Thamoundi St / Al Ghanadeer St",
        "nameAr": "شارع الثمودي/ شارع الغنادير",
        "stopNumber": 10681,
        "zoneId": "mbz-zayed-city",
        "sourceClass": "observed",
        "source": "adsdiBusStops"
      }
    },
    {
      "type": "Feature",
      "id": "adsdi-bus-2807",
      "geometry": {
        "type": "Point",
        "coordinates": [
          54.478145,
          24.380884
        ]
      },
      "properties": {
        "id": "adsdi-bus-2807",
        "objectId": 2807,
        "gtfsId": 11012,
        "code": "11012B",
        "name": "St 6 / ADCO",
        "nameAr": "شارع 6 / قاعدة أدكو",
        "stopNumber": 11012,
        "zoneId": "musaffah",
        "sourceClass": "observed",
        "source": "adsdiBusStops"
      }
    },
    {
      "type": "Feature",
      "id": "adsdi-bus-1135",
      "geometry": {
        "type": "Point",
        "coordinates": [
          54.333781,
          24.46854
        ]
      },
      "properties": {
        "id": "adsdi-bus-1135",
        "objectId": 1135,
        "gtfsId": 119,
        "code": "00119A",
        "name": "Corniche St / Family Beach",
        "nameAr": "شارع الكورنيش /  حديقة العائلة",
        "stopNumber": 119,
        "zoneId": "al-bateen",
        "sourceClass": "observed",
        "source": "adsdiBusStops"
      }
    },
    {
      "type": "Feature",
      "id": "adsdi-bus-3248",
      "geometry": {
        "type": "Point",
        "coordinates": [
          54.564542,
          24.316374
        ]
      },
      "properties": {
        "id": "adsdi-bus-3248",
        "objectId": 3248,
        "gtfsId": 10680,
        "code": "10680A",
        "name": "Al Thamoudi St / Al Shaghouf St",
        "nameAr": "شارع الثمودي / شارع الشغوف",
        "stopNumber": 10680,
        "zoneId": "mbz-zayed-city",
        "sourceClass": "observed",
        "source": "adsdiBusStops"
      }
    },
    {
      "type": "Feature",
      "id": "adsdi-bus-2658",
      "geometry": {
        "type": "Point",
        "coordinates": [
          54.496176,
          24.372905
        ]
      },
      "properties": {
        "id": "adsdi-bus-2658",
        "objectId": 2658,
        "gtfsId": 11066,
        "code": "11066A",
        "name": "St 8 / United Bank",
        "nameAr": "شارع 8 / يونايتد بنك",
        "stopNumber": 11066,
        "zoneId": "musaffah",
        "sourceClass": "observed",
        "source": "adsdiBusStops"
      }
    },
    {
      "type": "Feature",
      "id": "adsdi-bus-1084",
      "geometry": {
        "type": "Point",
        "coordinates": [
          54.574603,
          24.438245
        ]
      },
      "properties": {
        "id": "adsdi-bus-1084",
        "objectId": 1084,
        "gtfsId": 16016,
        "code": "16016B",
        "name": "Channel St / Al Raha Mall",
        "nameAr": "شارع القناة / الراحة مول",
        "stopNumber": 16016,
        "zoneId": "al-raha",
        "sourceClass": "observed",
        "source": "adsdiBusStops"
      }
    },
    {
      "type": "Feature",
      "id": "adsdi-bus-3740",
      "geometry": {
        "type": "Point",
        "coordinates": [
          54.373798,
          24.495402
        ]
      },
      "properties": {
        "id": "adsdi-bus-3740",
        "objectId": 3740,
        "gtfsId": 808,
        "code": "00808B",
        "name": "Shk. Zayed Bin Sultn St / Hamdan St",
        "nameAr": "شارع الشيخ زايد بن سلطان \\ شارع حمدان",
        "stopNumber": 808,
        "zoneId": "al-danah",
        "sourceClass": "observed",
        "source": "adsdiBusStops"
      }
    },
    {
      "type": "Feature",
      "id": "adsdi-bus-2409",
      "geometry": {
        "type": "Point",
        "coordinates": [
          54.451101,
          24.55763
        ]
      },
      "properties": {
        "id": "adsdi-bus-2409",
        "objectId": 2409,
        "gtfsId": 1167,
        "code": "01167A",
        "name": "Al Tilal St / Saadiyat Beach Club",
        "nameAr": "شارع التِّلاَل / نادي شاطئ السعديات",
        "stopNumber": 1167,
        "zoneId": "al-saadiyat",
        "sourceClass": "observed",
        "source": "adsdiBusStops"
      }
    },
    {
      "type": "Feature",
      "id": "adsdi-bus-641",
      "geometry": {
        "type": "Point",
        "coordinates": [
          54.537001,
          24.363077
        ]
      },
      "properties": {
        "id": "adsdi-bus-641",
        "objectId": 641,
        "gtfsId": 10102,
        "code": "10102A",
        "name": "Al Anwar St / Al Raja St",
        "nameAr": "شارع الأنوار / شارع الرجاء",
        "stopNumber": 10102,
        "zoneId": "mbz-zayed-city",
        "sourceClass": "observed",
        "source": "adsdiBusStops"
      }
    },
    {
      "type": "Feature",
      "id": "adsdi-bus-380",
      "geometry": {
        "type": "Point",
        "coordinates": [
          54.437468,
          24.432665
        ]
      },
      "properties": {
        "id": "adsdi-bus-380",
        "objectId": 380,
        "gtfsId": 471,
        "code": "00471B",
        "name": "Sultan Bin Zayed St / Dhafeer St",
        "nameAr": "شارع سلطان بن زايد/ شارع ظفير",
        "stopNumber": 471,
        "zoneId": "muroor-al-saadah",
        "sourceClass": "observed",
        "source": "adsdiBusStops"
      }
    },
    {
      "type": "Feature",
      "id": "adsdi-bus-403",
      "geometry": {
        "type": "Point",
        "coordinates": [
          54.546166,
          24.315314
        ]
      },
      "properties": {
        "id": "adsdi-bus-403",
        "objectId": 403,
        "gtfsId": 10672,
        "code": "10672B",
        "name": "Al Mahazim St / Al Daye St",
        "nameAr": "شارع المحازم / شارع الضي",
        "stopNumber": 10672,
        "zoneId": "mbz-zayed-city",
        "sourceClass": "observed",
        "source": "adsdiBusStops"
      }
    },
    {
      "type": "Feature",
      "id": "adsdi-bus-3274",
      "geometry": {
        "type": "Point",
        "coordinates": [
          54.377262,
          24.509669
        ]
      },
      "properties": {
        "id": "adsdi-bus-3274",
        "objectId": 3274,
        "gtfsId": 324,
        "code": "00324A",
        "name": "Al Meena St / India Social Centre",
        "nameAr": "شارع الميناء / المركز الهندي",
        "stopNumber": 324,
        "zoneId": "al-zahiyah",
        "sourceClass": "observed",
        "source": "adsdiBusStops"
      }
    },
    {
      "type": "Feature",
      "id": "adsdi-bus-595",
      "geometry": {
        "type": "Point",
        "coordinates": [
          54.570808,
          24.326129
        ]
      },
      "properties": {
        "id": "adsdi-bus-595",
        "objectId": 595,
        "gtfsId": 10616,
        "code": "10616A",
        "name": "Naseem Al Barr St / Al 'Ayni St",
        "nameAr": "شارع نسيم البر/ شارع العَيْني",
        "stopNumber": 10616,
        "zoneId": "mbz-zayed-city",
        "sourceClass": "observed",
        "source": "adsdiBusStops"
      }
    },
    {
      "type": "Feature",
      "id": "adsdi-bus-426",
      "geometry": {
        "type": "Point",
        "coordinates": [
          54.481146,
          24.374383
        ]
      },
      "properties": {
        "id": "adsdi-bus-426",
        "objectId": 426,
        "gtfsId": 11592,
        "code": "11592B",
        "name": "St 9 / St 8",
        "nameAr": "شارع 9 \\ شارع 8",
        "stopNumber": 11592,
        "zoneId": "musaffah",
        "sourceClass": "observed",
        "source": "adsdiBusStops"
      }
    },
    {
      "type": "Feature",
      "id": "adsdi-bus-758",
      "geometry": {
        "type": "Point",
        "coordinates": [
          54.53517,
          24.427145
        ]
      },
      "properties": {
        "id": "adsdi-bus-758",
        "objectId": 758,
        "gtfsId": 16010,
        "code": "16010B",
        "name": "Channel St / Department Search and Rescue",
        "nameAr": "الرَّاحَة, شارع القناة / مركز البحث و الانقاذ",
        "stopNumber": 16010,
        "zoneId": "al-raha",
        "sourceClass": "observed",
        "source": "adsdiBusStops"
      }
    },
    {
      "type": "Feature",
      "id": "adsdi-bus-927",
      "geometry": {
        "type": "Point",
        "coordinates": [
          54.39577,
          24.435147
        ]
      },
      "properties": {
        "id": "adsdi-bus-927",
        "objectId": 927,
        "gtfsId": 2434,
        "code": "02434B",
        "name": "Al Karamah St / Al Tawaan School",
        "nameAr": "شارع العَبِير/ مدرسة  التعاون",
        "stopNumber": 2434,
        "zoneId": "al-mushrif",
        "sourceClass": "observed",
        "source": "adsdiBusStops"
      }
    },
    {
      "type": "Feature",
      "id": "adsdi-bus-2919",
      "geometry": {
        "type": "Point",
        "coordinates": [
          54.337587,
          24.457398
        ]
      },
      "properties": {
        "id": "adsdi-bus-2919",
        "objectId": 2919,
        "gtfsId": 3417,
        "code": "03417A",
        "name": "King Abdullah bin Abdulaziz Al Saud St / ADEC",
        "nameAr": "شارع الملك عبدالله بن عبدالعزيز آل سعود / مجلس ابوظبي التنفيذي",
        "stopNumber": 3417,
        "zoneId": "al-bateen",
        "sourceClass": "observed",
        "source": "adsdiBusStops"
      }
    },
    {
      "type": "Feature",
      "id": "adsdi-bus-3512",
      "geometry": {
        "type": "Point",
        "coordinates": [
          54.590037,
          24.496622
        ]
      },
      "properties": {
        "id": "adsdi-bus-3512",
        "objectId": 3512,
        "gtfsId": 19332,
        "code": "19332A",
        "name": "Al Athari St / Yas Drive",
        "nameAr": "شارع الأثري / درب يَاس",
        "stopNumber": 19332,
        "zoneId": "yas-island",
        "sourceClass": "observed",
        "source": "adsdiBusStops"
      }
    },
    {
      "type": "Feature",
      "id": "adsdi-bus-1113",
      "geometry": {
        "type": "Point",
        "coordinates": [
          54.50161,
          24.366299
        ]
      },
      "properties": {
        "id": "adsdi-bus-1113",
        "objectId": 1113,
        "gtfsId": 11686,
        "code": "11686A",
        "name": "St 13 / Ministry Of Education And Youth",
        "nameAr": "ش. 13/ وزارة التربية و التعليم",
        "stopNumber": 11686,
        "zoneId": "musaffah",
        "sourceClass": "observed",
        "source": "adsdiBusStops"
      }
    },
    {
      "type": "Feature",
      "id": "adsdi-bus-3535",
      "geometry": {
        "type": "Point",
        "coordinates": [
          54.507166,
          24.407595
        ]
      },
      "properties": {
        "id": "adsdi-bus-3535",
        "objectId": 3535,
        "gtfsId": 3090,
        "code": "03090B",
        "name": "Al Dheed St / Dayah St",
        "nameAr": "شارع الذِّيد/ شارع الداية",
        "stopNumber": 3090,
        "zoneId": "rabdan-al-maqta",
        "sourceClass": "observed",
        "source": "adsdiBusStops"
      }
    },
    {
      "type": "Feature",
      "id": "adsdi-bus-572",
      "geometry": {
        "type": "Point",
        "coordinates": [
          54.377826,
          24.475478
        ]
      },
      "properties": {
        "id": "adsdi-bus-572",
        "objectId": 572,
        "gtfsId": 1123,
        "code": "01123B",
        "name": "Hazzaʹ Bin Zayed St / HCT",
        "nameAr": "شارع هزاع بن زايد/  كلية أبوظبي للطالبات",
        "stopNumber": 1123,
        "zoneId": "al-danah",
        "sourceClass": "observed",
        "source": "adsdiBusStops"
      }
    },
    {
      "type": "Feature",
      "id": "adsdi-bus-1806",
      "geometry": {
        "type": "Point",
        "coordinates": [
          54.505303,
          24.372783
        ]
      },
      "properties": {
        "id": "adsdi-bus-1806",
        "objectId": 1806,
        "gtfsId": 11068,
        "code": "11068B",
        "name": "St 8 / Abu Dhabi Islamic Bank",
        "nameAr": "شارع 8 / مصرف ابوظبي الاسلامي",
        "stopNumber": 11068,
        "zoneId": "musaffah",
        "sourceClass": "observed",
        "source": "adsdiBusStops"
      }
    },
    {
      "type": "Feature",
      "id": "adsdi-bus-2796",
      "geometry": {
        "type": "Point",
        "coordinates": [
          54.569393,
          24.425607
        ]
      },
      "properties": {
        "id": "adsdi-bus-2796",
        "objectId": 2796,
        "gtfsId": 16100,
        "code": "16100B",
        "name": "Stop 16100",
        "nameAr": "موقف 16100",
        "stopNumber": 16100,
        "zoneId": "khalifa-city",
        "sourceClass": "observed",
        "source": "adsdiBusStops"
      }
    },
    {
      "type": "Feature",
      "id": "adsdi-bus-804",
      "geometry": {
        "type": "Point",
        "coordinates": [
          54.371081,
          24.477818
        ]
      },
      "properties": {
        "id": "adsdi-bus-804",
        "objectId": 804,
        "gtfsId": 413,
        "code": "00413B",
        "name": "Sultan Bin Zayed St / Al Falah St 2",
        "nameAr": "شارع سلطان بن زايد/ شارع الفلاح  (2",
        "stopNumber": 413,
        "zoneId": "al-danah",
        "sourceClass": "observed",
        "source": "adsdiBusStops"
      }
    },
    {
      "type": "Feature",
      "id": "adsdi-bus-140",
      "geometry": {
        "type": "Point",
        "coordinates": [
          54.433051,
          24.542068
        ]
      },
      "properties": {
        "id": "adsdi-bus-140",
        "objectId": 140,
        "gtfsId": 1158,
        "code": "01158A",
        "name": "Shati Al Sa'diyat St / Park Hyatt Hotel 1",
        "nameAr": "شارع شَاطئ السَّعْدِيات / فندف بارك حياة 1",
        "stopNumber": 1158,
        "zoneId": "al-saadiyat",
        "sourceClass": "observed",
        "source": "adsdiBusStops"
      }
    },
    {
      "type": "Feature",
      "id": "adsdi-bus-1165",
      "geometry": {
        "type": "Point",
        "coordinates": [
          54.552301,
          24.363843
        ]
      },
      "properties": {
        "id": "adsdi-bus-1165",
        "objectId": 1165,
        "gtfsId": 12066,
        "code": "12066A",
        "name": "Al Ithar St / Ruba St",
        "nameAr": "ش. الايثار/ ش. ربى",
        "stopNumber": 12066,
        "zoneId": "mbz-zayed-city",
        "sourceClass": "observed",
        "source": "adsdiBusStops"
      }
    },
    {
      "type": "Feature",
      "id": "adsdi-bus-3157",
      "geometry": {
        "type": "Point",
        "coordinates": [
          54.513806,
          24.368623
        ]
      },
      "properties": {
        "id": "adsdi-bus-3157",
        "objectId": 3157,
        "gtfsId": 11090,
        "code": "11090B",
        "name": "St 10 / St 15",
        "nameAr": "شارع 10 / شارع 15",
        "stopNumber": 11090,
        "zoneId": "musaffah",
        "sourceClass": "observed",
        "source": "adsdiBusStops"
      }
    },
    {
      "type": "Feature",
      "id": "adsdi-bus-2493",
      "geometry": {
        "type": "Point",
        "coordinates": [
          54.477671,
          24.413335
        ]
      },
      "properties": {
        "id": "adsdi-bus-2493",
        "objectId": 2493,
        "gtfsId": 3901,
        "code": "03901B",
        "name": "Wahat Al Karama St / Sheikh Zayed Grand Mosque",
        "nameAr": "شارع واحة الكرامة / جامع الشيخ زايد الكبير",
        "stopNumber": 3901,
        "zoneId": "al-rawdah",
        "sourceClass": "observed",
        "source": "adsdiBusStops"
      }
    },
    {
      "type": "Feature",
      "id": "adsdi-bus-3483",
      "geometry": {
        "type": "Point",
        "coordinates": [
          54.437001,
          24.421992
        ]
      },
      "properties": {
        "id": "adsdi-bus-3483",
        "objectId": 3483,
        "gtfsId": 2452,
        "code": "02452A",
        "name": "Al Ma'arid St / ADNEC",
        "nameAr": "شارع المعَارِض/ مركز ابوظبي الوطني للمعارض",
        "stopNumber": 2452,
        "zoneId": "al-rawdah",
        "sourceClass": "observed",
        "source": "adsdiBusStops"
      }
    },
    {
      "type": "Feature",
      "id": "adsdi-bus-163",
      "geometry": {
        "type": "Point",
        "coordinates": [
          54.432108,
          24.433446
        ]
      },
      "properties": {
        "id": "adsdi-bus-163",
        "objectId": 163,
        "gtfsId": 467,
        "code": "00467B",
        "name": "Sultan Bin Zayed St / Rabdan St",
        "nameAr": "شارع سلطان بن زايد/ شارع ربدان",
        "stopNumber": 467,
        "zoneId": "muroor-al-saadah",
        "sourceClass": "observed",
        "source": "adsdiBusStops"
      }
    },
    {
      "type": "Feature",
      "id": "adsdi-bus-1683",
      "geometry": {
        "type": "Point",
        "coordinates": [
          54.532541,
          24.342037
        ]
      },
      "properties": {
        "id": "adsdi-bus-1683",
        "objectId": 1683,
        "gtfsId": 10160,
        "code": "10160B",
        "name": "Al Suwwah St / Al Heefah St",
        "nameAr": "شارع السُوَّاح / شارع الحِيفَة",
        "stopNumber": 10160,
        "zoneId": "mbz-zayed-city",
        "sourceClass": "observed",
        "source": "adsdiBusStops"
      }
    },
    {
      "type": "Feature",
      "id": "adsdi-bus-3506",
      "geometry": {
        "type": "Point",
        "coordinates": [
          54.542772,
          24.312886
        ]
      },
      "properties": {
        "id": "adsdi-bus-3506",
        "objectId": 3506,
        "gtfsId": 10134,
        "code": "10134A",
        "name": "Al Anwar St / Tawwaq St",
        "nameAr": "شارع الأنوار/ شارع تواق",
        "stopNumber": 10134,
        "zoneId": "mbz-zayed-city",
        "sourceClass": "observed",
        "source": "adsdiBusStops"
      }
    },
    {
      "type": "Feature",
      "id": "adsdi-bus-1019",
      "geometry": {
        "type": "Point",
        "coordinates": [
          54.502342,
          24.352374
        ]
      },
      "properties": {
        "id": "adsdi-bus-1019",
        "objectId": 1019,
        "gtfsId": 11690,
        "code": "11690A",
        "name": "St 13 /St 14",
        "nameAr": "ش. 13/ ش. 14",
        "stopNumber": 11690,
        "zoneId": "musaffah",
        "sourceClass": "observed",
        "source": "adsdiBusStops"
      }
    },
    {
      "type": "Feature",
      "id": "adsdi-bus-850",
      "geometry": {
        "type": "Point",
        "coordinates": [
          54.350531,
          24.455515
        ]
      },
      "properties": {
        "id": "adsdi-bus-850",
        "objectId": 850,
        "gtfsId": 3213,
        "code": "03213B",
        "name": "Al Bateen St / Hazzaʹ Bin Zayed St",
        "nameAr": "شارع البطين / شارع هزاع بن زايد",
        "stopNumber": 3213,
        "zoneId": "al-bateen",
        "sourceClass": "observed",
        "source": "adsdiBusStops"
      }
    },
    {
      "type": "Feature",
      "id": "adsdi-bus-3675",
      "geometry": {
        "type": "Point",
        "coordinates": [
          54.392615,
          24.455114
        ]
      },
      "properties": {
        "id": "adsdi-bus-3675",
        "objectId": 3675,
        "gtfsId": 435,
        "code": "00435B",
        "name": "Sultan Bin Zayed St/ ECSSR",
        "nameAr": "شارع سلطان بن زايد/ مركز الامارات للدراسات والبحوث الاستراتيجية",
        "stopNumber": 435,
        "zoneId": "al-nahyan",
        "sourceClass": "observed",
        "source": "adsdiBusStops"
      }
    },
    {
      "type": "Feature",
      "id": "adsdi-bus-2178",
      "geometry": {
        "type": "Point",
        "coordinates": [
          54.361123,
          24.470893
        ]
      },
      "properties": {
        "id": "adsdi-bus-2178",
        "objectId": 2178,
        "gtfsId": 2401,
        "code": "02401B",
        "name": "Al Karamah St / Al Falah St",
        "nameAr": "شارع الكرامة / شارع الفلاح",
        "stopNumber": 2401,
        "zoneId": "al-manhal-karamah",
        "sourceClass": "observed",
        "source": "adsdiBusStops"
      }
    },
    {
      "type": "Feature",
      "id": "adsdi-bus-432",
      "geometry": {
        "type": "Point",
        "coordinates": [
          54.376481,
          24.464239
        ]
      },
      "properties": {
        "id": "adsdi-bus-432",
        "objectId": 432,
        "gtfsId": 231,
        "code": "00231A",
        "name": "Shk. Rashid Bin Saeed St / ADFCA",
        "nameAr": "شارع راشد بن سعيد / جهاز أبوظبي للرقابة الغذائية",
        "stopNumber": 231,
        "zoneId": "al-nahyan",
        "sourceClass": "observed",
        "source": "adsdiBusStops"
      }
    },
    {
      "type": "Feature",
      "id": "adsdi-bus-186",
      "geometry": {
        "type": "Point",
        "coordinates": [
          54.396338,
          24.498387
        ]
      },
      "properties": {
        "id": "adsdi-bus-186",
        "objectId": 186,
        "gtfsId": 762,
        "code": "00762B",
        "name": "Al Maryah St / Al Rami St 2",
        "nameAr": "شارع المارِية / شارع الرامي (2",
        "stopNumber": 762,
        "zoneId": "al-reem",
        "sourceClass": "observed",
        "source": "adsdiBusStops"
      }
    },
    {
      "type": "Feature",
      "id": "adsdi-bus-2988",
      "geometry": {
        "type": "Point",
        "coordinates": [
          54.354728,
          24.468839
        ]
      },
      "properties": {
        "id": "adsdi-bus-2988",
        "objectId": 2988,
        "gtfsId": 2613,
        "code": "02613A",
        "name": "Mubarak Bin Mohammed St / Al Falah St",
        "nameAr": "شارع مبارك بن محمد / شارع الفلاح",
        "stopNumber": 2613,
        "zoneId": "al-manhal-karamah",
        "sourceClass": "observed",
        "source": "adsdiBusStops"
      }
    },
    {
      "type": "Feature",
      "id": "adsdi-bus-455",
      "geometry": {
        "type": "Point",
        "coordinates": [
          54.362828,
          24.478767
        ]
      },
      "properties": {
        "id": "adsdi-bus-455",
        "objectId": 455,
        "gtfsId": 211,
        "code": "00211A",
        "name": "Shk. Rashid Bin Saeed St / Etisalat",
        "nameAr": "شارع الشيخ راشد بن سعيد/ اتصالات",
        "stopNumber": 211,
        "zoneId": "al-danah",
        "sourceClass": "observed",
        "source": "adsdiBusStops"
      }
    },
    {
      "type": "Feature",
      "id": "adsdi-bus-1119",
      "geometry": {
        "type": "Point",
        "coordinates": [
          54.40939,
          24.503695
        ]
      },
      "properties": {
        "id": "adsdi-bus-1119",
        "objectId": 1119,
        "gtfsId": 1088,
        "code": "01088B",
        "name": "Al 'Oud St / Union National Bank",
        "nameAr": "شارع العُود / بنك الاتحاد الوطني",
        "stopNumber": 1088,
        "zoneId": "al-reem",
        "sourceClass": "observed",
        "source": "adsdiBusStops"
      }
    },
    {
      "type": "Feature",
      "id": "adsdi-bus-1537",
      "geometry": {
        "type": "Point",
        "coordinates": [
          54.419441,
          24.532706
        ]
      },
      "properties": {
        "id": "adsdi-bus-1537",
        "objectId": 1537,
        "gtfsId": 1154,
        "code": "01154A",
        "name": "Manarat Al Saadiyat",
        "nameAr": "منارة السعديات",
        "stopNumber": 1154,
        "zoneId": "al-saadiyat",
        "sourceClass": "observed",
        "source": "adsdiBusStops"
      }
    },
    {
      "type": "Feature",
      "id": "adsdi-bus-3967",
      "geometry": {
        "type": "Point",
        "coordinates": [
          54.591382,
          24.303796
        ]
      },
      "properties": {
        "id": "adsdi-bus-3967",
        "objectId": 3967,
        "gtfsId": 10692,
        "code": "10692A",
        "name": "Al Thamoudi St  / Al Angham St",
        "nameAr": "ش. الثمودي/ ش. الأنغام",
        "stopNumber": 10692,
        "zoneId": "mbz-zayed-city",
        "sourceClass": "observed",
        "source": "adsdiBusStops"
      }
    },
    {
      "type": "Feature",
      "id": "adsdi-bus-2295",
      "geometry": {
        "type": "Point",
        "coordinates": [
          54.464793,
          24.415067
        ]
      },
      "properties": {
        "id": "adsdi-bus-2295",
        "objectId": 2295,
        "gtfsId": 2483,
        "code": "02483D",
        "name": "Saif Ghobash St / Ministry of Interior",
        "nameAr": "شارع سيف غُباش / وزارة الداخلية",
        "stopNumber": 2483,
        "zoneId": "al-rawdah",
        "sourceClass": "observed",
        "source": "adsdiBusStops"
      }
    },
    {
      "type": "Feature",
      "id": "adsdi-bus-3220",
      "geometry": {
        "type": "Point",
        "coordinates": [
          54.566814,
          24.420051
        ]
      },
      "properties": {
        "id": "adsdi-bus-3220",
        "objectId": 3220,
        "gtfsId": 16622,
        "code": "16622A",
        "name": "Theyab Bin Eissa St / Sas Al Nakhl School",
        "nameAr": "شارع ذياب بن عيسى / مدرسة ساس النخل",
        "stopNumber": 16622,
        "zoneId": "khalifa-city",
        "sourceClass": "observed",
        "source": "adsdiBusStops"
      }
    },
    {
      "type": "Feature",
      "id": "adsdi-bus-1643",
      "geometry": {
        "type": "Point",
        "coordinates": [
          54.381302,
          24.450015
        ]
      },
      "properties": {
        "id": "adsdi-bus-1643",
        "objectId": 1643,
        "gtfsId": 2422,
        "code": "02422A",
        "name": "Al Karamah St / Al Mushrif GardenGarden",
        "nameAr": "شارع الكرامة / حديقة المشرف",
        "stopNumber": 2422,
        "zoneId": "al-mushrif",
        "sourceClass": "observed",
        "source": "adsdiBusStops"
      }
    },
    {
      "type": "Feature",
      "id": "adsdi-bus-1892",
      "geometry": {
        "type": "Point",
        "coordinates": [
          54.373577,
          24.493406
        ]
      },
      "properties": {
        "id": "adsdi-bus-1892",
        "objectId": 1892,
        "gtfsId": 745,
        "code": "00745B",
        "name": "Zayed The First St / Al Khabiyah St",
        "nameAr": "شارع زايد الأول / شارع الخَابِيَة",
        "stopNumber": 745,
        "zoneId": "al-danah",
        "sourceClass": "observed",
        "source": "adsdiBusStops"
      }
    },
    {
      "type": "Feature",
      "id": "adsdi-bus-624",
      "geometry": {
        "type": "Point",
        "coordinates": [
          54.442124,
          24.419747
        ]
      },
      "properties": {
        "id": "adsdi-bus-624",
        "objectId": 624,
        "gtfsId": 2470,
        "code": "02470C",
        "name": "Al Zumurrud St / ADNEC",
        "nameAr": "شارع الزُمرُّد / مركز ابوظبي الوطني للمعارض",
        "stopNumber": 2470,
        "zoneId": "al-rawdah",
        "sourceClass": "observed",
        "source": "adsdiBusStops"
      }
    },
    {
      "type": "Feature",
      "id": "adsdi-bus-2247",
      "geometry": {
        "type": "Point",
        "coordinates": [
          54.604608,
          24.448819
        ]
      },
      "properties": {
        "id": "adsdi-bus-2247",
        "objectId": 2247,
        "gtfsId": 16022,
        "code": "16022A",
        "name": "Al Rahah St / Etihad Airways Centre",
        "nameAr": "شارع الرَّاحَة / مركز طيران الاتحاد",
        "stopNumber": 16022,
        "zoneId": "al-raha",
        "sourceClass": "observed",
        "source": "adsdiBusStops"
      }
    },
    {
      "type": "Feature",
      "id": "adsdi-bus-1952",
      "geometry": {
        "type": "Point",
        "coordinates": [
          54.37388,
          24.481979
        ]
      },
      "properties": {
        "id": "adsdi-bus-1952",
        "objectId": 1952,
        "gtfsId": 927,
        "code": "00927B",
        "name": "Al Falah St / Al Danah Mosque",
        "nameAr": "شارع الفلاح / مسجد الدانة",
        "stopNumber": 927,
        "zoneId": "al-danah",
        "sourceClass": "observed",
        "source": "adsdiBusStops"
      }
    },
    {
      "type": "Feature",
      "id": "adsdi-bus-956",
      "geometry": {
        "type": "Point",
        "coordinates": [
          54.376338,
          24.490941
        ]
      },
      "properties": {
        "id": "adsdi-bus-956",
        "objectId": 956,
        "gtfsId": 757,
        "code": "00757A",
        "name": "Al Mawkib St / Abu Dhabi Food Control Authority",
        "nameAr": "شارع المَوْكِب / هيئة ابوظبي للرقابة الغذائية",
        "stopNumber": 757,
        "zoneId": "al-danah",
        "sourceClass": "observed",
        "source": "adsdiBusStops"
      }
    },
    {
      "type": "Feature",
      "id": "adsdi-bus-3266",
      "geometry": {
        "type": "Point",
        "coordinates": [
          54.489931,
          24.39756
        ]
      },
      "properties": {
        "id": "adsdi-bus-3266",
        "objectId": 3266,
        "gtfsId": 3520,
        "code": "03520B",
        "name": "Al Nasmat St / Al Habbar St",
        "nameAr": "شارع النسمات / شارع الحَبّار",
        "stopNumber": 3520,
        "zoneId": "rabdan-al-maqta",
        "sourceClass": "observed",
        "source": "adsdiBusStops"
      }
    },
    {
      "type": "Feature",
      "id": "adsdi-bus-1013",
      "geometry": {
        "type": "Point",
        "coordinates": [
          54.501582,
          24.396199
        ]
      },
      "properties": {
        "id": "adsdi-bus-1013",
        "objectId": 1013,
        "gtfsId": 3530,
        "code": "03530B",
        "name": "Al Itihad St / Danat Al Emarat Hospital",
        "nameAr": "شارع الإتحَاد / مستشفى دانة الامارات",
        "stopNumber": 3530,
        "zoneId": "rabdan-al-maqta",
        "sourceClass": "observed",
        "source": "adsdiBusStops"
      }
    },
    {
      "type": "Feature",
      "id": "adsdi-bus-1345",
      "geometry": {
        "type": "Point",
        "coordinates": [
          54.374074,
          24.474714
        ]
      },
      "properties": {
        "id": "adsdi-bus-1345",
        "objectId": 1345,
        "gtfsId": 419,
        "code": "00419B",
        "name": "Sultan Bin Zayed St / Hazaa Bin Zayed St",
        "nameAr": "شارع سلطان بن زايد/ شارع هزاع بن زايد",
        "stopNumber": 419,
        "zoneId": "al-danah",
        "sourceClass": "observed",
        "source": "adsdiBusStops"
      }
    },
    {
      "type": "Feature",
      "id": "adsdi-bus-3953",
      "geometry": {
        "type": "Point",
        "coordinates": [
          54.482046,
          24.356197
        ]
      },
      "properties": {
        "id": "adsdi-bus-3953",
        "objectId": 3953,
        "gtfsId": 11580,
        "code": "11580B",
        "name": "St 9 / St 14",
        "nameAr": "شارع 9 \\ شارع 14",
        "stopNumber": 11580,
        "zoneId": "musaffah",
        "sourceClass": "observed",
        "source": "adsdiBusStops"
      }
    },
    {
      "type": "Feature",
      "id": "adsdi-bus-1359",
      "geometry": {
        "type": "Point",
        "coordinates": [
          54.500551,
          24.3926
        ]
      },
      "properties": {
        "id": "adsdi-bus-1359",
        "objectId": 1359,
        "gtfsId": 3528,
        "code": "03528A",
        "name": "Al Itihad St / Al Dhannah St",
        "nameAr": "شارع الإتحَاد / شارع دَخْنَان",
        "stopNumber": 3528,
        "zoneId": "rabdan-al-maqta",
        "sourceClass": "observed",
        "source": "adsdiBusStops"
      }
    },
    {
      "type": "Feature",
      "id": "adsdi-bus-3621",
      "geometry": {
        "type": "Point",
        "coordinates": [
          54.496154,
          24.400186
        ]
      },
      "properties": {
        "id": "adsdi-bus-3621",
        "objectId": 3621,
        "gtfsId": 3085,
        "code": "03085C",
        "name": "Khaleej Al Arabi St / Bus Interchange",
        "nameAr": "شارع الخَلِيج العَرَبي / نقطة التبديل",
        "stopNumber": 3085,
        "zoneId": "rabdan-al-maqta",
        "sourceClass": "observed",
        "source": "adsdiBusStops"
      }
    },
    {
      "type": "Feature",
      "id": "adsdi-bus-1691",
      "geometry": {
        "type": "Point",
        "coordinates": [
          54.366001,
          24.485666
        ]
      },
      "properties": {
        "id": "adsdi-bus-1691",
        "objectId": 1691,
        "gtfsId": 405,
        "code": "00405A",
        "name": "Sultan Bin Zayed St / Madinat Zayed Shopping Centre",
        "nameAr": "شارع سلطان بن زايد/ مركز مدينة زايد للتسوق",
        "stopNumber": 405,
        "zoneId": "al-danah",
        "sourceClass": "observed",
        "source": "adsdiBusStops"
      }
    },
    {
      "type": "Feature",
      "id": "adsdi-bus-3715",
      "geometry": {
        "type": "Point",
        "coordinates": [
          54.554135,
          24.325042
        ]
      },
      "properties": {
        "id": "adsdi-bus-3715",
        "objectId": 3715,
        "gtfsId": 10606,
        "code": "10606B",
        "name": "Naseem Al Barr St / Abdullah bin Qais Al-Ansari Mosque",
        "nameAr": "شارع نسيم البر/ مسجد عبدالله بن قيس الأنصاري",
        "stopNumber": 10606,
        "zoneId": "mbz-zayed-city",
        "sourceClass": "observed",
        "source": "adsdiBusStops"
      }
    },
    {
      "type": "Feature",
      "id": "adsdi-bus-4053",
      "geometry": {
        "type": "Point",
        "coordinates": [
          54.50344,
          24.35925
        ]
      },
      "properties": {
        "id": "adsdi-bus-4053",
        "objectId": 4053,
        "gtfsId": 11126,
        "code": "11126B",
        "name": "St 12 / St 13",
        "nameAr": "شارع 12 \\ شارع 13",
        "stopNumber": 11126,
        "zoneId": "musaffah",
        "sourceClass": "observed",
        "source": "adsdiBusStops"
      }
    },
    {
      "type": "Feature",
      "id": "adsdi-bus-1059",
      "geometry": {
        "type": "Point",
        "coordinates": [
          54.602613,
          24.464716
        ]
      },
      "properties": {
        "id": "adsdi-bus-1059",
        "objectId": 1059,
        "gtfsId": 19616,
        "code": "19616B",
        "name": "Yas Drive / Marina Circuit Grandstand",
        "nameAr": "درب يَاس / مدرج حلبة مرسى ياس",
        "stopNumber": 19616,
        "zoneId": "yas-island",
        "sourceClass": "observed",
        "source": "adsdiBusStops"
      }
    },
    {
      "type": "Feature",
      "id": "adsdi-bus-3472",
      "geometry": {
        "type": "Point",
        "coordinates": [
          54.410149,
          24.488895
        ]
      },
      "properties": {
        "id": "adsdi-bus-3472",
        "objectId": 3472,
        "gtfsId": 1148,
        "code": "01148A",
        "name": "Al 'Oud St / Sorbonne University",
        "nameAr": "شارع العُود / جامعة السوربون",
        "stopNumber": 1148,
        "zoneId": "al-reem",
        "sourceClass": "observed",
        "source": "adsdiBusStops"
      }
    },
    {
      "type": "Feature",
      "id": "adsdi-bus-2487",
      "geometry": {
        "type": "Point",
        "coordinates": [
          54.364227,
          24.486747
        ]
      },
      "properties": {
        "id": "adsdi-bus-2487",
        "objectId": 2487,
        "gtfsId": 733,
        "code": "00733B",
        "name": "Zayed The First St / Sultan Bin Zayed St",
        "nameAr": "شارع زايد الأول / شارع سلطان بن زايد",
        "stopNumber": 733,
        "zoneId": "al-danah",
        "sourceClass": "observed",
        "source": "adsdiBusStops"
      }
    },
    {
      "type": "Feature",
      "id": "adsdi-bus-1700",
      "geometry": {
        "type": "Point",
        "coordinates": [
          54.372446,
          24.501956
        ]
      },
      "properties": {
        "id": "adsdi-bus-1700",
        "objectId": 1700,
        "gtfsId": 322,
        "code": "00322B",
        "name": "Al Meena St / Corniche Hospital 2",
        "nameAr": "شارع الميناء / مستشفى الكورنيش 2",
        "stopNumber": 322,
        "zoneId": "al-zahiyah",
        "sourceClass": "observed",
        "source": "adsdiBusStops"
      }
    },
    {
      "type": "Feature",
      "id": "adsdi-bus-2092",
      "geometry": {
        "type": "Point",
        "coordinates": [
          54.495341,
          24.393402
        ]
      },
      "properties": {
        "id": "adsdi-bus-2092",
        "objectId": 2092,
        "gtfsId": 3072,
        "code": "03072A",
        "name": "Al Dhannah St / Al Zeenah St",
        "nameAr": "شارع الظَّنَّة / شارع الزِينَة",
        "stopNumber": 3072,
        "zoneId": "rabdan-al-maqta",
        "sourceClass": "observed",
        "source": "adsdiBusStops"
      }
    },
    {
      "type": "Feature",
      "id": "adsdi-bus-4007",
      "geometry": {
        "type": "Point",
        "coordinates": [
          54.39221,
          24.444487
        ]
      },
      "properties": {
        "id": "adsdi-bus-4007",
        "objectId": 4007,
        "gtfsId": 1903,
        "code": "01903B",
        "name": "Jabir Bin Hayyan St / Ibn Rushd St",
        "nameAr": "شارع جَابِر بن حَيَّان / شارع إبن رُشد",
        "stopNumber": 1903,
        "zoneId": "al-mushrif",
        "sourceClass": "observed",
        "source": "adsdiBusStops"
      }
    },
    {
      "type": "Feature",
      "id": "adsdi-bus-269",
      "geometry": {
        "type": "Point",
        "coordinates": [
          54.372489,
          24.476825
        ]
      },
      "properties": {
        "id": "adsdi-bus-269",
        "objectId": 269,
        "gtfsId": 415,
        "code": "00415A",
        "name": "Sultan Bin Zayed St / Mariam Bint Said Mosque",
        "nameAr": "شارع سلطان بن زايد / مسجد مريم بنت سعيد",
        "stopNumber": 415,
        "zoneId": "al-danah",
        "sourceClass": "observed",
        "source": "adsdiBusStops"
      }
    },
    {
      "type": "Feature",
      "id": "adsdi-bus-2779",
      "geometry": {
        "type": "Point",
        "coordinates": [
          54.473467,
          24.336586
        ]
      },
      "properties": {
        "id": "adsdi-bus-2779",
        "objectId": 2779,
        "gtfsId": 11557,
        "code": "11557A",
        "name": "St 18 / Al Mu'ahadah St",
        "nameAr": "ش. 18/ ش. المعاهدة",
        "stopNumber": 11557,
        "zoneId": "musaffah",
        "sourceClass": "observed",
        "source": "adsdiBusStops"
      }
    },
    {
      "type": "Feature",
      "id": "adsdi-bus-1746",
      "geometry": {
        "type": "Point",
        "coordinates": [
          54.578593,
          24.433832
        ]
      },
      "properties": {
        "id": "adsdi-bus-1746",
        "objectId": 1746,
        "gtfsId": 16053,
        "code": "16053B",
        "name": "Al Mireef St / Raha International School",
        "nameAr": "شارع المِرِيف / مدرسة الراحة الدولية",
        "stopNumber": 16053,
        "zoneId": "khalifa-city",
        "sourceClass": "observed",
        "source": "adsdiBusStops"
      }
    },
    {
      "type": "Feature",
      "id": "adsdi-bus-2238",
      "geometry": {
        "type": "Point",
        "coordinates": [
          54.408712,
          24.511382
        ]
      },
      "properties": {
        "id": "adsdi-bus-2238",
        "objectId": 2238,
        "gtfsId": 1096,
        "code": "01096A",
        "name": "Al Muqarrab St / Al Reem Shams",
        "nameAr": "شارع المقرب / الريم شمس",
        "stopNumber": 1096,
        "zoneId": "al-reem",
        "sourceClass": "observed",
        "source": "adsdiBusStops"
      }
    },
    {
      "type": "Feature",
      "id": "adsdi-bus-3214",
      "geometry": {
        "type": "Point",
        "coordinates": [
          54.472881,
          24.341728
        ]
      },
      "properties": {
        "id": "adsdi-bus-3214",
        "objectId": 3214,
        "gtfsId": 11555,
        "code": "11555B",
        "name": "St 7 / St 16",
        "nameAr": "ش. 7/ ش. 16",
        "stopNumber": 11555,
        "zoneId": "musaffah",
        "sourceClass": "observed",
        "source": "adsdiBusStops"
      }
    },
    {
      "type": "Feature",
      "id": "adsdi-bus-60",
      "geometry": {
        "type": "Point",
        "coordinates": [
          54.397504,
          24.434039
        ]
      },
      "properties": {
        "id": "adsdi-bus-60",
        "objectId": 60,
        "gtfsId": 2435,
        "code": "02435A",
        "name": "Al ʹAbeer St / Al Dhabi St",
        "nameAr": "شارع العَبِير / شارع الظَّبِي",
        "stopNumber": 2435,
        "zoneId": "al-mushrif",
        "sourceClass": "observed",
        "source": "adsdiBusStops"
      }
    },
    {
      "type": "Feature",
      "id": "adsdi-bus-1840",
      "geometry": {
        "type": "Point",
        "coordinates": [
          54.376167,
          24.454867
        ]
      },
      "properties": {
        "id": "adsdi-bus-1840",
        "objectId": 1840,
        "gtfsId": 2418,
        "code": "02418B",
        "name": "Al Karamah St / Mohamed Bin Khalifa St",
        "nameAr": "شارع الكرامة / شارع محمد بن خليفة",
        "stopNumber": 2418,
        "zoneId": "al-manhal-karamah",
        "sourceClass": "observed",
        "source": "adsdiBusStops"
      }
    },
    {
      "type": "Feature",
      "id": "adsdi-bus-177",
      "geometry": {
        "type": "Point",
        "coordinates": [
          54.383837,
          24.447251
        ]
      },
      "properties": {
        "id": "adsdi-bus-177",
        "objectId": 177,
        "gtfsId": 2424,
        "code": "02424A",
        "name": "Al Karamah St / Al Tasamuh St",
        "nameAr": "شارع الكرامة / شارع التسامح",
        "stopNumber": 2424,
        "zoneId": "al-mushrif",
        "sourceClass": "observed",
        "source": "adsdiBusStops"
      }
    },
    {
      "type": "Feature",
      "id": "adsdi-bus-1912",
      "geometry": {
        "type": "Point",
        "coordinates": [
          54.436539,
          24.421781
        ]
      },
      "properties": {
        "id": "adsdi-bus-1912",
        "objectId": 1912,
        "gtfsId": 2452,
        "code": "02452B",
        "name": "Al Ma'arid St / ADNEC",
        "nameAr": "شارع المعَارِض/ مركز ابوظبي الوطني للمعارض",
        "stopNumber": 2452,
        "zoneId": "al-rawdah",
        "sourceClass": "observed",
        "source": "adsdiBusStops"
      }
    },
    {
      "type": "Feature",
      "id": "adsdi-bus-203",
      "geometry": {
        "type": "Point",
        "coordinates": [
          54.351729,
          24.454827
        ]
      },
      "properties": {
        "id": "adsdi-bus-203",
        "objectId": 203,
        "gtfsId": 3213,
        "code": "03213A",
        "name": "Al Bateen St / Hazzaʹ Bin Zayed St",
        "nameAr": "شارع البطين / شارع هزاع بن زايد",
        "stopNumber": 3213,
        "zoneId": "al-bateen",
        "sourceClass": "observed",
        "source": "adsdiBusStops"
      }
    },
    {
      "type": "Feature",
      "id": "adsdi-bus-3904",
      "geometry": {
        "type": "Point",
        "coordinates": [
          54.580599,
          24.4347
        ]
      },
      "properties": {
        "id": "adsdi-bus-3904",
        "objectId": 3904,
        "gtfsId": 16055,
        "code": "16055A",
        "name": "Al Mireef St / Police Station",
        "nameAr": "ش. المريف/ مركز شرطة مدينة خليفة",
        "stopNumber": 16055,
        "zoneId": "khalifa-city",
        "sourceClass": "observed",
        "source": "adsdiBusStops"
      }
    },
    {
      "type": "Feature",
      "id": "adsdi-bus-2859",
      "geometry": {
        "type": "Point",
        "coordinates": [
          54.602045,
          24.493015
        ]
      },
      "properties": {
        "id": "adsdi-bus-2859",
        "objectId": 2859,
        "gtfsId": 19338,
        "code": "19338B",
        "name": "Al Athari St / Al Maha St",
        "nameAr": "مركز الشرطة / شارع المَهَا",
        "stopNumber": 19338,
        "zoneId": "yas-island",
        "sourceClass": "observed",
        "source": "adsdiBusStops"
      }
    },
    {
      "type": "Feature",
      "id": "adsdi-bus-2055",
      "geometry": {
        "type": "Point",
        "coordinates": [
          54.506314,
          24.346094
        ]
      },
      "properties": {
        "id": "adsdi-bus-2055",
        "objectId": 2055,
        "gtfsId": 11196,
        "code": "11196A",
        "name": "St 16 / Civil Defence",
        "nameAr": "شارع 16 / الدفاع المدني",
        "stopNumber": 11196,
        "zoneId": "musaffah",
        "sourceClass": "observed",
        "source": "adsdiBusStops"
      }
    },
    {
      "type": "Feature",
      "id": "adsdi-bus-134",
      "geometry": {
        "type": "Point",
        "coordinates": [
          54.383841,
          24.45598
        ]
      },
      "properties": {
        "id": "adsdi-bus-134",
        "objectId": 134,
        "gtfsId": 239,
        "code": "00239B",
        "name": "Shk .Rashid Bin Saeed St / Mohammed Bin Khalifa St",
        "nameAr": "شارع الشيخ راشد بن سعيد /  شارع محمد بن خليفة",
        "stopNumber": 239,
        "zoneId": "al-mushrif",
        "sourceClass": "observed",
        "source": "adsdiBusStops"
      }
    },
    {
      "type": "Feature",
      "id": "adsdi-bus-2149",
      "geometry": {
        "type": "Point",
        "coordinates": [
          54.536134,
          24.320516
        ]
      },
      "properties": {
        "id": "adsdi-bus-2149",
        "objectId": 2149,
        "gtfsId": 10630,
        "code": "10630A",
        "name": "Al Madaris St / Razim St",
        "nameAr": "شارع المداري / شارع الرازيم",
        "stopNumber": 10630,
        "zoneId": "mbz-zayed-city",
        "sourceClass": "observed",
        "source": "adsdiBusStops"
      }
    },
    {
      "type": "Feature",
      "id": "adsdi-bus-3329",
      "geometry": {
        "type": "Point",
        "coordinates": [
          54.565314,
          24.423528
        ]
      },
      "properties": {
        "id": "adsdi-bus-3329",
        "objectId": 3329,
        "gtfsId": 16614,
        "code": "16614B",
        "name": "Theyab Bin Eissa St / Healthcare Center",
        "nameAr": "ش. ذياب بن عيسى/ المركز الصحي",
        "stopNumber": 16614,
        "zoneId": "khalifa-city",
        "sourceClass": "observed",
        "source": "adsdiBusStops"
      }
    },
    {
      "type": "Feature",
      "id": "adsdi-bus-2690",
      "geometry": {
        "type": "Point",
        "coordinates": [
          54.343682,
          24.468686
        ]
      },
      "properties": {
        "id": "adsdi-bus-2690",
        "objectId": 2690,
        "gtfsId": 3005,
        "code": "03005B",
        "name": "Al Khaleej Al Arabi St / Al Khalidiya Public Garden",
        "nameAr": "شارع الخَلِيج العَرَبي / حديقة الخالدية العامة",
        "stopNumber": 3005,
        "zoneId": "al-bateen",
        "sourceClass": "observed",
        "source": "adsdiBusStops"
      }
    },
    {
      "type": "Feature",
      "id": "adsdi-bus-2198",
      "geometry": {
        "type": "Point",
        "coordinates": [
          54.607515,
          24.449266
        ]
      },
      "properties": {
        "id": "adsdi-bus-2198",
        "objectId": 2198,
        "gtfsId": 16022,
        "code": "16022B",
        "name": "Al Rahah St / Etihad Airways Centre",
        "nameAr": "شارع الرَّاحَة / مركز طيران الاتحاد",
        "stopNumber": 16022,
        "zoneId": "al-raha",
        "sourceClass": "observed",
        "source": "adsdiBusStops"
      }
    },
    {
      "type": "Feature",
      "id": "adsdi-bus-1265",
      "geometry": {
        "type": "Point",
        "coordinates": [
          54.500041,
          24.345518
        ]
      },
      "properties": {
        "id": "adsdi-bus-1265",
        "objectId": 1265,
        "gtfsId": 11194,
        "code": "11194B",
        "name": "St 16 / St 13",
        "nameAr": "شارع 16 / شارع 13",
        "stopNumber": 11194,
        "zoneId": "musaffah",
        "sourceClass": "observed",
        "source": "adsdiBusStops"
      }
    },
    {
      "type": "Feature",
      "id": "adsdi-bus-2175",
      "geometry": {
        "type": "Point",
        "coordinates": [
          54.376925,
          24.48375
        ]
      },
      "properties": {
        "id": "adsdi-bus-2175",
        "objectId": 2175,
        "gtfsId": 929,
        "code": "00929A",
        "name": "Al Falah St / Fatimah Bint Mubarak St",
        "nameAr": "شارع الفلاح / شارع فاطمة بنت مبارك",
        "stopNumber": 929,
        "zoneId": "al-danah",
        "sourceClass": "observed",
        "source": "adsdiBusStops"
      }
    },
    {
      "type": "Feature",
      "id": "adsdi-bus-2765",
      "geometry": {
        "type": "Point",
        "coordinates": [
          54.382457,
          24.485274
        ]
      },
      "properties": {
        "id": "adsdi-bus-2765",
        "objectId": 2765,
        "gtfsId": 818,
        "code": "00818B",
        "name": "Shk. Zayed Bin Sultn St / Al Falah St",
        "nameAr": "شارع الشيخ زايد بن سلطان / شارع الفلاح",
        "stopNumber": 818,
        "zoneId": "al-danah",
        "sourceClass": "observed",
        "source": "adsdiBusStops"
      }
    },
    {
      "type": "Feature",
      "id": "adsdi-bus-3921",
      "geometry": {
        "type": "Point",
        "coordinates": [
          54.431703,
          24.524872
        ]
      },
      "properties": {
        "id": "adsdi-bus-3921",
        "objectId": 3921,
        "gtfsId": 1178,
        "code": "01178B",
        "name": "Saadiyat New York University 1 / Laffan St",
        "nameAr": "جامعة نيويورك السعديات 1 / شارع لَفَّان",
        "stopNumber": 1178,
        "zoneId": "al-saadiyat",
        "sourceClass": "observed",
        "source": "adsdiBusStops"
      }
    },
    {
      "type": "Feature",
      "id": "adsdi-bus-3357",
      "geometry": {
        "type": "Point",
        "coordinates": [
          54.539753,
          24.316779
        ]
      },
      "properties": {
        "id": "adsdi-bus-3357",
        "objectId": 3357,
        "gtfsId": 10130,
        "code": "10130A",
        "name": "Al Anwar St / Al Rasi St",
        "nameAr": "شارع الأنوار / شارع الرَّاسِي",
        "stopNumber": 10130,
        "zoneId": "mbz-zayed-city",
        "sourceClass": "observed",
        "source": "adsdiBusStops"
      }
    },
    {
      "type": "Feature",
      "id": "adsdi-bus-3898",
      "geometry": {
        "type": "Point",
        "coordinates": [
          54.35921,
          24.452791
        ]
      },
      "properties": {
        "id": "adsdi-bus-3898",
        "objectId": 3898,
        "gtfsId": 3021,
        "code": "03021A",
        "name": "Al Khaleej Al Arabi St / Judical Department",
        "nameAr": "شارع الخَلِيج العَرَبي / دائرة القضاء",
        "stopNumber": 3021,
        "zoneId": "al-manhal-karamah",
        "sourceClass": "observed",
        "source": "adsdiBusStops"
      }
    },
    {
      "type": "Feature",
      "id": "adsdi-bus-1714",
      "geometry": {
        "type": "Point",
        "coordinates": [
          54.534893,
          24.345588
        ]
      },
      "properties": {
        "id": "adsdi-bus-1714",
        "objectId": 1714,
        "gtfsId": 10112,
        "code": "10112A",
        "name": "Al Hasib St / Ghamri St",
        "nameAr": "شارع الحَاصِب / شارع غمري",
        "stopNumber": 10112,
        "zoneId": "mbz-zayed-city",
        "sourceClass": "observed",
        "source": "adsdiBusStops"
      }
    },
    {
      "type": "Feature",
      "id": "adsdi-bus-552",
      "geometry": {
        "type": "Point",
        "coordinates": [
          54.350475,
          24.463964
        ]
      },
      "properties": {
        "id": "adsdi-bus-552",
        "objectId": 552,
        "gtfsId": 907,
        "code": "00907B",
        "name": "Al Falah St / Al Khaleej Al Arabi St",
        "nameAr": "شارع الفلاح / شارع الخَلِيج العَرَبي",
        "stopNumber": 907,
        "zoneId": "al-khalidiyah",
        "sourceClass": "observed",
        "source": "adsdiBusStops"
      }
    },
    {
      "type": "Feature",
      "id": "adsdi-bus-3137",
      "geometry": {
        "type": "Point",
        "coordinates": [
          54.361207,
          24.488217
        ]
      },
      "properties": {
        "id": "adsdi-bus-3137",
        "objectId": 3137,
        "gtfsId": 513,
        "code": "00513A",
        "name": "Hamdan St / Liwa Center",
        "nameAr": "شارع حمدان / مركز ليوا",
        "stopNumber": 513,
        "zoneId": "al-danah",
        "sourceClass": "observed",
        "source": "adsdiBusStops"
      }
    },
    {
      "type": "Feature",
      "id": "adsdi-bus-2118",
      "geometry": {
        "type": "Point",
        "coordinates": [
          54.515378,
          24.380105
        ]
      },
      "properties": {
        "id": "adsdi-bus-2118",
        "objectId": 2118,
        "gtfsId": 11800,
        "code": "11800B",
        "name": "St 17 / Life Line Hospital",
        "nameAr": "شارع 17 / مستشفى لايفلاين",
        "stopNumber": 11800,
        "zoneId": "musaffah",
        "sourceClass": "observed",
        "source": "adsdiBusStops"
      }
    },
    {
      "type": "Feature",
      "id": "adsdi-bus-1073",
      "geometry": {
        "type": "Point",
        "coordinates": [
          54.615505,
          24.359894
        ]
      },
      "properties": {
        "id": "adsdi-bus-1073",
        "objectId": 1073,
        "gtfsId": 15030,
        "code": "15030A",
        "name": "Naseem Al Barr St / Stop 15030",
        "nameAr": "ش. نسيم البر/ موقف 15030",
        "stopNumber": 15030,
        "zoneId": "mbz-zayed-city",
        "sourceClass": "observed",
        "source": "adsdiBusStops"
      }
    },
    {
      "type": "Feature",
      "id": "adsdi-bus-1620",
      "geometry": {
        "type": "Point",
        "coordinates": [
          54.586885,
          24.445609
        ]
      },
      "properties": {
        "id": "adsdi-bus-1620",
        "objectId": 1620,
        "gtfsId": 16018,
        "code": "16018A",
        "name": "Al Rahah St Stop / 16018",
        "nameAr": "ش. الراحة/ موقف 16018",
        "stopNumber": 16018,
        "zoneId": "al-raha",
        "sourceClass": "observed",
        "source": "adsdiBusStops"
      }
    },
    {
      "type": "Feature",
      "id": "adsdi-bus-3778",
      "geometry": {
        "type": "Point",
        "coordinates": [
          54.396707,
          24.491087
        ]
      },
      "properties": {
        "id": "adsdi-bus-3778",
        "objectId": 3778,
        "gtfsId": 1132,
        "code": "01132A",
        "name": "Hazzaʹ Bin Zayed St / Marina Square",
        "nameAr": "شارع هزاع بن زايد/ مارينا سكوير",
        "stopNumber": 1132,
        "zoneId": "al-reem",
        "sourceClass": "observed",
        "source": "adsdiBusStops"
      }
    },
    {
      "type": "Feature",
      "id": "adsdi-bus-1763",
      "geometry": {
        "type": "Point",
        "coordinates": [
          54.543836,
          24.363745
        ]
      },
      "properties": {
        "id": "adsdi-bus-1763",
        "objectId": 1763,
        "gtfsId": 12062,
        "code": "12062A",
        "name": "Al Shadini St / Muhammed Bin Harib Mosque",
        "nameAr": "شارع الشَّادِني/ مسجد محمد بن حارب",
        "stopNumber": 12062,
        "zoneId": "mbz-zayed-city",
        "sourceClass": "observed",
        "source": "adsdiBusStops"
      }
    },
    {
      "type": "Feature",
      "id": "adsdi-bus-3008",
      "geometry": {
        "type": "Point",
        "coordinates": [
          54.362523,
          24.463184
        ]
      },
      "properties": {
        "id": "adsdi-bus-3008",
        "objectId": 3008,
        "gtfsId": 1111,
        "code": "01111B",
        "name": "Hazzaʹ Bin Zayed St / ADNOC",
        "nameAr": "شارع هزاع بن زايد / ادنوك",
        "stopNumber": 1111,
        "zoneId": "al-manhal-karamah",
        "sourceClass": "observed",
        "source": "adsdiBusStops"
      }
    },
    {
      "type": "Feature",
      "id": "adsdi-bus-1926",
      "geometry": {
        "type": "Point",
        "coordinates": [
          54.399806,
          24.493588
        ]
      },
      "properties": {
        "id": "adsdi-bus-1926",
        "objectId": 1926,
        "gtfsId": 774,
        "code": "00774A",
        "name": "Al Reem St / Al Zaffat St",
        "nameAr": "شارع الرِّيم / شارع الزافات",
        "stopNumber": 774,
        "zoneId": "al-reem",
        "sourceClass": "observed",
        "source": "adsdiBusStops"
      }
    },
    {
      "type": "Feature",
      "id": "adsdi-bus-1322",
      "geometry": {
        "type": "Point",
        "coordinates": [
          54.555947,
          24.296189
        ]
      },
      "properties": {
        "id": "adsdi-bus-1322",
        "objectId": 1322,
        "gtfsId": 10350,
        "code": "10350A",
        "name": "Al Shamiyah St / Sheikha Aisha Ali Saif Al Darmaki Mosque",
        "nameAr": "ش. الشامية / مسجد الشيخة عائشة علي سيف الدرمكي",
        "stopNumber": 10350,
        "zoneId": "mbz-zayed-city",
        "sourceClass": "observed",
        "source": "adsdiBusStops"
      }
    },
    {
      "type": "Feature",
      "id": "adsdi-bus-1371",
      "geometry": {
        "type": "Point",
        "coordinates": [
          54.496071,
          24.34537
        ]
      },
      "properties": {
        "id": "adsdi-bus-1371",
        "objectId": 1371,
        "gtfsId": 11192,
        "code": "11192B",
        "name": "St 16 / St 11",
        "nameAr": "شارع 16 / شارع 11",
        "stopNumber": 11192,
        "zoneId": "musaffah",
        "sourceClass": "observed",
        "source": "adsdiBusStops"
      }
    },
    {
      "type": "Feature",
      "id": "adsdi-bus-4027",
      "geometry": {
        "type": "Point",
        "coordinates": [
          54.368985,
          24.442237
        ]
      },
      "properties": {
        "id": "adsdi-bus-4027",
        "objectId": 4027,
        "gtfsId": 3033,
        "code": "03033B",
        "name": "Al Khaleej Al Arabi St / Al Khirayz St",
        "nameAr": "شارع الخَلِيج العَرَبي / شارع الخِرِّيْز",
        "stopNumber": 3033,
        "zoneId": "al-bateen",
        "sourceClass": "observed",
        "source": "adsdiBusStops"
      }
    },
    {
      "type": "Feature",
      "id": "adsdi-bus-289",
      "geometry": {
        "type": "Point",
        "coordinates": [
          54.590323,
          24.43798
        ]
      },
      "properties": {
        "id": "adsdi-bus-289",
        "objectId": 289,
        "gtfsId": 16059,
        "code": "16059A",
        "name": "Al Mireef St / Saeed Muhammed Al Kalili Mosque",
        "nameAr": "شارع المِرِيف / مسجد سعيد محمد الكليلي",
        "stopNumber": 16059,
        "zoneId": "khalifa-city",
        "sourceClass": "observed",
        "source": "adsdiBusStops"
      }
    },
    {
      "type": "Feature",
      "id": "adsdi-bus-3990",
      "geometry": {
        "type": "Point",
        "coordinates": [
          54.614037,
          24.492043
        ]
      },
      "properties": {
        "id": "adsdi-bus-3990",
        "objectId": 3990,
        "gtfsId": 19510,
        "code": "19510A",
        "name": "Al Maha St / IKEA",
        "nameAr": "شارع المَهَا / ايكيا",
        "stopNumber": 19510,
        "zoneId": "yas-island",
        "sourceClass": "observed",
        "source": "adsdiBusStops"
      }
    },
    {
      "type": "Feature",
      "id": "adsdi-bus-2559",
      "geometry": {
        "type": "Point",
        "coordinates": [
          54.498099,
          24.414668
        ]
      },
      "properties": {
        "id": "adsdi-bus-2559",
        "objectId": 2559,
        "gtfsId": 3083,
        "code": "03083A",
        "name": "Al Maqtaʹ St / Lamhah St",
        "nameAr": "شارع المَقطَع / شارع لَمْحَة",
        "stopNumber": 3083,
        "zoneId": "rabdan-al-maqta",
        "sourceClass": "observed",
        "source": "adsdiBusStops"
      }
    },
    {
      "type": "Feature",
      "id": "adsdi-bus-887",
      "geometry": {
        "type": "Point",
        "coordinates": [
          54.406092,
          24.435446
        ]
      },
      "properties": {
        "id": "adsdi-bus-887",
        "objectId": 887,
        "gtfsId": 255,
        "code": "00255B",
        "name": "Shk. Rashid Bin Saeed St / Salama Bint Butti St",
        "nameAr": "شارع الشيخ راشد بن سعيد / شارع سلامة بنت بطي",
        "stopNumber": 255,
        "zoneId": "al-mushrif",
        "sourceClass": "observed",
        "source": "adsdiBusStops"
      }
    },
    {
      "type": "Feature",
      "id": "adsdi-bus-2802",
      "geometry": {
        "type": "Point",
        "coordinates": [
          54.39511,
          24.452458
        ]
      },
      "properties": {
        "id": "adsdi-bus-2802",
        "objectId": 2802,
        "gtfsId": 439,
        "code": "00439B",
        "name": "Sultan Bin Zayed St / Abu Dhabi Men's College",
        "nameAr": "شارع سلطان بن زايد/ كلية أبو ظبي للطلاب",
        "stopNumber": 439,
        "zoneId": "al-nahyan",
        "sourceClass": "observed",
        "source": "adsdiBusStops"
      }
    },
    {
      "type": "Feature",
      "id": "adsdi-bus-987",
      "geometry": {
        "type": "Point",
        "coordinates": [
          54.558526,
          24.357979
        ]
      },
      "properties": {
        "id": "adsdi-bus-987",
        "objectId": 987,
        "gtfsId": 12069,
        "code": "12069B",
        "name": "Al Ithar St / Al Boum St",
        "nameAr": "ش. الايثار/ ش. البوم",
        "stopNumber": 12069,
        "zoneId": "mbz-zayed-city",
        "sourceClass": "observed",
        "source": "adsdiBusStops"
      }
    },
    {
      "type": "Feature",
      "id": "adsdi-bus-1528",
      "geometry": {
        "type": "Point",
        "coordinates": [
          54.537405,
          24.374111
        ]
      },
      "properties": {
        "id": "adsdi-bus-1528",
        "objectId": 1528,
        "gtfsId": 10512,
        "code": "10512B",
        "name": "St 79 / Mazyad Mall",
        "nameAr": "شارع 79 / مزيد مول",
        "stopNumber": 10512,
        "zoneId": "mbz-zayed-city",
        "sourceClass": "observed",
        "source": "adsdiBusStops"
      }
    },
    {
      "type": "Feature",
      "id": "adsdi-bus-538",
      "geometry": {
        "type": "Point",
        "coordinates": [
          54.505346,
          24.40707
        ]
      },
      "properties": {
        "id": "adsdi-bus-538",
        "objectId": 538,
        "gtfsId": 3533,
        "code": "03533A",
        "name": "Al Itihad St / Coop",
        "nameAr": "شارع الإتحَاد / الجمعية التعاونية",
        "stopNumber": 3533,
        "zoneId": "rabdan-al-maqta",
        "sourceClass": "observed",
        "source": "adsdiBusStops"
      }
    },
    {
      "type": "Feature",
      "id": "adsdi-bus-1030",
      "geometry": {
        "type": "Point",
        "coordinates": [
          54.566007,
          24.421374
        ]
      },
      "properties": {
        "id": "adsdi-bus-1030",
        "objectId": 1030,
        "gtfsId": 16620,
        "code": "16620B",
        "name": "Theyab Bin Eissa St / Souq",
        "nameAr": "شارع ذياب بن عيسى /  السوق",
        "stopNumber": 16620,
        "zoneId": "khalifa-city",
        "sourceClass": "observed",
        "source": "adsdiBusStops"
      }
    },
    {
      "type": "Feature",
      "id": "adsdi-bus-1036",
      "geometry": {
        "type": "Point",
        "coordinates": [
          54.327671,
          24.459282
        ]
      },
      "properties": {
        "id": "adsdi-bus-1036",
        "objectId": 1036,
        "gtfsId": 3409,
        "code": "03409B",
        "name": "King Abdullah bin Abdulaziz Al Saud St / Al Khubeirah Garden",
        "nameAr": "شارع الملك عبدالله بن عبدالعزيز آل سعود / حديقة الُخبيرة",
        "stopNumber": 3409,
        "zoneId": "al-bateen",
        "sourceClass": "observed",
        "source": "adsdiBusStops"
      }
    },
    {
      "type": "Feature",
      "id": "adsdi-bus-2161",
      "geometry": {
        "type": "Point",
        "coordinates": [
          54.598593,
          24.465717
        ]
      },
      "properties": {
        "id": "adsdi-bus-2161",
        "objectId": 2161,
        "gtfsId": 19610,
        "code": "19610A",
        "name": "Yas Drive / Hotel Plaza",
        "nameAr": "درب يَاس / فندق بلازا",
        "stopNumber": 19610,
        "zoneId": "yas-island",
        "sourceClass": "observed",
        "source": "adsdiBusStops"
      }
    },
    {
      "type": "Feature",
      "id": "adsdi-bus-495",
      "geometry": {
        "type": "Point",
        "coordinates": [
          54.371283,
          24.488887
        ]
      },
      "properties": {
        "id": "adsdi-bus-495",
        "objectId": 495,
        "gtfsId": 609,
        "code": "00609A",
        "name": "Fatimah Bint Mubarak St / ADNOC",
        "nameAr": "شارع فاطمة بنت مبارك / أدنوك",
        "stopNumber": 609,
        "zoneId": "al-danah",
        "sourceClass": "observed",
        "source": "adsdiBusStops"
      }
    },
    {
      "type": "Feature",
      "id": "adsdi-bus-3100",
      "geometry": {
        "type": "Point",
        "coordinates": [
          54.534937,
          24.33388
        ]
      },
      "properties": {
        "id": "adsdi-bus-3100",
        "objectId": 3100,
        "gtfsId": 10072,
        "code": "10072A",
        "name": "Al Daraj St / Al ʹUmmal St",
        "nameAr": "شارع الدراج  / شارع العُمَّال",
        "stopNumber": 10072,
        "zoneId": "mbz-zayed-city",
        "sourceClass": "observed",
        "source": "adsdiBusStops"
      }
    },
    {
      "type": "Feature",
      "id": "adsdi-bus-1869",
      "geometry": {
        "type": "Point",
        "coordinates": [
          54.497517,
          24.381849
        ]
      },
      "properties": {
        "id": "adsdi-bus-1869",
        "objectId": 1869,
        "gtfsId": 11020,
        "code": "11020A",
        "name": "St 6 / St 13",
        "nameAr": "شارع 6 / شارع 13",
        "stopNumber": 11020,
        "zoneId": "musaffah",
        "sourceClass": "observed",
        "source": "adsdiBusStops"
      }
    },
    {
      "type": "Feature",
      "id": "adsdi-bus-246",
      "geometry": {
        "type": "Point",
        "coordinates": [
          54.499765,
          24.39218
        ]
      },
      "properties": {
        "id": "adsdi-bus-246",
        "objectId": 246,
        "gtfsId": 3070,
        "code": "03070A",
        "name": "Al Dhannah St / Al Itihad St",
        "nameAr": "شارع الظَّنَّة / شارع الإتحَاد",
        "stopNumber": 3070,
        "zoneId": "rabdan-al-maqta",
        "sourceClass": "observed",
        "source": "adsdiBusStops"
      }
    },
    {
      "type": "Feature",
      "id": "adsdi-bus-4056",
      "geometry": {
        "type": "Point",
        "coordinates": [
          54.532609,
          24.342254
        ]
      },
      "properties": {
        "id": "adsdi-bus-4056",
        "objectId": 4056,
        "gtfsId": 10160,
        "code": "10160A",
        "name": "Al Suwwah St / Al Heefah St",
        "nameAr": "شارع السُوَّاح / شارع الحِيفَة",
        "stopNumber": 10160,
        "zoneId": "mbz-zayed-city",
        "sourceClass": "observed",
        "source": "adsdiBusStops"
      }
    },
    {
      "type": "Feature",
      "id": "adsdi-bus-2799",
      "geometry": {
        "type": "Point",
        "coordinates": [
          54.472304,
          24.355619
        ]
      },
      "properties": {
        "id": "adsdi-bus-2799",
        "objectId": 2799,
        "gtfsId": 11550,
        "code": "11550B",
        "name": "St 7 / ADNOC Vehicle Inspection Centre",
        "nameAr": "شارع 7 / مركز ادنوك لفحص المركبات",
        "stopNumber": 11550,
        "zoneId": "musaffah",
        "sourceClass": "observed",
        "source": "adsdiBusStops"
      }
    },
    {
      "type": "Feature",
      "id": "adsdi-bus-3463",
      "geometry": {
        "type": "Point",
        "coordinates": [
          54.447974,
          24.417768
        ]
      },
      "properties": {
        "id": "adsdi-bus-3463",
        "objectId": 3463,
        "gtfsId": 3057,
        "code": "03057B",
        "name": "Al Nawfal St / Abu Dhabi Courts",
        "nameAr": "شارع النَّوْفَل / محاكم ابوظبي",
        "stopNumber": 3057,
        "zoneId": "al-rawdah",
        "sourceClass": "observed",
        "source": "adsdiBusStops"
      }
    },
    {
      "type": "Feature",
      "id": "adsdi-bus-143",
      "geometry": {
        "type": "Point",
        "coordinates": [
          54.448381,
          24.420244
        ]
      },
      "properties": {
        "id": "adsdi-bus-143",
        "objectId": 143,
        "gtfsId": 3138,
        "code": "03138A",
        "name": "Al Qala-id St / National Central Research",
        "nameAr": "شارع القَلائِد / المركز الوطني للبحوث",
        "stopNumber": 3138,
        "zoneId": "al-rawdah",
        "sourceClass": "observed",
        "source": "adsdiBusStops"
      }
    },
    {
      "type": "Feature",
      "id": "adsdi-bus-3795",
      "geometry": {
        "type": "Point",
        "coordinates": [
          54.426519,
          24.429052
        ]
      },
      "properties": {
        "id": "adsdi-bus-3795",
        "objectId": 3795,
        "gtfsId": 265,
        "code": "00265A",
        "name": "Shk.Rashid Bin Saeed St / Rabdan St",
        "nameAr": "شارع الشيخ راشد بن سعيد / شارع ربدان",
        "stopNumber": 265,
        "zoneId": "muroor-al-saadah",
        "sourceClass": "observed",
        "source": "adsdiBusStops"
      }
    },
    {
      "type": "Feature",
      "id": "adsdi-bus-1803",
      "geometry": {
        "type": "Point",
        "coordinates": [
          54.372215,
          24.476588
        ]
      },
      "properties": {
        "id": "adsdi-bus-1803",
        "objectId": 1803,
        "gtfsId": 415,
        "code": "00415B",
        "name": "Sultan Bin Zayed St / Mariam Bint Said Mosque",
        "nameAr": "شارع سلطان بن زايد / مسجد مريم بنت سعيد",
        "stopNumber": 415,
        "zoneId": "al-danah",
        "sourceClass": "observed",
        "source": "adsdiBusStops"
      }
    },
    {
      "type": "Feature",
      "id": "adsdi-bus-807",
      "geometry": {
        "type": "Point",
        "coordinates": [
          54.38508,
          24.463084
        ]
      },
      "properties": {
        "id": "adsdi-bus-807",
        "objectId": 807,
        "gtfsId": 427,
        "code": "00427B",
        "name": "Sultan Bin Zayed St / Mohammed Bin Khalifa St",
        "nameAr": "شارع سلطان بن زايد/  شارع محمد بن خليفة",
        "stopNumber": 427,
        "zoneId": "al-nahyan",
        "sourceClass": "observed",
        "source": "adsdiBusStops"
      }
    },
    {
      "type": "Feature",
      "id": "adsdi-bus-3724",
      "geometry": {
        "type": "Point",
        "coordinates": [
          54.596563,
          24.439852
        ]
      },
      "properties": {
        "id": "adsdi-bus-3724",
        "objectId": 3724,
        "gtfsId": 16060,
        "code": "16060A",
        "name": "Al Mireef St / Mediclinic",
        "nameAr": "شارع المِرِيف/ ميديكلينك",
        "stopNumber": 16060,
        "zoneId": "khalifa-city",
        "sourceClass": "observed",
        "source": "adsdiBusStops"
      }
    },
    {
      "type": "Feature",
      "id": "adsdi-bus-237",
      "geometry": {
        "type": "Point",
        "coordinates": [
          54.534814,
          24.336199
        ]
      },
      "properties": {
        "id": "adsdi-bus-237",
        "objectId": 237,
        "gtfsId": 10070,
        "code": "10070A",
        "name": "Al Daraj St / Al Fina St",
        "nameAr": "شارع رازم / شارع الفِناء",
        "stopNumber": 10070,
        "zoneId": "mbz-zayed-city",
        "sourceClass": "observed",
        "source": "adsdiBusStops"
      }
    },
    {
      "type": "Feature",
      "id": "adsdi-bus-452",
      "geometry": {
        "type": "Point",
        "coordinates": [
          54.332955,
          24.46068
        ]
      },
      "properties": {
        "id": "adsdi-bus-452",
        "objectId": 452,
        "gtfsId": 703,
        "code": "00703B",
        "name": "Zayed The First St  / Salam Meizr Mosque",
        "nameAr": "شارع زايد الأول /  مسجد سالم ميزر",
        "stopNumber": 703,
        "zoneId": "al-bateen",
        "sourceClass": "observed",
        "source": "adsdiBusStops"
      }
    },
    {
      "type": "Feature",
      "id": "adsdi-bus-1494",
      "geometry": {
        "type": "Point",
        "coordinates": [
          54.41518,
          24.431854
        ]
      },
      "properties": {
        "id": "adsdi-bus-1494",
        "objectId": 1494,
        "gtfsId": 259,
        "code": "00259B",
        "name": "Shk. Rashid Bin Saeed St / Al Dhafra St",
        "nameAr": "شارع الشيخ راشد بن سعيد / شارع الظفرة",
        "stopNumber": 259,
        "zoneId": "al-rawdah",
        "sourceClass": "observed",
        "source": "adsdiBusStops"
      }
    },
    {
      "type": "Feature",
      "id": "adsdi-bus-312",
      "geometry": {
        "type": "Point",
        "coordinates": [
          54.512716,
          24.339033
        ]
      },
      "properties": {
        "id": "adsdi-bus-312",
        "objectId": 312,
        "gtfsId": 11723,
        "code": "11723A",
        "name": "St 15 / St 18",
        "nameAr": "شارع  15 / شارع 18",
        "stopNumber": 11723,
        "zoneId": "musaffah",
        "sourceClass": "observed",
        "source": "adsdiBusStops"
      }
    },
    {
      "type": "Feature",
      "id": "adsdi-bus-2298",
      "geometry": {
        "type": "Point",
        "coordinates": [
          54.380151,
          24.477135
        ]
      },
      "properties": {
        "id": "adsdi-bus-2298",
        "objectId": 2298,
        "gtfsId": 1125,
        "code": "01125B",
        "name": "Hazzaʹ Bin Zayed St / Abd Al Jaleel Al Fahim School",
        "nameAr": "شارع هزاع بن زايد/  مدرسة عبدالجليل الفهيم",
        "stopNumber": 1125,
        "zoneId": "al-danah",
        "sourceClass": "observed",
        "source": "adsdiBusStops"
      }
    },
    {
      "type": "Feature",
      "id": "adsdi-bus-1634",
      "geometry": {
        "type": "Point",
        "coordinates": [
          54.333545,
          24.467229
        ]
      },
      "properties": {
        "id": "adsdi-bus-1634",
        "objectId": 1634,
        "gtfsId": 3432,
        "code": "03432A",
        "name": "Al Yazwah St / Corniche St",
        "nameAr": "شارع اليَزْوَة / شارع الكورنيش",
        "stopNumber": 3432,
        "zoneId": "al-bateen",
        "sourceClass": "observed",
        "source": "adsdiBusStops"
      }
    },
    {
      "type": "Feature",
      "id": "adsdi-bus-2304",
      "geometry": {
        "type": "Point",
        "coordinates": [
          54.43186,
          24.525054
        ]
      },
      "properties": {
        "id": "adsdi-bus-2304",
        "objectId": 2304,
        "gtfsId": 1178,
        "code": "01178A",
        "name": "Saadiyat New York University 1 / Laffan St",
        "nameAr": "جامعة نيويورك السعديات 1 / شارع لَفَّان",
        "stopNumber": 1178,
        "zoneId": "al-saadiyat",
        "sourceClass": "observed",
        "source": "adsdiBusStops"
      }
    },
    {
      "type": "Feature",
      "id": "adsdi-bus-2321",
      "geometry": {
        "type": "Point",
        "coordinates": [
          54.547969,
          24.324802
        ]
      },
      "properties": {
        "id": "adsdi-bus-2321",
        "objectId": 2321,
        "gtfsId": 10601,
        "code": "10601B",
        "name": "Naseem Al Barr St / Hamir St",
        "nameAr": "شارع نسيم البر/ شارع حامر",
        "stopNumber": 10601,
        "zoneId": "mbz-zayed-city",
        "sourceClass": "observed",
        "source": "adsdiBusStops"
      }
    },
    {
      "type": "Feature",
      "id": "adsdi-bus-329",
      "geometry": {
        "type": "Point",
        "coordinates": [
          54.513705,
          24.36901
        ]
      },
      "properties": {
        "id": "adsdi-bus-329",
        "objectId": 329,
        "gtfsId": 11090,
        "code": "11090A",
        "name": "St 10 / St 15",
        "nameAr": "شارع 10 / شارع 15",
        "stopNumber": 11090,
        "zoneId": "musaffah",
        "sourceClass": "observed",
        "source": "adsdiBusStops"
      }
    },
    {
      "type": "Feature",
      "id": "adsdi-bus-2327",
      "geometry": {
        "type": "Point",
        "coordinates": [
          54.475899,
          24.408522
        ]
      },
      "properties": {
        "id": "adsdi-bus-2327",
        "objectId": 2327,
        "gtfsId": 3900,
        "code": "03900B",
        "name": "Sheikh Zayed Grand Mosque",
        "nameAr": "جامع الشيخ زايد الكبير",
        "stopNumber": 3900,
        "zoneId": "al-rawdah",
        "sourceClass": "observed",
        "source": "adsdiBusStops"
      }
    },
    {
      "type": "Feature",
      "id": "adsdi-bus-3847",
      "geometry": {
        "type": "Point",
        "coordinates": [
          54.442345,
          24.419125
        ]
      },
      "properties": {
        "id": "adsdi-bus-3847",
        "objectId": 3847,
        "gtfsId": 2470,
        "code": "02470A",
        "name": "Al Zumurrud St / ADNEC",
        "nameAr": "شارع الزُمرُّد / مركز ابوظبي الوطني للمعارض",
        "stopNumber": 2470,
        "zoneId": "al-rawdah",
        "sourceClass": "observed",
        "source": "adsdiBusStops"
      }
    },
    {
      "type": "Feature",
      "id": "adsdi-bus-3678",
      "geometry": {
        "type": "Point",
        "coordinates": [
          54.402303,
          24.431803
        ]
      },
      "properties": {
        "id": "adsdi-bus-3678",
        "objectId": 3678,
        "gtfsId": 2303,
        "code": "02303B",
        "name": "Salama Bint Butti St / Al ʹAbeer St",
        "nameAr": "شارع سلامة بنت بطي / شارع العَبِير",
        "stopNumber": 2303,
        "zoneId": "al-mushrif",
        "sourceClass": "observed",
        "source": "adsdiBusStops"
      }
    },
    {
      "type": "Feature",
      "id": "adsdi-bus-947",
      "geometry": {
        "type": "Point",
        "coordinates": [
          54.52131,
          24.360231
        ]
      },
      "properties": {
        "id": "adsdi-bus-947",
        "objectId": 947,
        "gtfsId": 11136,
        "code": "11136A",
        "name": "St 12 / Village Mall",
        "nameAr": "شارع 12 / القرية مول",
        "stopNumber": 11136,
        "zoneId": "musaffah",
        "sourceClass": "observed",
        "source": "adsdiBusStops"
      }
    },
    {
      "type": "Feature",
      "id": "adsdi-bus-3578",
      "geometry": {
        "type": "Point",
        "coordinates": [
          54.352265,
          24.470999
        ]
      },
      "properties": {
        "id": "adsdi-bus-3578",
        "objectId": 3578,
        "gtfsId": 2611,
        "code": "02611B",
        "name": "Mubarak Bin Mohammed St / Al Khalidiya Mall",
        "nameAr": "شارع مبارك بن محمد/ الخالدية مول",
        "stopNumber": 2611,
        "zoneId": "al-khalidiyah",
        "sourceClass": "observed",
        "source": "adsdiBusStops"
      }
    },
    {
      "type": "Feature",
      "id": "adsdi-bus-1734",
      "geometry": {
        "type": "Point",
        "coordinates": [
          54.36312,
          24.485729
        ]
      },
      "properties": {
        "id": "adsdi-bus-1734",
        "objectId": 1734,
        "gtfsId": 731,
        "code": "00731A",
        "name": "Zayed The First St / Al Sajʹah St",
        "nameAr": "شارع زايد الأول / شارع الصَّجْعَة",
        "stopNumber": 731,
        "zoneId": "al-danah",
        "sourceClass": "observed",
        "source": "adsdiBusStops"
      }
    },
    {
      "type": "Feature",
      "id": "adsdi-bus-2129",
      "geometry": {
        "type": "Point",
        "coordinates": [
          54.534882,
          24.333247
        ]
      },
      "properties": {
        "id": "adsdi-bus-2129",
        "objectId": 2129,
        "gtfsId": 10072,
        "code": "10072B",
        "name": "Al Daraj St / Al ʹUmmal St",
        "nameAr": "شارع الدراج  / شارع العُمَّال",
        "stopNumber": 10072,
        "zoneId": "mbz-zayed-city",
        "sourceClass": "observed",
        "source": "adsdiBusStops"
      }
    },
    {
      "type": "Feature",
      "id": "adsdi-bus-1394",
      "geometry": {
        "type": "Point",
        "coordinates": [
          54.388155,
          24.442223
        ]
      },
      "properties": {
        "id": "adsdi-bus-1394",
        "objectId": 1394,
        "gtfsId": 2428,
        "code": "02428B",
        "name": "Al Karamah St / Shakhbout Bin Sultan St",
        "nameAr": "شارع الكرامة / شارع شخبوط بن سلطان",
        "stopNumber": 2428,
        "zoneId": "al-mushrif",
        "sourceClass": "observed",
        "source": "adsdiBusStops"
      }
    },
    {
      "type": "Feature",
      "id": "adsdi-bus-220",
      "geometry": {
        "type": "Point",
        "coordinates": [
          54.396537,
          24.439512
        ]
      },
      "properties": {
        "id": "adsdi-bus-220",
        "objectId": 220,
        "gtfsId": 1915,
        "code": "01915A",
        "name": "Anwan St / Wedding Hall",
        "nameAr": "شارع أَنْوَان / صالة الافراح",
        "stopNumber": 1915,
        "zoneId": "al-mushrif",
        "sourceClass": "observed",
        "source": "adsdiBusStops"
      }
    },
    {
      "type": "Feature",
      "id": "adsdi-bus-907",
      "geometry": {
        "type": "Point",
        "coordinates": [
          54.535058,
          24.328698
        ]
      },
      "properties": {
        "id": "adsdi-bus-907",
        "objectId": 907,
        "gtfsId": 10076,
        "code": "10076B",
        "name": "Al Daraj St / Al Itmi-nan St",
        "nameAr": "شارع الدراج / شارع الإِطْمِئْنَان",
        "stopNumber": 10076,
        "zoneId": "mbz-zayed-city",
        "sourceClass": "observed",
        "source": "adsdiBusStops"
      }
    },
    {
      "type": "Feature",
      "id": "adsdi-bus-3114",
      "geometry": {
        "type": "Point",
        "coordinates": [
          54.364538,
          24.447291
        ]
      },
      "properties": {
        "id": "adsdi-bus-3114",
        "objectId": 3114,
        "gtfsId": 3025,
        "code": "03025A",
        "name": "Al Khaleej Al Arabi St / Mohamed Bin Khalifa St",
        "nameAr": "شارع الخَلِيج العَرَبي / شارع محمد بن خليفة",
        "stopNumber": 3025,
        "zoneId": "al-manhal-karamah",
        "sourceClass": "observed",
        "source": "adsdiBusStops"
      }
    },
    {
      "type": "Feature",
      "id": "adsdi-bus-575",
      "geometry": {
        "type": "Point",
        "coordinates": [
          54.371411,
          24.479896
        ]
      },
      "properties": {
        "id": "adsdi-bus-575",
        "objectId": 575,
        "gtfsId": 923,
        "code": "00923A",
        "name": "Al Falah St / Sultan Bin Zayed St",
        "nameAr": "شارع الفلاح / شارع سلطان بن زايد",
        "stopNumber": 923,
        "zoneId": "al-danah",
        "sourceClass": "observed",
        "source": "adsdiBusStops"
      }
    },
    {
      "type": "Feature",
      "id": "adsdi-bus-2782",
      "geometry": {
        "type": "Point",
        "coordinates": [
          54.365141,
          24.496178
        ]
      },
      "properties": {
        "id": "adsdi-bus-2782",
        "objectId": 2782,
        "gtfsId": 603,
        "code": "00603A",
        "name": "Fatima Bint Mubarak St / Khalifa Bin Zayed St",
        "nameAr": "شارع فاطمة بنت مبارك / شارع خليفة بن زايد",
        "stopNumber": 603,
        "zoneId": "al-danah",
        "sourceClass": "observed",
        "source": "adsdiBusStops"
      }
    },
    {
      "type": "Feature",
      "id": "adsdi-bus-4016",
      "geometry": {
        "type": "Point",
        "coordinates": [
          54.472326,
          24.361125
        ]
      },
      "properties": {
        "id": "adsdi-bus-4016",
        "objectId": 4016,
        "gtfsId": 11548,
        "code": "11548A",
        "name": "St 7 / St 12",
        "nameAr": "شارع 7 / شارع 12",
        "stopNumber": 11548,
        "zoneId": "musaffah",
        "sourceClass": "observed",
        "source": "adsdiBusStops"
      }
    },
    {
      "type": "Feature",
      "id": "adsdi-bus-1594",
      "geometry": {
        "type": "Point",
        "coordinates": [
          54.50109,
          24.370485
        ]
      },
      "properties": {
        "id": "adsdi-bus-1594",
        "objectId": 1594,
        "gtfsId": 11684,
        "code": "11684B",
        "name": "St 13 / St 12",
        "nameAr": "ش. 13/ ش. 12",
        "stopNumber": 11684,
        "zoneId": "musaffah",
        "sourceClass": "observed",
        "source": "adsdiBusStops"
      }
    },
    {
      "type": "Feature",
      "id": "adsdi-bus-2676",
      "geometry": {
        "type": "Point",
        "coordinates": [
          54.496691,
          24.400929
        ]
      },
      "properties": {
        "id": "adsdi-bus-2676",
        "objectId": 2676,
        "gtfsId": 3085,
        "code": "03085A",
        "name": "Khaleej Al Arabi St / Bus Interchange",
        "nameAr": "شارع الخَلِيج العَرَبي / نقطة التبديل",
        "stopNumber": 3085,
        "zoneId": "rabdan-al-maqta",
        "sourceClass": "observed",
        "source": "adsdiBusStops"
      }
    },
    {
      "type": "Feature",
      "id": "adsdi-bus-2922",
      "geometry": {
        "type": "Point",
        "coordinates": [
          54.36479,
          24.446607
        ]
      },
      "properties": {
        "id": "adsdi-bus-2922",
        "objectId": 2922,
        "gtfsId": 3025,
        "code": "03025B",
        "name": "Al Khaleej Al Arabi St / Mohamed Bin Khalifa St",
        "nameAr": "شارع الخَلِيج العَرَبي / شارع محمد بن خليفة",
        "stopNumber": 3025,
        "zoneId": "al-bateen",
        "sourceClass": "observed",
        "source": "adsdiBusStops"
      }
    },
    {
      "type": "Feature",
      "id": "adsdi-bus-3755",
      "geometry": {
        "type": "Point",
        "coordinates": [
          54.409147,
          24.434255
        ]
      },
      "properties": {
        "id": "adsdi-bus-3755",
        "objectId": 3755,
        "gtfsId": 257,
        "code": "00257B",
        "name": "Shk.Rashid Bin Saeed St / Al Ghaf Park",
        "nameAr": "شارع الشيخ راشد بن سعيد / حديقة الغاف",
        "stopNumber": 257,
        "zoneId": "al-mushrif",
        "sourceClass": "observed",
        "source": "adsdiBusStops"
      }
    },
    {
      "type": "Feature",
      "id": "adsdi-bus-2590",
      "geometry": {
        "type": "Point",
        "coordinates": [
          54.372485,
          24.500765
        ]
      },
      "properties": {
        "id": "adsdi-bus-2590",
        "objectId": 2590,
        "gtfsId": 322,
        "code": "00322A",
        "name": "Al Meena St / Corniche Hospital 2",
        "nameAr": "شارع الميناء / مستشفى الكورنيش 2",
        "stopNumber": 322,
        "zoneId": "al-zahiyah",
        "sourceClass": "observed",
        "source": "adsdiBusStops"
      }
    },
    {
      "type": "Feature",
      "id": "adsdi-bus-1016",
      "geometry": {
        "type": "Point",
        "coordinates": [
          54.402599,
          24.493506
        ]
      },
      "properties": {
        "id": "adsdi-bus-1016",
        "objectId": 1016,
        "gtfsId": 776,
        "code": "00776B",
        "name": "Al Reem St / Al Zawi St",
        "nameAr": "شارع الرِّيم / شارع الزاوي",
        "stopNumber": 776,
        "zoneId": "al-reem",
        "sourceClass": "observed",
        "source": "adsdiBusStops"
      }
    },
    {
      "type": "Feature",
      "id": "adsdi-bus-3423",
      "geometry": {
        "type": "Point",
        "coordinates": [
          54.617375,
          24.482662
        ]
      },
      "properties": {
        "id": "adsdi-bus-3423",
        "objectId": 3423,
        "gtfsId": 19504,
        "code": "19504B",
        "name": "Al Maha St / Marina Circuit East",
        "nameAr": "شارع المَهَا / حلبة ياس مارينا (شرق)",
        "stopNumber": 19504,
        "zoneId": "yas-island",
        "sourceClass": "observed",
        "source": "adsdiBusStops"
      }
    },
    {
      "type": "Feature",
      "id": "adsdi-bus-3068",
      "geometry": {
        "type": "Point",
        "coordinates": [
          54.518228,
          24.369179
        ]
      },
      "properties": {
        "id": "adsdi-bus-3068",
        "objectId": 3068,
        "gtfsId": 11092,
        "code": "11092A",
        "name": "St 10 / Sharjah Islamic Bank",
        "nameAr": "شارع 10 / مصرف الشارقة الاسلامي",
        "stopNumber": 11092,
        "zoneId": "musaffah",
        "sourceClass": "observed",
        "source": "adsdiBusStops"
      }
    },
    {
      "type": "Feature",
      "id": "adsdi-bus-2035",
      "geometry": {
        "type": "Point",
        "coordinates": [
          54.358726,
          24.452923
        ]
      },
      "properties": {
        "id": "adsdi-bus-2035",
        "objectId": 2035,
        "gtfsId": 3021,
        "code": "03021B",
        "name": "Al Khaleej Al Arabi St / Judical Department",
        "nameAr": "شارع الخَلِيج العَرَبي / دائرة القضاء",
        "stopNumber": 3021,
        "zoneId": "al-bateen",
        "sourceClass": "observed",
        "source": "adsdiBusStops"
      }
    },
    {
      "type": "Feature",
      "id": "adsdi-bus-609",
      "geometry": {
        "type": "Point",
        "coordinates": [
          54.352977,
          24.459322
        ]
      },
      "properties": {
        "id": "adsdi-bus-609",
        "objectId": 609,
        "gtfsId": 3015,
        "code": "03015A",
        "name": "Al Khaleej Al Arabi St / Al Ghadeer St",
        "nameAr": "شارع الخَلِيج العَرَبي / شارع الغَدِير",
        "stopNumber": 3015,
        "zoneId": "al-khalidiyah",
        "sourceClass": "observed",
        "source": "adsdiBusStops"
      }
    },
    {
      "type": "Feature",
      "id": "adsdi-bus-1740",
      "geometry": {
        "type": "Point",
        "coordinates": [
          54.343829,
          24.462476
        ]
      },
      "properties": {
        "id": "adsdi-bus-1740",
        "objectId": 1740,
        "gtfsId": 3207,
        "code": "03207B",
        "name": "Al Bateen St / Al Bateen Municipality",
        "nameAr": "شارع البطين \\بلدية البطين",
        "stopNumber": 3207,
        "zoneId": "al-bateen",
        "sourceClass": "observed",
        "source": "adsdiBusStops"
      }
    },
    {
      "type": "Feature",
      "id": "adsdi-bus-561",
      "geometry": {
        "type": "Point",
        "coordinates": [
          54.550427,
          24.332055
        ]
      },
      "properties": {
        "id": "adsdi-bus-561",
        "objectId": 561,
        "gtfsId": 12120,
        "code": "12120A",
        "name": "Al Qa-id St / Mohammed Bin Zayed Health Care Center",
        "nameAr": "شارع القائد/ مركز محمد بن زايد الصحي",
        "stopNumber": 12120,
        "zoneId": "mbz-zayed-city",
        "sourceClass": "observed",
        "source": "adsdiBusStops"
      }
    },
    {
      "type": "Feature",
      "id": "adsdi-bus-2974",
      "geometry": {
        "type": "Point",
        "coordinates": [
          54.48235,
          24.356497
        ]
      },
      "properties": {
        "id": "adsdi-bus-2974",
        "objectId": 2974,
        "gtfsId": 11580,
        "code": "11580A",
        "name": "St 9 / St 14",
        "nameAr": "شارع 9 \\ شارع 14",
        "stopNumber": 11580,
        "zoneId": "musaffah",
        "sourceClass": "observed",
        "source": "adsdiBusStops"
      }
    },
    {
      "type": "Feature",
      "id": "adsdi-bus-964",
      "geometry": {
        "type": "Point",
        "coordinates": [
          54.562321,
          24.365961
        ]
      },
      "properties": {
        "id": "adsdi-bus-964",
        "objectId": 964,
        "gtfsId": 13060,
        "code": "13060A",
        "name": "Abu Dhabi University",
        "nameAr": "جامعة أبوظبي",
        "stopNumber": 13060,
        "zoneId": "mbz-zayed-city",
        "sourceClass": "observed",
        "source": "adsdiBusStops"
      }
    },
    {
      "type": "Feature",
      "id": "adsdi-bus-1308",
      "geometry": {
        "type": "Point",
        "coordinates": [
          54.581357,
          24.430045
        ]
      },
      "properties": {
        "id": "adsdi-bus-1308",
        "objectId": 1308,
        "gtfsId": 16692,
        "code": "16692B",
        "name": "Al Sihayli St / St 21",
        "nameAr": "ش. السهيلي/ ش. 21",
        "stopNumber": 16692,
        "zoneId": "khalifa-city",
        "sourceClass": "observed",
        "source": "adsdiBusStops"
      }
    },
    {
      "type": "Feature",
      "id": "adsdi-bus-3661",
      "geometry": {
        "type": "Point",
        "coordinates": [
          54.537411,
          24.318049
        ]
      },
      "properties": {
        "id": "adsdi-bus-3661",
        "objectId": 3661,
        "gtfsId": 10085,
        "code": "10085A",
        "name": "Al Tharawat St/ Al Qaltah St",
        "nameAr": "شارع الثروات / شارع القلطة",
        "stopNumber": 10085,
        "zoneId": "mbz-zayed-city",
        "sourceClass": "observed",
        "source": "adsdiBusStops"
      }
    },
    {
      "type": "Feature",
      "id": "adsdi-bus-366",
      "geometry": {
        "type": "Point",
        "coordinates": [
          54.37613,
          24.471513
        ]
      },
      "properties": {
        "id": "adsdi-bus-366",
        "objectId": 366,
        "gtfsId": 420,
        "code": "00420G",
        "name": "Abu Dhabi Bus Station",
        "nameAr": "محطة حافلات أبوظبي",
        "stopNumber": 420,
        "zoneId": "al-nahyan",
        "sourceClass": "observed",
        "source": "adsdiBusStops"
      }
    },
    {
      "type": "Feature",
      "id": "adsdi-bus-1995",
      "geometry": {
        "type": "Point",
        "coordinates": [
          54.574385,
          24.438379
        ]
      },
      "properties": {
        "id": "adsdi-bus-1995",
        "objectId": 1995,
        "gtfsId": 16016,
        "code": "16016A",
        "name": "Channel St / Al Raha Mall",
        "nameAr": "شارع القناة / الراحة مول",
        "stopNumber": 16016,
        "zoneId": "al-raha",
        "sourceClass": "observed",
        "source": "adsdiBusStops"
      }
    },
    {
      "type": "Feature",
      "id": "adsdi-bus-1843",
      "geometry": {
        "type": "Point",
        "coordinates": [
          54.530337,
          24.321135
        ]
      },
      "properties": {
        "id": "adsdi-bus-1843",
        "objectId": 1843,
        "gtfsId": 10038,
        "code": "10038B",
        "name": "Mussafah Bus Station",
        "nameAr": "محطة حافلات  مصفح",
        "stopNumber": 10038,
        "zoneId": "mbz-zayed-city",
        "sourceClass": "observed",
        "source": "adsdiBusStops"
      }
    },
    {
      "type": "Feature",
      "id": "adsdi-bus-761",
      "geometry": {
        "type": "Point",
        "coordinates": [
          54.428839,
          24.42736
        ]
      },
      "properties": {
        "id": "adsdi-bus-761",
        "objectId": 761,
        "gtfsId": 2905,
        "code": "02905A",
        "name": "Rabdan St / Ministry Of Foreign Trade",
        "nameAr": "شارع ربدان / وزارة التجارة الخارجية",
        "stopNumber": 2905,
        "zoneId": "al-rawdah",
        "sourceClass": "observed",
        "source": "adsdiBusStops"
      }
    },
    {
      "type": "Feature",
      "id": "adsdi-bus-515",
      "geometry": {
        "type": "Point",
        "coordinates": [
          54.400404,
          24.42994
        ]
      },
      "properties": {
        "id": "adsdi-bus-515",
        "objectId": 515,
        "gtfsId": 3034,
        "code": "03034A",
        "name": "Al Wahah St / Al Nashrah St",
        "nameAr": "شارع الخَلِيج العَرَبي / شارع النَّشرَة",
        "stopNumber": 3034,
        "zoneId": "al-mushrif",
        "sourceClass": "observed",
        "source": "adsdiBusStops"
      }
    },
    {
      "type": "Feature",
      "id": "adsdi-bus-1007",
      "geometry": {
        "type": "Point",
        "coordinates": [
          54.357381,
          24.45852
        ]
      },
      "properties": {
        "id": "adsdi-bus-1007",
        "objectId": 1007,
        "gtfsId": 1107,
        "code": "01107B",
        "name": "Hazzaʹ Bin Zayed St / Family Development Foundation",
        "nameAr": "شارع هزاع بن زايد / مؤسسة التنمية الأسرية",
        "stopNumber": 1107,
        "zoneId": "al-khalidiyah",
        "sourceClass": "observed",
        "source": "adsdiBusStops"
      }
    },
    {
      "type": "Feature",
      "id": "adsdi-bus-3171",
      "geometry": {
        "type": "Point",
        "coordinates": [
          54.377207,
          24.49602
        ]
      },
      "properties": {
        "id": "adsdi-bus-3171",
        "objectId": 3171,
        "gtfsId": 749,
        "code": "00749B",
        "name": "Zayed The First St / Electra Park",
        "nameAr": "شارع زايد الأول / حديقة الكترا",
        "stopNumber": 749,
        "zoneId": "al-zahiyah",
        "sourceClass": "observed",
        "source": "adsdiBusStops"
      }
    },
    {
      "type": "Feature",
      "id": "adsdi-bus-3910",
      "geometry": {
        "type": "Point",
        "coordinates": [
          54.534118,
          24.324685
        ]
      },
      "properties": {
        "id": "adsdi-bus-3910",
        "objectId": 3910,
        "gtfsId": 10593,
        "code": "10593A",
        "name": "Naseem Al Barr St / Al Jarayid St",
        "nameAr": "شارع نسيم البر/شارع الجَرَايِد",
        "stopNumber": 10593,
        "zoneId": "mbz-zayed-city",
        "sourceClass": "observed",
        "source": "adsdiBusStops"
      }
    },
    {
      "type": "Feature",
      "id": "adsdi-bus-3615",
      "geometry": {
        "type": "Point",
        "coordinates": [
          54.373245,
          24.489044
        ]
      },
      "properties": {
        "id": "adsdi-bus-3615",
        "objectId": 3615,
        "gtfsId": 755,
        "code": "00755B",
        "name": "Al Mawkib St / Al Silaymi St",
        "nameAr": "شارع المَوْكِب / شارع السِّلَيْمِي",
        "stopNumber": 755,
        "zoneId": "al-danah",
        "sourceClass": "observed",
        "source": "adsdiBusStops"
      }
    },
    {
      "type": "Feature",
      "id": "adsdi-bus-3369",
      "geometry": {
        "type": "Point",
        "coordinates": [
          54.624053,
          24.484517
        ]
      },
      "properties": {
        "id": "adsdi-bus-3369",
        "objectId": 3369,
        "gtfsId": 19502,
        "code": "19502B",
        "name": "Al Maha St / Gateway Park South 2",
        "nameAr": "شارع المَهَا / منتزه بوابة ياس (جنوب 2)",
        "stopNumber": 19502,
        "zoneId": "yas-island",
        "sourceClass": "observed",
        "source": "adsdiBusStops"
      }
    },
    {
      "type": "Feature",
      "id": "adsdi-bus-131",
      "geometry": {
        "type": "Point",
        "coordinates": [
          54.493115,
          24.337978
        ]
      },
      "properties": {
        "id": "adsdi-bus-131",
        "objectId": 131,
        "gtfsId": 11662,
        "code": "11662A",
        "name": "St 11 / ICAD Residential City Main Gate",
        "nameAr": "شارع  11 / مدينة أيكاد السكنية  البوابة الرئيسية",
        "stopNumber": 11662,
        "zoneId": "musaffah",
        "sourceClass": "observed",
        "source": "adsdiBusStops"
      }
    },
    {
      "type": "Feature",
      "id": "adsdi-bus-3048",
      "geometry": {
        "type": "Point",
        "coordinates": [
          54.565068,
          24.325504
        ]
      },
      "properties": {
        "id": "adsdi-bus-3048",
        "objectId": 3048,
        "gtfsId": 10612,
        "code": "10612B",
        "name": "Naseem Al Barr St / Al Nasr St",
        "nameAr": "شارع نسيم البر/ شارع النصر",
        "stopNumber": 10612,
        "zoneId": "mbz-zayed-city",
        "sourceClass": "observed",
        "source": "adsdiBusStops"
      }
    },
    {
      "type": "Feature",
      "id": "adsdi-bus-890",
      "geometry": {
        "type": "Point",
        "coordinates": [
          54.428209,
          24.424422
        ]
      },
      "properties": {
        "id": "adsdi-bus-890",
        "objectId": 890,
        "gtfsId": 2903,
        "code": "02903A",
        "name": "Rabdan St / Wakr St",
        "nameAr": "شارع ربدان / شارع وكر",
        "stopNumber": 2903,
        "zoneId": "al-rawdah",
        "sourceClass": "observed",
        "source": "adsdiBusStops"
      }
    },
    {
      "type": "Feature",
      "id": "adsdi-bus-1886",
      "geometry": {
        "type": "Point",
        "coordinates": [
          54.496448,
          24.393029
        ]
      },
      "properties": {
        "id": "adsdi-bus-1886",
        "objectId": 1886,
        "gtfsId": 3072,
        "code": "03072B",
        "name": "Al Dhannah St / Al Zeenah St",
        "nameAr": "شارع الظَّنَّة / شارع الزِينَة",
        "stopNumber": 3072,
        "zoneId": "rabdan-al-maqta",
        "sourceClass": "observed",
        "source": "adsdiBusStops"
      }
    },
    {
      "type": "Feature",
      "id": "adsdi-bus-3546",
      "geometry": {
        "type": "Point",
        "coordinates": [
          54.404081,
          24.435352
        ]
      },
      "properties": {
        "id": "adsdi-bus-3546",
        "objectId": 3546,
        "gtfsId": 2305,
        "code": "02305B",
        "name": "Salama Bint Butti St / Shk. Rashid Bin Saeed St",
        "nameAr": "شارع سلامة بنت بطي / شارع الشيخ راشد بن سعيد",
        "stopNumber": 2305,
        "zoneId": "al-mushrif",
        "sourceClass": "observed",
        "source": "adsdiBusStops"
      }
    },
    {
      "type": "Feature",
      "id": "adsdi-bus-1554",
      "geometry": {
        "type": "Point",
        "coordinates": [
          54.592391,
          24.495721
        ]
      },
      "properties": {
        "id": "adsdi-bus-1554",
        "objectId": 1554,
        "gtfsId": 19332,
        "code": "19332B",
        "name": "Al Athari St / Yas Drive",
        "nameAr": "شارع الأثري / درب يَاس",
        "stopNumber": 19332,
        "zoneId": "yas-island",
        "sourceClass": "observed",
        "source": "adsdiBusStops"
      }
    },
    {
      "type": "Feature",
      "id": "adsdi-bus-3950",
      "geometry": {
        "type": "Point",
        "coordinates": [
          54.535031,
          24.331424
        ]
      },
      "properties": {
        "id": "adsdi-bus-3950",
        "objectId": 3950,
        "gtfsId": 10074,
        "code": "10074A",
        "name": "Al Daraj St / Al Hudhoudh St",
        "nameAr": "شارع الدراج / شارع الحظوظ",
        "stopNumber": 10074,
        "zoneId": "mbz-zayed-city",
        "sourceClass": "observed",
        "source": "adsdiBusStops"
      }
    },
    {
      "type": "Feature",
      "id": "adsdi-bus-2407",
      "geometry": {
        "type": "Point",
        "coordinates": [
          54.490834,
          24.378842
        ]
      },
      "properties": {
        "id": "adsdi-bus-2407",
        "objectId": 2407,
        "gtfsId": 11642,
        "code": "11642B",
        "name": "St 11/ St 6",
        "nameAr": "ش. 11/ ش. 6",
        "stopNumber": 11642,
        "zoneId": "musaffah",
        "sourceClass": "observed",
        "source": "adsdiBusStops"
      }
    },
    {
      "type": "Feature",
      "id": "adsdi-bus-2905",
      "geometry": {
        "type": "Point",
        "coordinates": [
          54.351237,
          24.461107
        ]
      },
      "properties": {
        "id": "adsdi-bus-2905",
        "objectId": 2905,
        "gtfsId": 3011,
        "code": "03011A",
        "name": "Al Khaleej Al Arabi St / Al Mataf St",
        "nameAr": "شارع الخَلِيج العَرَبيي / شارع المَطَاف",
        "stopNumber": 3011,
        "zoneId": "al-khalidiyah",
        "sourceClass": "observed",
        "source": "adsdiBusStops"
      }
    },
    {
      "type": "Feature",
      "id": "adsdi-bus-3758",
      "geometry": {
        "type": "Point",
        "coordinates": [
          54.471253,
          24.374029
        ]
      },
      "properties": {
        "id": "adsdi-bus-3758",
        "objectId": 3758,
        "gtfsId": 11542,
        "code": "11542B",
        "name": "St 7 / Al Jaber Group",
        "nameAr": "شارع 7 / مجموعة الجابر",
        "stopNumber": 11542,
        "zoneId": "musaffah",
        "sourceClass": "observed",
        "source": "adsdiBusStops"
      }
    },
    {
      "type": "Feature",
      "id": "adsdi-bus-180",
      "geometry": {
        "type": "Point",
        "coordinates": [
          54.468279,
          24.353375
        ]
      },
      "properties": {
        "id": "adsdi-bus-180",
        "objectId": 180,
        "gtfsId": 11171,
        "code": "11171B",
        "name": "St 14 / Gulf Steel Industries",
        "nameAr": "شارع 14/ الخليج للصناعات الحديدية",
        "stopNumber": 11171,
        "zoneId": "musaffah",
        "sourceClass": "observed",
        "source": "adsdiBusStops"
      }
    },
    {
      "type": "Feature",
      "id": "adsdi-bus-841",
      "geometry": {
        "type": "Point",
        "coordinates": [
          54.343796,
          24.462945
        ]
      },
      "properties": {
        "id": "adsdi-bus-841",
        "objectId": 841,
        "gtfsId": 3207,
        "code": "03207A",
        "name": "Al Bateen St / Al Bateen Municipality",
        "nameAr": "شارع البطين \\بلدية البطين",
        "stopNumber": 3207,
        "zoneId": "al-bateen",
        "sourceClass": "observed",
        "source": "adsdiBusStops"
      }
    },
    {
      "type": "Feature",
      "id": "adsdi-bus-1580",
      "geometry": {
        "type": "Point",
        "coordinates": [
          54.381187,
          24.449545
        ]
      },
      "properties": {
        "id": "adsdi-bus-1580",
        "objectId": 1580,
        "gtfsId": 2422,
        "code": "02422B",
        "name": "Al Karamah St / Al Mushrif GardenGarden",
        "nameAr": "شارع الكرامة / حديقة المشرف",
        "stopNumber": 2422,
        "zoneId": "al-mushrif",
        "sourceClass": "observed",
        "source": "adsdiBusStops"
      }
    },
    {
      "type": "Feature",
      "id": "adsdi-bus-535",
      "geometry": {
        "type": "Point",
        "coordinates": [
          54.591328,
          24.438057
        ]
      },
      "properties": {
        "id": "adsdi-bus-535",
        "objectId": 535,
        "gtfsId": 16059,
        "code": "16059B",
        "name": "Al Mireef St / Saeed Muhammed Al Kalili Mosque",
        "nameAr": "شارع المِرِيف / مسجد سعيد محمد الكليلي",
        "stopNumber": 16059,
        "zoneId": "khalifa-city",
        "sourceClass": "observed",
        "source": "adsdiBusStops"
      }
    },
    {
      "type": "Feature",
      "id": "adsdi-bus-3117",
      "geometry": {
        "type": "Point",
        "coordinates": [
          54.379517,
          24.480101
        ]
      },
      "properties": {
        "id": "adsdi-bus-3117",
        "objectId": 3117,
        "gtfsId": 620,
        "code": "00620A",
        "name": "Fatima Bint Mubarak St / Al Musharaka St",
        "nameAr": "شارع فاطمة بنت مبارك / شارع المشاركة",
        "stopNumber": 620,
        "zoneId": "al-danah",
        "sourceClass": "observed",
        "source": "adsdiBusStops"
      }
    },
    {
      "type": "Feature",
      "id": "adsdi-bus-1531",
      "geometry": {
        "type": "Point",
        "coordinates": [
          54.380636,
          24.493956
        ]
      },
      "properties": {
        "id": "adsdi-bus-1531",
        "objectId": 1531,
        "gtfsId": 763,
        "code": "00763A",
        "name": "Al Mawkib St / Al Zahiyah St",
        "nameAr": "ش المواكب / ش الزاهية",
        "stopNumber": 763,
        "zoneId": "al-zahiyah",
        "sourceClass": "observed",
        "source": "adsdiBusStops"
      }
    },
    {
      "type": "Feature",
      "id": "adsdi-bus-2527",
      "geometry": {
        "type": "Point",
        "coordinates": [
          54.406191,
          24.528229
        ]
      },
      "properties": {
        "id": "adsdi-bus-2527",
        "objectId": 2527,
        "gtfsId": 1150,
        "code": "01150B",
        "name": "Jacques Chirac St / Saadiyat Beach Gate B",
        "nameAr": "شارع جاك شيراك/ شاطئ السعديات بوابة ب",
        "stopNumber": 1150,
        "zoneId": "al-saadiyat",
        "sourceClass": "observed",
        "source": "adsdiBusStops"
      }
    },
    {
      "type": "Feature",
      "id": "adsdi-bus-2476",
      "geometry": {
        "type": "Point",
        "coordinates": [
          54.39613,
          24.433182
        ]
      },
      "properties": {
        "id": "adsdi-bus-2476",
        "objectId": 2476,
        "gtfsId": 2135,
        "code": "02135B",
        "name": "Al Dhabi St / Al Wahah St",
        "nameAr": "شارع الظَّبِي/ شارع الوَاحَة",
        "stopNumber": 2135,
        "zoneId": "al-mushrif",
        "sourceClass": "observed",
        "source": "adsdiBusStops"
      }
    },
    {
      "type": "Feature",
      "id": "adsdi-bus-3211",
      "geometry": {
        "type": "Point",
        "coordinates": [
          54.374008,
          24.466417
        ]
      },
      "properties": {
        "id": "adsdi-bus-3211",
        "objectId": 3211,
        "gtfsId": 227,
        "code": "00227B",
        "name": "Shk. Rashid Bin Saeed  St / Omar Bin Al Khatab Mosque",
        "nameAr": "شارع الشيخ راشد بن سعيد / مسجد عمر بن الخطاب",
        "stopNumber": 227,
        "zoneId": "al-manhal-karamah",
        "sourceClass": "observed",
        "source": "adsdiBusStops"
      }
    },
    {
      "type": "Feature",
      "id": "adsdi-bus-727",
      "geometry": {
        "type": "Point",
        "coordinates": [
          54.587006,
          24.445185
        ]
      },
      "properties": {
        "id": "adsdi-bus-727",
        "objectId": 727,
        "gtfsId": 16018,
        "code": "16018B",
        "name": "Al Rahah St Stop / 16018",
        "nameAr": "ش. الراحة/ موقف 16018",
        "stopNumber": 16018,
        "zoneId": "al-raha",
        "sourceClass": "observed",
        "source": "adsdiBusStops"
      }
    },
    {
      "type": "Feature",
      "id": "adsdi-bus-206",
      "geometry": {
        "type": "Point",
        "coordinates": [
          54.502082,
          24.357419
        ]
      },
      "properties": {
        "id": "adsdi-bus-206",
        "objectId": 206,
        "gtfsId": 11689,
        "code": "11689A",
        "name": "St 13 / St 12",
        "nameAr": "ش. 13/ ش. 12",
        "stopNumber": 11689,
        "zoneId": "musaffah",
        "sourceClass": "observed",
        "source": "adsdiBusStops"
      }
    },
    {
      "type": "Feature",
      "id": "adsdi-bus-2862",
      "geometry": {
        "type": "Point",
        "coordinates": [
          54.347681,
          24.475726
        ]
      },
      "properties": {
        "id": "adsdi-bus-2862",
        "objectId": 2862,
        "gtfsId": 2603,
        "code": "02603B",
        "name": "Mubarak Bin Mohammed St / Hamdan St",
        "nameAr": "شارع مبارك بن محمد / شارع حمدان",
        "stopNumber": 2603,
        "zoneId": "al-khalidiyah",
        "sourceClass": "observed",
        "source": "adsdiBusStops"
      }
    },
    {
      "type": "Feature",
      "id": "adsdi-bus-870",
      "geometry": {
        "type": "Point",
        "coordinates": [
          54.340781,
          24.467602
        ]
      },
      "properties": {
        "id": "adsdi-bus-870",
        "objectId": 870,
        "gtfsId": 711,
        "code": "00711A",
        "name": "Zayed The First St / Al Bateen St",
        "nameAr": "شارع زايد الأول / شارع البطين",
        "stopNumber": 711,
        "zoneId": "al-bateen",
        "sourceClass": "observed",
        "source": "adsdiBusStops"
      }
    },
    {
      "type": "Feature",
      "id": "adsdi-bus-3503",
      "geometry": {
        "type": "Point",
        "coordinates": [
          54.529429,
          24.33859
        ]
      },
      "properties": {
        "id": "adsdi-bus-3503",
        "objectId": 3503,
        "gtfsId": 10031,
        "code": "10031A",
        "name": "Najm Suhayl St / Al Rayat St",
        "nameAr": "شارع نجم سهيل/ شارع الرَّايَات",
        "stopNumber": 10031,
        "zoneId": "mbz-zayed-city",
        "sourceClass": "observed",
        "source": "adsdiBusStops"
      }
    },
    {
      "type": "Feature",
      "id": "adsdi-bus-3260",
      "geometry": {
        "type": "Point",
        "coordinates": [
          54.577408,
          24.439143
        ]
      },
      "properties": {
        "id": "adsdi-bus-3260",
        "objectId": 3260,
        "gtfsId": 16017,
        "code": "16017B",
        "name": "Channel St Stop / 16017",
        "nameAr": "شارع القناة/ موقف 16017",
        "stopNumber": 16017,
        "zoneId": "al-raha",
        "sourceClass": "observed",
        "source": "adsdiBusStops"
      }
    },
    {
      "type": "Feature",
      "id": "adsdi-bus-506",
      "geometry": {
        "type": "Point",
        "coordinates": [
          54.450403,
          24.557156
        ]
      },
      "properties": {
        "id": "adsdi-bus-506",
        "objectId": 506,
        "gtfsId": 1167,
        "code": "01167B",
        "name": "Al Tilal St / Saadiyat Beach Club",
        "nameAr": "شارع التِّلاَل / نادي شاطئ السعديات",
        "stopNumber": 1167,
        "zoneId": "al-saadiyat",
        "sourceClass": "observed",
        "source": "adsdiBusStops"
      }
    },
    {
      "type": "Feature",
      "id": "adsdi-bus-2570",
      "geometry": {
        "type": "Point",
        "coordinates": [
          54.388171,
          24.451927
        ]
      },
      "properties": {
        "id": "adsdi-bus-2570",
        "objectId": 2570,
        "gtfsId": 245,
        "code": "00245A",
        "name": "Shk. Rashid Bin Saeed St / Al Jazeera Sports Club",
        "nameAr": "شارع الشيخ راشد بن سعيد / نادي الجزيرة الرياضي",
        "stopNumber": 245,
        "zoneId": "al-nahyan",
        "sourceClass": "observed",
        "source": "adsdiBusStops"
      }
    },
    {
      "type": "Feature",
      "id": "adsdi-bus-2619",
      "geometry": {
        "type": "Point",
        "coordinates": [
          54.387444,
          24.44758
        ]
      },
      "properties": {
        "id": "adsdi-bus-2619",
        "objectId": 2619,
        "gtfsId": 2444,
        "code": "02444B",
        "name": "Evangelical Community Church",
        "nameAr": "الكنيسة الانجيلية",
        "stopNumber": 2444,
        "zoneId": "al-mushrif",
        "sourceClass": "observed",
        "source": "adsdiBusStops"
      }
    },
    {
      "type": "Feature",
      "id": "adsdi-bus-2307",
      "geometry": {
        "type": "Point",
        "coordinates": [
          54.372263,
          24.471542
        ]
      },
      "properties": {
        "id": "adsdi-bus-2307",
        "objectId": 2307,
        "gtfsId": 1119,
        "code": "01119B",
        "name": "Hazzaʹ Bin Zayed St / Al Wahda Mall",
        "nameAr": "شارع هزاع بن زايد/  الوحدة مول",
        "stopNumber": 1119,
        "zoneId": "al-danah",
        "sourceClass": "observed",
        "source": "adsdiBusStops"
      }
    },
    {
      "type": "Feature",
      "id": "adsdi-bus-2556",
      "geometry": {
        "type": "Point",
        "coordinates": [
          54.376798,
          24.482241
        ]
      },
      "properties": {
        "id": "adsdi-bus-2556",
        "objectId": 2556,
        "gtfsId": 616,
        "code": "00616B",
        "name": "Al Danah, Fatima Bint Mubarak St / ADWEA",
        "nameAr": "شارع فاطمة بنت مبارك / هيئة مياه وكهرباء أبوظبي",
        "stopNumber": 616,
        "zoneId": "al-danah",
        "sourceClass": "observed",
        "source": "adsdiBusStops"
      }
    },
    {
      "type": "Feature",
      "id": "adsdi-bus-635",
      "geometry": {
        "type": "Point",
        "coordinates": [
          54.420668,
          24.533553
        ]
      },
      "properties": {
        "id": "adsdi-bus-635",
        "objectId": 635,
        "gtfsId": 1153,
        "code": "01153B",
        "name": "Stop 1153 / Jacques Chirac St",
        "nameAr": "موقف 1153 /  شارع جاك شيراك",
        "stopNumber": 1153,
        "zoneId": "al-saadiyat",
        "sourceClass": "observed",
        "source": "adsdiBusStops"
      }
    },
    {
      "type": "Feature",
      "id": "adsdi-bus-3446",
      "geometry": {
        "type": "Point",
        "coordinates": [
          54.534976,
          24.330783
        ]
      },
      "properties": {
        "id": "adsdi-bus-3446",
        "objectId": 3446,
        "gtfsId": 10074,
        "code": "10074B",
        "name": "Al Daraj St / Al Hudhoudh St",
        "nameAr": "شارع الدراج / شارع الحظوظ",
        "stopNumber": 10074,
        "zoneId": "mbz-zayed-city",
        "sourceClass": "observed",
        "source": "adsdiBusStops"
      }
    },
    {
      "type": "Feature",
      "id": "adsdi-bus-2450",
      "geometry": {
        "type": "Point",
        "coordinates": [
          54.465558,
          24.414259
        ]
      },
      "properties": {
        "id": "adsdi-bus-2450",
        "objectId": 2450,
        "gtfsId": 2483,
        "code": "02483A",
        "name": "Saif Ghobash St / Ministry of Interior",
        "nameAr": "شارع سيف غُباش / وزارة الداخلية",
        "stopNumber": 2483,
        "zoneId": "al-rawdah",
        "sourceClass": "observed",
        "source": "adsdiBusStops"
      }
    },
    {
      "type": "Feature",
      "id": "adsdi-bus-1288",
      "geometry": {
        "type": "Point",
        "coordinates": [
          54.392637,
          24.444137
        ]
      },
      "properties": {
        "id": "adsdi-bus-1288",
        "objectId": 1288,
        "gtfsId": 1903,
        "code": "01903A",
        "name": "Jabir Bin Hayyan St / Ibn Rushd St",
        "nameAr": "شارع جَابِر بن حَيَّان / شارع إبن رُشد",
        "stopNumber": 1903,
        "zoneId": "al-mushrif",
        "sourceClass": "observed",
        "source": "adsdiBusStops"
      }
    },
    {
      "type": "Feature",
      "id": "adsdi-bus-2899",
      "geometry": {
        "type": "Point",
        "coordinates": [
          54.394399,
          24.43791
        ]
      },
      "properties": {
        "id": "adsdi-bus-2899",
        "objectId": 2899,
        "gtfsId": 1909,
        "code": "01909A",
        "name": "Anwan St / Al Haslah St",
        "nameAr": "شارع أَنْوَان / شارع الحَاصْلَةْ",
        "stopNumber": 1909,
        "zoneId": "al-mushrif",
        "sourceClass": "observed",
        "source": "adsdiBusStops"
      }
    },
    {
      "type": "Feature",
      "id": "adsdi-bus-2401",
      "geometry": {
        "type": "Point",
        "coordinates": [
          54.357787,
          24.458387
        ]
      },
      "properties": {
        "id": "adsdi-bus-2401",
        "objectId": 2401,
        "gtfsId": 1107,
        "code": "01107A",
        "name": "Hazzaʹ Bin Zayed St / Family Development Foundation",
        "nameAr": "شارع هزاع بن زايد / مؤسسة التنمية الأسرية",
        "stopNumber": 1107,
        "zoneId": "al-manhal-karamah",
        "sourceClass": "observed",
        "source": "adsdiBusStops"
      }
    },
    {
      "type": "Feature",
      "id": "adsdi-bus-1680",
      "geometry": {
        "type": "Point",
        "coordinates": [
          54.377454,
          24.469833
        ]
      },
      "properties": {
        "id": "adsdi-bus-1680",
        "objectId": 1680,
        "gtfsId": 420,
        "code": "00420A",
        "name": "Abu Dhabi Bus Station",
        "nameAr": "محطة حافلات أبوظبي",
        "stopNumber": 420,
        "zoneId": "al-nahyan",
        "sourceClass": "observed",
        "source": "adsdiBusStops"
      }
    },
    {
      "type": "Feature",
      "id": "adsdi-bus-349",
      "geometry": {
        "type": "Point",
        "coordinates": [
          54.370689,
          24.489226
        ]
      },
      "properties": {
        "id": "adsdi-bus-349",
        "objectId": 349,
        "gtfsId": 609,
        "code": "00609B",
        "name": "Fatimah Bint Mubarak St / ADNOC",
        "nameAr": "شارع فاطمة بنت مبارك / أدنوك",
        "stopNumber": 609,
        "zoneId": "al-danah",
        "sourceClass": "observed",
        "source": "adsdiBusStops"
      }
    },
    {
      "type": "Feature",
      "id": "adsdi-bus-8",
      "geometry": {
        "type": "Point",
        "coordinates": [
          54.401041,
          24.534851
        ]
      },
      "properties": {
        "id": "adsdi-bus-8",
        "objectId": 8,
        "gtfsId": 1170,
        "code": "01170B",
        "name": "Jacques Chirac St / Saadiyat Louvre",
        "nameAr": "شارع جاك شيراك / اللوفر السعديات",
        "stopNumber": 1170,
        "zoneId": "al-saadiyat",
        "sourceClass": "observed",
        "source": "adsdiBusStops"
      }
    },
    {
      "type": "Feature",
      "id": "adsdi-bus-3732",
      "geometry": {
        "type": "Point",
        "coordinates": [
          54.53403,
          24.343426
        ]
      },
      "properties": {
        "id": "adsdi-bus-3732",
        "objectId": 3732,
        "gtfsId": 10542,
        "code": "10542A",
        "name": "Musari St / Sareehah St",
        "nameAr": "شارع مُساري / شارع سريحه",
        "stopNumber": 10542,
        "zoneId": "mbz-zayed-city",
        "sourceClass": "observed",
        "source": "adsdiBusStops"
      }
    },
    {
      "type": "Feature",
      "id": "adsdi-bus-2072",
      "geometry": {
        "type": "Point",
        "coordinates": [
          54.502019,
          24.352065
        ]
      },
      "properties": {
        "id": "adsdi-bus-2072",
        "objectId": 2072,
        "gtfsId": 11690,
        "code": "11690B",
        "name": "St 13 /St 14",
        "nameAr": "ش. 13/ ش. 14",
        "stopNumber": 11690,
        "zoneId": "musaffah",
        "sourceClass": "observed",
        "source": "adsdiBusStops"
      }
    },
    {
      "type": "Feature",
      "id": "adsdi-bus-2662",
      "geometry": {
        "type": "Point",
        "coordinates": [
          54.517657,
          24.364391
        ]
      },
      "properties": {
        "id": "adsdi-bus-2662",
        "objectId": 2662,
        "gtfsId": 11101,
        "code": "11101B",
        "name": "All Saints Anglican Church",
        "nameAr": "الكنيسة الانجليكانية",
        "stopNumber": 11101,
        "zoneId": "musaffah",
        "sourceClass": "observed",
        "source": "adsdiBusStops"
      }
    },
    {
      "type": "Feature",
      "id": "adsdi-bus-3695",
      "geometry": {
        "type": "Point",
        "coordinates": [
          54.480609,
          24.411781
        ]
      },
      "properties": {
        "id": "adsdi-bus-3695",
        "objectId": 3695,
        "gtfsId": 3902,
        "code": "03902B",
        "name": "Al Majd St / Wahat Al Karamah",
        "nameAr": "شارع المَجد/ واحة الكرامة",
        "stopNumber": 3902,
        "zoneId": "al-rawdah",
        "sourceClass": "observed",
        "source": "adsdiBusStops"
      }
    },
    {
      "type": "Feature",
      "id": "adsdi-bus-1076",
      "geometry": {
        "type": "Point",
        "coordinates": [
          54.38667,
          24.453534
        ]
      },
      "properties": {
        "id": "adsdi-bus-1076",
        "objectId": 1076,
        "gtfsId": 243,
        "code": "00243A",
        "name": "Shk. Rashid Bin Saeed  St / Ministry of Information & Culture",
        "nameAr": "شارع الشيخ راشد بن سعيد / وزارة الاعلام و الثقافة",
        "stopNumber": 243,
        "zoneId": "al-nahyan",
        "sourceClass": "observed",
        "source": "adsdiBusStops"
      }
    },
    {
      "type": "Feature",
      "id": "adsdi-bus-990",
      "geometry": {
        "type": "Point",
        "coordinates": [
          54.373326,
          24.4888
        ]
      },
      "properties": {
        "id": "adsdi-bus-990",
        "objectId": 990,
        "gtfsId": 755,
        "code": "00755A",
        "name": "Al Mawkib St / Al Silaymi St",
        "nameAr": "شارع المَوْكِب / شارع السِّلَيْمِي",
        "stopNumber": 755,
        "zoneId": "al-danah",
        "sourceClass": "observed",
        "source": "adsdiBusStops"
      }
    },
    {
      "type": "Feature",
      "id": "adsdi-bus-3744",
      "geometry": {
        "type": "Point",
        "coordinates": [
          54.39472,
          24.498386
        ]
      },
      "properties": {
        "id": "adsdi-bus-3744",
        "objectId": 3744,
        "gtfsId": 760,
        "code": "00760B",
        "name": "Al Maryah St / Al Rami St 1",
        "nameAr": "شارع المارِية / شارع الرامي (1",
        "stopNumber": 760,
        "zoneId": "al-reem",
        "sourceClass": "observed",
        "source": "adsdiBusStops"
      }
    },
    {
      "type": "Feature",
      "id": "adsdi-bus-1474",
      "geometry": {
        "type": "Point",
        "coordinates": [
          54.540578,
          24.374281
        ]
      },
      "properties": {
        "id": "adsdi-bus-1474",
        "objectId": 1474,
        "gtfsId": 12042,
        "code": "12042B",
        "name": "St 79 / Mazyad Mall",
        "nameAr": "شارع 79 / مزيد مول",
        "stopNumber": 12042,
        "zoneId": "mbz-zayed-city",
        "sourceClass": "observed",
        "source": "adsdiBusStops"
      }
    },
    {
      "type": "Feature",
      "id": "adsdi-bus-300",
      "geometry": {
        "type": "Point",
        "coordinates": [
          54.439651,
          24.418035
        ]
      },
      "properties": {
        "id": "adsdi-bus-300",
        "objectId": 300,
        "gtfsId": 2462,
        "code": "02462A",
        "name": "Al Mu-atamarat St / ADNEC",
        "nameAr": "شارع المُؤتَمرات/ مركز ابوظبي الوطني للمعارض",
        "stopNumber": 2462,
        "zoneId": "al-rawdah",
        "sourceClass": "observed",
        "source": "adsdiBusStops"
      }
    },
    {
      "type": "Feature",
      "id": "adsdi-bus-3389",
      "geometry": {
        "type": "Point",
        "coordinates": [
          54.505797,
          24.411957
        ]
      },
      "properties": {
        "id": "adsdi-bus-3389",
        "objectId": 3389,
        "gtfsId": 3086,
        "code": "03086A",
        "name": "Al Maqtaʹ St / Al Itihad St",
        "nameAr": "شارع المَقطَع / شارع الإتحَاد",
        "stopNumber": 3086,
        "zoneId": "rabdan-al-maqta",
        "sourceClass": "observed",
        "source": "adsdiBusStops"
      }
    },
    {
      "type": "Feature",
      "id": "adsdi-bus-1717",
      "geometry": {
        "type": "Point",
        "coordinates": [
          54.370528,
          24.494777
        ]
      },
      "properties": {
        "id": "adsdi-bus-1717",
        "objectId": 1717,
        "gtfsId": 525,
        "code": "00525A",
        "name": "Hamdan St / Emirates Tower",
        "nameAr": "شارع حمدان/ برج الامارات",
        "stopNumber": 525,
        "zoneId": "al-danah",
        "sourceClass": "observed",
        "source": "adsdiBusStops"
      }
    },
    {
      "type": "Feature",
      "id": "adsdi-bus-1225",
      "geometry": {
        "type": "Point",
        "coordinates": [
          54.398165,
          24.492802
        ]
      },
      "properties": {
        "id": "adsdi-bus-1225",
        "objectId": 1225,
        "gtfsId": 1058,
        "code": "01058B",
        "name": "Al Matlaʹi St / Hazzaʹ Bin Zayed St",
        "nameAr": "شارع المِطْلَعِي/ شارع هزاع بن زايد",
        "stopNumber": 1058,
        "zoneId": "al-reem",
        "sourceClass": "observed",
        "source": "adsdiBusStops"
      }
    },
    {
      "type": "Feature",
      "id": "adsdi-bus-3981",
      "geometry": {
        "type": "Point",
        "coordinates": [
          54.504273,
          24.403751
        ]
      },
      "properties": {
        "id": "adsdi-bus-3981",
        "objectId": 3981,
        "gtfsId": 3531,
        "code": "03531A",
        "name": "Al Itihad St / Healthcare Center",
        "nameAr": "شارع الإتحَاد / مركز المقطع الصحي",
        "stopNumber": 3531,
        "zoneId": "rabdan-al-maqta",
        "sourceClass": "observed",
        "source": "adsdiBusStops"
      }
    },
    {
      "type": "Feature",
      "id": "adsdi-bus-3987",
      "geometry": {
        "type": "Point",
        "coordinates": [
          54.569147,
          24.425624
        ]
      },
      "properties": {
        "id": "adsdi-bus-3987",
        "objectId": 3987,
        "gtfsId": 16100,
        "code": "16100A",
        "name": "Stop 16100",
        "nameAr": "موقف 16100",
        "stopNumber": 16100,
        "zoneId": "khalifa-city",
        "sourceClass": "observed",
        "source": "adsdiBusStops"
      }
    },
    {
      "type": "Feature",
      "id": "adsdi-bus-4030",
      "geometry": {
        "type": "Point",
        "coordinates": [
          54.341525,
          24.472156
        ]
      },
      "properties": {
        "id": "adsdi-bus-4030",
        "objectId": 4030,
        "gtfsId": 3002,
        "code": "03002B",
        "name": "Al Khaleej Al Arabi St / Corniche St",
        "nameAr": "شارع الخَلِيج العَرَبي/ شارع الكورنيش",
        "stopNumber": 3002,
        "zoneId": "al-bateen",
        "sourceClass": "observed",
        "source": "adsdiBusStops"
      }
    },
    {
      "type": "Feature",
      "id": "adsdi-bus-194",
      "geometry": {
        "type": "Point",
        "coordinates": [
          54.616473,
          24.483497
        ]
      },
      "properties": {
        "id": "adsdi-bus-194",
        "objectId": 194,
        "gtfsId": 19504,
        "code": "19504A",
        "name": "Al Maha St / Marina Circuit East",
        "nameAr": "شارع المَهَا / حلبة ياس مارينا (شرق)",
        "stopNumber": 19504,
        "zoneId": "yas-island",
        "sourceClass": "observed",
        "source": "adsdiBusStops"
      }
    },
    {
      "type": "Feature",
      "id": "adsdi-bus-2015",
      "geometry": {
        "type": "Point",
        "coordinates": [
          54.457469,
          24.420649
        ]
      },
      "properties": {
        "id": "adsdi-bus-2015",
        "objectId": 2015,
        "gtfsId": 2480,
        "code": "02480A",
        "name": "Mshajjar St / Apple Garden",
        "nameAr": "شارع مْشَجَّر / حديقة التفاح",
        "stopNumber": 2480,
        "zoneId": "al-rawdah",
        "sourceClass": "observed",
        "source": "adsdiBusStops"
      }
    },
    {
      "type": "Feature",
      "id": "adsdi-bus-3346",
      "geometry": {
        "type": "Point",
        "coordinates": [
          54.341904,
          24.45646
        ]
      },
      "properties": {
        "id": "adsdi-bus-3346",
        "objectId": 3346,
        "gtfsId": 3418,
        "code": "03418A",
        "name": "King Abdullah Bin Abdulaziz Al Saud St / Abu Dhabi Executive Council",
        "nameAr": "ش الملك عبدالله بن عبدالعزيزآل سعود /  مجلس ابوظبي التنفيذي",
        "stopNumber": 3418,
        "zoneId": "al-bateen",
        "sourceClass": "observed",
        "source": "adsdiBusStops"
      }
    },
    {
      "type": "Feature",
      "id": "adsdi-bus-1623",
      "geometry": {
        "type": "Point",
        "coordinates": [
          54.53409,
          24.324468
        ]
      },
      "properties": {
        "id": "adsdi-bus-1623",
        "objectId": 1623,
        "gtfsId": 10593,
        "code": "10593B",
        "name": "Naseem Al Barr St / Al Jarayid St",
        "nameAr": "شارع نسيم البر/شارع الجَرَايِد",
        "stopNumber": 10593,
        "zoneId": "mbz-zayed-city",
        "sourceClass": "observed",
        "source": "adsdiBusStops"
      }
    },
    {
      "type": "Feature",
      "id": "adsdi-bus-3148",
      "geometry": {
        "type": "Point",
        "coordinates": [
          54.536296,
          24.324552
        ]
      },
      "properties": {
        "id": "adsdi-bus-3148",
        "objectId": 3148,
        "gtfsId": 10595,
        "code": "10595B",
        "name": "Naseem Al Barr St / Al Daraj St",
        "nameAr": "شارع نسيم البر/ شارع الدراج",
        "stopNumber": 10595,
        "zoneId": "mbz-zayed-city",
        "sourceClass": "observed",
        "source": "adsdiBusStops"
      }
    },
    {
      "type": "Feature",
      "id": "adsdi-bus-443",
      "geometry": {
        "type": "Point",
        "coordinates": [
          54.370586,
          24.461205
        ]
      },
      "properties": {
        "id": "adsdi-bus-443",
        "objectId": 443,
        "gtfsId": 2412,
        "code": "02412A",
        "name": "Al Karamah St / Delma St",
        "nameAr": "شارع الكرامة / شارع دلما",
        "stopNumber": 2412,
        "zoneId": "al-manhal-karamah",
        "sourceClass": "observed",
        "source": "adsdiBusStops"
      }
    },
    {
      "type": "Feature",
      "id": "adsdi-bus-2656",
      "geometry": {
        "type": "Point",
        "coordinates": [
          54.380639,
          24.459472
        ]
      },
      "properties": {
        "id": "adsdi-bus-2656",
        "objectId": 2656,
        "gtfsId": 235,
        "code": "00235B",
        "name": "Shk. Rashid Bin Saeed St / ITC Bus Depot",
        "nameAr": "شارع الشيخ راشد بن سعيد / محطة ايواء الحافلات مركز النقل المتكامل",
        "stopNumber": 235,
        "zoneId": "al-manhal-karamah",
        "sourceClass": "observed",
        "source": "adsdiBusStops"
      }
    },
    {
      "type": "Feature",
      "id": "adsdi-bus-984",
      "geometry": {
        "type": "Point",
        "coordinates": [
          54.34252,
          24.47098
        ]
      },
      "properties": {
        "id": "adsdi-bus-984",
        "objectId": 984,
        "gtfsId": 3003,
        "code": "03003B",
        "name": "Al Khaleej Al Arabi St / Zayed The First St",
        "nameAr": "شارع الخَلِيج العَرَبي/ شارع زايد الأول",
        "stopNumber": 3003,
        "zoneId": "al-bateen",
        "sourceClass": "observed",
        "source": "adsdiBusStops"
      }
    },
    {
      "type": "Feature",
      "id": "adsdi-bus-2607",
      "geometry": {
        "type": "Point",
        "coordinates": [
          54.407339,
          24.491504
        ]
      },
      "properties": {
        "id": "adsdi-bus-2607",
        "objectId": 2607,
        "gtfsId": 778,
        "code": "00778B",
        "name": "Al Reem St / Al Falaq St",
        "nameAr": "شارع الرِّيم / شارع الفلق",
        "stopNumber": 778,
        "zoneId": "al-reem",
        "sourceClass": "observed",
        "source": "adsdiBusStops"
      }
    },
    {
      "type": "Feature",
      "id": "adsdi-bus-3787",
      "geometry": {
        "type": "Point",
        "coordinates": [
          54.602544,
          24.490273
        ]
      },
      "properties": {
        "id": "adsdi-bus-3787",
        "objectId": 3787,
        "gtfsId": 19518,
        "code": "19518A",
        "name": "Al Maha St / Water World",
        "nameAr": "شارع المَهَا / ياس وترورلد",
        "stopNumber": 19518,
        "zoneId": "yas-island",
        "sourceClass": "observed",
        "source": "adsdiBusStops"
      }
    }
  ]
}
