{
  "type": "FeatureCollection",
  "name": "udes-v2-abu-dhabi-zones",
  "bbox": [54.28, 24.24, 54.78, 24.62],
  "metadata": {
    "source": "adsdiCommunities",
    "sourceClass": "observed",
    "modified": "Official community polygons were simplified, filtered to the contiguous city cluster and grouped by district into the model zones described in baseline.json.",
    "attribution": "Department of Government Enablement — Abu Dhabi Spatial Data Infrastructure"
  },
  "features": [
    {
      "type": "Feature",
      "id": "al-bateen",
      "geometry": {
        "type": "MultiPolygon",
        "coordinates": [
          [
            [
              [54.361033, 24.440867],
              [54.363186, 24.44258],
              [54.358266, 24.447684],
              [54.356132, 24.445958],
              [54.361033, 24.440867]
            ]
          ],
          [
            [
              [54.339768, 24.466906],
              [54.336621, 24.470446],
              [54.332668, 24.468061],
              [54.336395, 24.463828],
              [54.339768, 24.466906]
            ]
          ],
          [
            [
              [54.361033, 24.440867],
              [54.366304, 24.435392],
              [54.368459, 24.437107],
              [54.363186, 24.44258],
              [54.361033, 24.440867]
            ]
          ],
          [
            [
              [54.332595, 24.465184],
              [54.334217, 24.466292],
              [54.332668, 24.468061],
              [54.32901, 24.465873],
              [54.330655, 24.463859],
              [54.332595, 24.465184]
            ]
          ],
          [
            [
              [54.343067, 24.463481],
              [54.341129, 24.465493],
              [54.335292, 24.457727],
              [54.33844, 24.457003],
              [54.338905, 24.457792],
              [54.343067, 24.463481]
            ]
          ],
          [
            [
              [54.350346, 24.45196],
              [54.356132, 24.445958],
              [54.358266, 24.447684],
              [54.352387, 24.453797],
              [54.350346, 24.45196]
            ]
          ],
          [
            [
              [54.334776, 24.462329],
              [54.337497, 24.460662],
              [54.341129, 24.465493],
              [54.339768, 24.466906],
              [54.334776, 24.462329]
            ]
          ],
          [
            [
              [54.334776, 24.462329],
              [54.330829, 24.458752],
              [54.335292, 24.457727],
              [54.337497, 24.460662],
              [54.334776, 24.462329]
            ]
          ],
          [
            [
              [54.332595, 24.465184],
              [54.334859, 24.462406],
              [54.336395, 24.463828],
              [54.334217, 24.466292],
              [54.332595, 24.465184]
            ]
          ],
          [
            [
              [54.334121, 24.452689],
              [54.337047, 24.453318],
              [54.337294, 24.454138],
              [54.337768, 24.454035],
              [54.337911, 24.454577],
              [54.337687, 24.454631],
              [54.3381, 24.456115],
              [54.33844, 24.457003],
              [54.335449, 24.457691],
              [54.33473, 24.455067],
              [54.334518, 24.454674],
              [54.334528, 24.454213],
              [54.334121, 24.452689]
            ]
          ],
          [
            [
              [54.352387, 24.453797],
              [54.343067, 24.463481],
              [54.338905, 24.457792],
              [54.33844, 24.457003],
              [54.341108, 24.456357],
              [54.344253, 24.455763],
              [54.352325, 24.453741],
              [54.352387, 24.453797]
            ]
          ],
          [
            [
              [54.330003, 24.452849],
              [54.331833, 24.452483],
              [54.332685, 24.452452],
              [54.334121, 24.452689],
              [54.334528, 24.454213],
              [54.334518, 24.454674],
              [54.33473, 24.455067],
              [54.335449, 24.457691],
              [54.331064, 24.458698],
              [54.330327, 24.455986],
              [54.330399, 24.455763],
              [54.33, 24.454315],
              [54.330003, 24.452849]
            ]
          ],
          [
            [
              [54.345537, 24.478287],
              [54.341984, 24.481891],
              [54.341593, 24.481192],
              [54.339357, 24.478399],
              [54.337132, 24.476251],
              [54.333652, 24.473523],
              [54.331721, 24.472178],
              [54.330443, 24.471543],
              [54.327068, 24.470697],
              [54.323116, 24.470124],
              [54.322313, 24.47013],
              [54.323135, 24.4647],
              [54.323486, 24.463896],
              [54.324229, 24.462992],
              [54.324378, 24.463059],
              [54.341291, 24.4732],
              [54.342581, 24.474232],
              [54.343841, 24.475535],
              [54.344555, 24.476495],
              [54.345537, 24.478287]
            ]
          ],
          [
            [
              [54.361461, 24.450257],
              [54.355429, 24.456534],
              [54.352387, 24.453797],
              [54.358266, 24.447684],
              [54.361461, 24.450257]
            ]
          ],
          [
            [
              [54.327686, 24.462609],
              [54.326333, 24.464271],
              [54.324219, 24.462983],
              [54.325658, 24.461226],
              [54.327686, 24.462609]
            ]
          ],
          [
            [
              [54.341021, 24.473048],
              [54.336621, 24.470446],
              [54.339768, 24.466906],
              [54.343346, 24.469789],
              [54.343174, 24.47047],
              [54.343026, 24.47068],
              [54.341021, 24.473048]
            ]
          ],
          [
            [
              [54.358094, 24.438528],
              [54.361033, 24.440867],
              [54.357886, 24.444136],
              [54.350175, 24.437907],
              [54.353875, 24.43517],
              [54.358094, 24.438528]
            ]
          ],
          [
            [
              [54.349332, 24.4629],
              [54.344136, 24.468268],
              [54.34378, 24.468698],
              [54.343338, 24.469782],
              [54.339768, 24.466906],
              [54.346161, 24.460271],
              [54.349332, 24.4629]
            ]
          ],
          [
            [
              [54.373389, 24.43199],
              [54.368459, 24.437107],
              [54.366304, 24.435392],
              [54.3699, 24.431674],
              [54.370718, 24.43098],
              [54.371582, 24.430394],
              [54.373389, 24.43199]
            ]
          ],
          [
            [
              [54.355429, 24.456534],
              [54.349326, 24.462874],
              [54.346161, 24.460271],
              [54.352387, 24.453797],
              [54.355429, 24.456534]
            ]
          ],
          [
            [
              [54.347078, 24.455055],
              [54.344253, 24.455763],
              [54.341108, 24.456357],
              [54.33844, 24.457003],
              [54.3381, 24.456115],
              [54.337687, 24.454631],
              [54.337911, 24.454577],
              [54.337768, 24.454035],
              [54.337294, 24.454138],
              [54.337047, 24.453318],
              [54.333355, 24.452514],
              [54.332685, 24.452452],
              [54.331017, 24.452601],
              [54.330003, 24.452849],
              [54.326767, 24.448333],
              [54.34031, 24.445202],
              [54.341494, 24.45163],
              [54.342065, 24.452172],
              [54.342937, 24.452241],
              [54.344571, 24.45211],
              [54.346211, 24.451659],
              [54.347299, 24.451022],
              [54.347443, 24.450711],
              [54.347236, 24.45044],
              [54.347199, 24.450163],
              [54.347714, 24.450102],
              [54.347816, 24.449685],
              [54.352325, 24.453741],
              [54.347078, 24.455055]
            ]
          ],
          [
            [
              [54.332595, 24.465184],
              [54.330655, 24.463859],
              [54.330288, 24.464307],
              [54.329825, 24.463991],
              [54.330229, 24.463495],
              [54.329604, 24.463068],
              [54.3292, 24.463565],
              [54.327727, 24.462559],
              [54.330829, 24.458752],
              [54.334859, 24.462406],
              [54.332595, 24.465184]
            ]
          ],
          [
            [
              [54.330829, 24.458752],
              [54.328134, 24.462059],
              [54.325184, 24.460048],
              [54.330829, 24.458752]
            ]
          ],
          [
            [
              [54.366304, 24.435392],
              [54.361033, 24.440867],
              [54.353875, 24.43517],
              [54.363897, 24.427757],
              [54.367174, 24.425793],
              [54.370955, 24.42987],
              [54.371582, 24.430394],
              [54.370718, 24.43098],
              [54.3699, 24.431674],
              [54.366304, 24.435392]
            ]
          ],
          [
            [
              [54.366397, 24.445123],
              [54.361461, 24.450257],
              [54.358266, 24.447684],
              [54.363186, 24.44258],
              [54.366397, 24.445123]
            ]
          ],
          [
            [
              [54.330288, 24.464307],
              [54.32901, 24.465873],
              [54.326333, 24.464271],
              [54.327727, 24.462559],
              [54.3292, 24.463565],
              [54.329604, 24.463068],
              [54.330229, 24.463495],
              [54.329825, 24.463991],
              [54.330288, 24.464307]
            ]
          ],
          [
            [
              [54.371662, 24.439646],
              [54.366397, 24.445123],
              [54.363186, 24.44258],
              [54.368459, 24.437107],
              [54.371662, 24.439646]
            ]
          ],
          [
            [
              [54.376712, 24.434587],
              [54.371662, 24.439646],
              [54.368459, 24.437107],
              [54.37341, 24.431968],
              [54.376712, 24.434587]
            ]
          ],
          [
            [
              [54.325184, 24.460048],
              [54.321713, 24.460849],
              [54.318162, 24.457815],
              [54.318075, 24.457383],
              [54.318291, 24.456152],
              [54.318009, 24.455269],
              [54.316468, 24.453093],
              [54.315512, 24.451289],
              [54.314635, 24.44875],
              [54.317299, 24.448765],
              [54.326767, 24.448333],
              [54.330003, 24.452849],
              [54.33, 24.454315],
              [54.330399, 24.455763],
              [54.330327, 24.455986],
              [54.331064, 24.458698],
              [54.325184, 24.460048]
            ]
          ],
          [
            [
              [54.347714, 24.450102],
              [54.347199, 24.450163],
              [54.347236, 24.45044],
              [54.347443, 24.450711],
              [54.347292, 24.451029],
              [54.346211, 24.451659],
              [54.344571, 24.45211],
              [54.342937, 24.452241],
              [54.342065, 24.452172],
              [54.341494, 24.45163],
              [54.34031, 24.445202],
              [54.350175, 24.437907],
              [54.357886, 24.444136],
              [54.350346, 24.45196],
              [54.347816, 24.449685],
              [54.347714, 24.450102]
            ]
          ],
          [
            [
              [54.324246, 24.46295],
              [54.323611, 24.462494],
              [54.321713, 24.460849],
              [54.325184, 24.460048],
              [54.328134, 24.462059],
              [54.327686, 24.462609],
              [54.325658, 24.461226],
              [54.324246, 24.46295]
            ]
          ]
        ]
      },
      "properties": {
        "id": "al-bateen",
        "name": "Al Bateen",
        "officialDistrictIds": [1300],
        "officialDistrictNames": ["AL BATEEN"],
        "officialCommunityIds": [
          "329",
          "695",
          "336",
          "789",
          "360",
          "328",
          "490",
          "617",
          "286",
          "361",
          "411",
          "385",
          "4910",
          "261",
          "786",
          "91",
          "682",
          "669",
          "254",
          "44",
          "349",
          "384",
          "383",
          "337",
          "260",
          "783",
          "140",
          "37",
          "710",
          "416",
          "785"
        ],
        "officialCommunityNames": [
          "W28",
          "W12",
          "W27",
          "W45",
          "W39",
          "W29",
          "W37",
          "W36",
          "W38",
          "W34",
          "W16",
          "W33",
          "W10_01",
          "W18_03",
          "W43",
          "W10",
          "W28_01",
          "W11",
          "W25_01",
          "W17_03",
          "W35",
          "W41",
          "W40",
          "W27_01",
          "W20",
          "W44",
          "W21",
          "W25",
          "W32",
          "W30",
          "W42"
        ],
        "centroid": [54.345, 24.452],
        "geometryCentroid": [54.34464, 24.452354],
        "areaKm2": 14.05,
        "geometrySourceClass": "observed",
        "source": "adsdiCommunities",
        "excludedDisplacedCommunityRecords": 0,
        "mappingNote": null
      }
    },
    {
      "type": "Feature",
      "id": "al-danah",
      "geometry": {
        "type": "MultiPolygon",
        "coordinates": [
          [
            [
              [54.365794, 24.495198],
              [54.361451, 24.492128],
              [54.363384, 24.489842],
              [54.367726, 24.492911],
              [54.365794, 24.495198]
            ]
          ],
          [
            [
              [54.370067, 24.479124],
              [54.365367, 24.4758],
              [54.370672, 24.470189],
              [54.37545, 24.473607],
              [54.371243, 24.477805],
              [54.370067, 24.479124]
            ]
          ],
          [
            [
              [54.360832, 24.491691],
              [54.361451, 24.492128],
              [54.358666, 24.495426],
              [54.354374, 24.492436],
              [54.352788, 24.491157],
              [54.353614, 24.490181],
              [54.356224, 24.491551],
              [54.357882, 24.489605],
              [54.360832, 24.491691]
            ]
          ],
          [
            [
              [54.379184, 24.489214],
              [54.374938, 24.49424],
              [54.369719, 24.490552],
              [54.375935, 24.483272],
              [54.381112, 24.486931],
              [54.379184, 24.489214]
            ]
          ],
          [
            [
              [54.357109, 24.490512],
              [54.356224, 24.491551],
              [54.353614, 24.490181],
              [54.355468, 24.487898],
              [54.357882, 24.489605],
              [54.357109, 24.490512]
            ]
          ],
          [
            [
              [54.369719, 24.490552],
              [54.374938, 24.49424],
              [54.372944, 24.4966],
              [54.367726, 24.492911],
              [54.369719, 24.490552]
            ]
          ],
          [
            [
              [54.365794, 24.495198],
              [54.367726, 24.492911],
              [54.372944, 24.4966],
              [54.371102, 24.49878],
              [54.370086, 24.499348],
              [54.369023, 24.499661],
              [54.365794, 24.495198]
            ]
          ],
          [
            [
              [54.352942, 24.491302],
              [54.354374, 24.492436],
              [54.358666, 24.495426],
              [54.362852, 24.498652],
              [54.361502, 24.500445],
              [54.358218, 24.498871],
              [54.355731, 24.497556],
              [54.352776, 24.495597],
              [54.35046, 24.493857],
              [54.352788, 24.491157],
              [54.352942, 24.491302]
            ]
          ],
          [
            [
              [54.362852, 24.498652],
              [54.365794, 24.495198],
              [54.369023, 24.499661],
              [54.367414, 24.49985],
              [54.365402, 24.49972],
              [54.364048, 24.499343],
              [54.363201, 24.498941],
              [54.362852, 24.498652]
            ]
          ],
          [
            [
              [54.370067, 24.479124],
              [54.369079, 24.480499],
              [54.364871, 24.48712],
              [54.361114, 24.484447],
              [54.359106, 24.482753],
              [54.360602, 24.481002],
              [54.365367, 24.4758],
              [54.370067, 24.479124]
            ]
          ],
          [
            [
              [54.359815, 24.487319],
              [54.363384, 24.489842],
              [54.361451, 24.492128],
              [54.357882, 24.489605],
              [54.359815, 24.487319]
            ]
          ],
          [
            [
              [54.359815, 24.487319],
              [54.357882, 24.489605],
              [54.355468, 24.487898],
              [54.357174, 24.485451],
              [54.359815, 24.487319]
            ]
          ],
          [
            [
              [54.362852, 24.498652],
              [54.358666, 24.495426],
              [54.361451, 24.492128],
              [54.365794, 24.495198],
              [54.362852, 24.498652]
            ]
          ],
          [
            [
              [54.370067, 24.479124],
              [54.371243, 24.477805],
              [54.37545, 24.473607],
              [54.381648, 24.477918],
              [54.375935, 24.483272],
              [54.370067, 24.479124]
            ]
          ],
          [
            [
              [54.369719, 24.490552],
              [54.367726, 24.492911],
              [54.356975, 24.48531],
              [54.359106, 24.482753],
              [54.361257, 24.484552],
              [54.369719, 24.490552]
            ]
          ],
          [
            [
              [54.375935, 24.483272],
              [54.381648, 24.477918],
              [54.383367, 24.478849],
              [54.386848, 24.480493],
              [54.384742, 24.48316],
              [54.383061, 24.485001],
              [54.381112, 24.486931],
              [54.375935, 24.483272]
            ]
          ],
          [
            [
              [54.370067, 24.479124],
              [54.375935, 24.483272],
              [54.369719, 24.490552],
              [54.364871, 24.48712],
              [54.369079, 24.480499],
              [54.370067, 24.479124]
            ]
          ]
        ]
      },
      "properties": {
        "id": "al-danah",
        "name": "Al Danah",
        "officialDistrictIds": [1301],
        "officialDistrictNames": ["AL DANAH"],
        "officialCommunityIds": [
          "274",
          "620",
          "610",
          "312",
          "157",
          "281",
          "309",
          "4596",
          "697",
          "311",
          "680",
          "156",
          "608",
          "451",
          "172",
          "20",
          "310"
        ],
        "officialCommunityNames": [
          "E8",
          "E18_01",
          "E5",
          "E11",
          "E1",
          "E10",
          "E9_02",
          "E1_01",
          "E9_01",
          "E4_01",
          "E6",
          "E2",
          "E7",
          "E18_02",
          "E3",
          "E18_03",
          "E4_02"
        ],
        "centroid": [54.369, 24.486],
        "geometryCentroid": [54.368485, 24.486576],
        "areaKm2": 6.37,
        "geometrySourceClass": "observed",
        "source": "adsdiCommunities",
        "excludedDisplacedCommunityRecords": 0,
        "mappingNote": null
      }
    },
    {
      "type": "Feature",
      "id": "al-khalidiyah",
      "geometry": {
        "type": "MultiPolygon",
        "coordinates": [
          [
            [
              [54.361264, 24.461782],
              [54.355464, 24.467816],
              [54.352342, 24.465303],
              [54.358293, 24.45911],
              [54.361264, 24.461782]
            ]
          ],
          [
            [
              [54.358293, 24.45911],
              [54.352342, 24.465303],
              [54.349326, 24.462874],
              [54.355429, 24.456534],
              [54.358293, 24.45911]
            ]
          ],
          [
            [
              [54.35117, 24.464359],
              [54.344806, 24.470966],
              [54.343338, 24.469782],
              [54.34378, 24.468698],
              [54.344136, 24.468268],
              [54.349344, 24.462888],
              [54.35117, 24.464359]
            ]
          ],
          [
            [
              [54.351979, 24.471433],
              [54.349099, 24.474423],
              [54.344806, 24.470966],
              [54.35117, 24.464359],
              [54.355464, 24.467816],
              [54.351979, 24.471433]
            ]
          ],
          [
            [
              [54.345493, 24.478211],
              [54.344555, 24.476495],
              [54.343841, 24.475535],
              [54.342581, 24.474232],
              [54.341671, 24.473474],
              [54.341021, 24.473048],
              [54.343026, 24.47068],
              [54.343174, 24.47047],
              [54.343346, 24.469789],
              [54.349099, 24.474423],
              [54.345493, 24.478211]
            ]
          ]
        ]
      },
      "properties": {
        "id": "al-khalidiyah",
        "name": "Al Khalidiyah",
        "officialDistrictIds": [1290],
        "officialDistrictNames": ["AL KHALIDIYAH"],
        "officialCommunityIds": ["567", "19", "4911", "568", "207"],
        "officialCommunityNames": ["W17_01", "W17_02", "W9_01", "W9", "W8"],
        "centroid": [54.351, 24.467],
        "geometryCentroid": [54.350935, 24.467013],
        "areaKm2": 1.89,
        "geometrySourceClass": "observed",
        "source": "adsdiCommunities",
        "excludedDisplacedCommunityRecords": 0,
        "mappingNote": null
      }
    },
    {
      "type": "Feature",
      "id": "al-manhal-karamah",
      "geometry": {
        "type": "MultiPolygon",
        "coordinates": [
          [
            [
              [54.365927, 24.465977],
              [54.372479, 24.459042],
              [54.377472, 24.462993],
              [54.370672, 24.470189],
              [54.365927, 24.465977]
            ]
          ],
          [
            [
              [54.365927, 24.465977],
              [54.360416, 24.471809],
              [54.355464, 24.467816],
              [54.361264, 24.461782],
              [54.365927, 24.465977]
            ]
          ],
          [
            [
              [54.364471, 24.452681],
              [54.358293, 24.45911],
              [54.355429, 24.456534],
              [54.361461, 24.450257],
              [54.364471, 24.452681]
            ]
          ],
          [
            [
              [54.358293, 24.45911],
              [54.364471, 24.452681],
              [54.367592, 24.455194],
              [54.361264, 24.461782],
              [54.358293, 24.45911]
            ]
          ],
          [
            [
              [54.365927, 24.465977],
              [54.361264, 24.461782],
              [54.367592, 24.455194],
              [54.372479, 24.459042],
              [54.365927, 24.465977]
            ]
          ],
          [
            [
              [54.367592, 24.455194],
              [54.364471, 24.452681],
              [54.369427, 24.447523],
              [54.372569, 24.450012],
              [54.367592, 24.455194]
            ]
          ],
          [
            [
              [54.367592, 24.455194],
              [54.372569, 24.450012],
              [54.377397, 24.453835],
              [54.372479, 24.459042],
              [54.367592, 24.455194]
            ]
          ],
          [
            [
              [54.377397, 24.453835],
              [54.382389, 24.457788],
              [54.377472, 24.462993],
              [54.372479, 24.459042],
              [54.377397, 24.453835]
            ]
          ],
          [
            [
              [54.365927, 24.465977],
              [54.370672, 24.470189],
              [54.365367, 24.4758],
              [54.360416, 24.471809],
              [54.365927, 24.465977]
            ]
          ],
          [
            [
              [54.369427, 24.447523],
              [54.364471, 24.452681],
              [54.361461, 24.450257],
              [54.366397, 24.445123],
              [54.369427, 24.447523]
            ]
          ],
          [
            [
              [54.365367, 24.4758],
              [54.362033, 24.47944],
              [54.351979, 24.471433],
              [54.355464, 24.467816],
              [54.365367, 24.4758]
            ]
          ]
        ]
      },
      "properties": {
        "id": "al-manhal-karamah",
        "name": "Al Manhal / Al Karamah",
        "officialDistrictIds": [1294],
        "officialDistrictNames": ["AL MANHAL"],
        "officialCommunityIds": ["618", "555", "262", "578", "112", "577", "33", "111", "630", "259", "406"],
        "officialCommunityNames": ["W14_02", "W13_02", "W18_02", "W18_01", "W14_01", "W19_02", "W15_01", "W15_02", "W13_01", "W19_01", "W4_01"],
        "centroid": [54.366, 24.462],
        "geometryCentroid": [54.366373, 24.461849],
        "areaKm2": 5.61,
        "geometrySourceClass": "observed",
        "source": "adsdiCommunities",
        "excludedDisplacedCommunityRecords": 0,
        "mappingNote": "Official Al Manhal polygon used for the combined familiar-area label."
      }
    },
    {
      "type": "Feature",
      "id": "al-mushrif",
      "geometry": {
        "type": "MultiPolygon",
        "coordinates": [
          [
            [
              [54.393912, 24.44559],
              [54.392489, 24.447097],
              [54.387502, 24.443145],
              [54.388971, 24.441585],
              [54.393964, 24.445535],
              [54.393912, 24.44559]
            ]
          ],
          [
            [
              [54.372983, 24.443828],
              [54.369427, 24.447523],
              [54.366397, 24.445123],
              [54.371662, 24.439646],
              [54.374694, 24.442049],
              [54.372983, 24.443828]
            ]
          ],
          [
            [
              [54.379639, 24.436909],
              [54.374694, 24.442049],
              [54.371662, 24.439646],
              [54.376712, 24.434587],
              [54.379639, 24.436909]
            ]
          ],
          [
            [
              [54.391027, 24.439402],
              [54.39125, 24.439572],
              [54.391372, 24.439455],
              [54.391806, 24.439797],
              [54.391688, 24.439924],
              [54.396035, 24.443342],
              [54.393964, 24.445535],
              [54.388971, 24.441585],
              [54.389859, 24.440715],
              [54.389831, 24.440561],
              [54.390926, 24.439412],
              [54.391027, 24.439402]
            ]
          ],
          [
            [
              [54.413754, 24.432607],
              [54.404628, 24.436259],
              [54.400258, 24.427179],
              [54.409906, 24.424513],
              [54.413754, 24.432607]
            ]
          ],
          [
            [
              [54.401363, 24.429476],
              [54.399657, 24.430261],
              [54.398002, 24.431146],
              [54.395728, 24.432622],
              [54.395638, 24.432514],
              [54.393569, 24.433931],
              [54.393103, 24.429445],
              [54.392907, 24.429209],
              [54.400258, 24.427179],
              [54.401363, 24.429476]
            ]
          ],
          [
            [
              [54.385135, 24.445651],
              [54.390121, 24.449603],
              [54.382389, 24.457788],
              [54.377397, 24.453835],
              [54.385135, 24.445651]
            ]
          ],
          [
            [
              [54.385086, 24.431257],
              [54.379639, 24.436909],
              [54.376712, 24.434587],
              [54.377847, 24.433693],
              [54.379565, 24.432766],
              [54.380969, 24.432289],
              [54.385086, 24.431257]
            ]
          ],
          [
            [
              [54.396643, 24.439729],
              [54.398254, 24.440993],
              [54.396035, 24.443342],
              [54.391688, 24.439924],
              [54.391806, 24.439797],
              [54.391372, 24.439455],
              [54.39125, 24.439572],
              [54.391027, 24.439402],
              [54.392415, 24.439211],
              [54.392076, 24.437078],
              [54.39285, 24.436945],
              [54.392965, 24.436841],
              [54.396643, 24.439729]
            ]
          ],
          [
            [
              [54.392965, 24.436841],
              [54.39285, 24.436945],
              [54.392076, 24.437078],
              [54.392415, 24.439211],
              [54.390926, 24.439412],
              [54.389831, 24.440561],
              [54.389859, 24.440715],
              [54.387502, 24.443145],
              [54.379639, 24.436909],
              [54.385086, 24.431257],
              [54.392907, 24.429209],
              [54.393103, 24.429445],
              [54.393733, 24.435543],
              [54.392849, 24.435535],
              [54.392855, 24.435852],
              [54.391801, 24.435928],
              [54.392965, 24.436841]
            ]
          ],
          [
            [
              [54.372569, 24.450012],
              [54.369427, 24.447523],
              [54.372983, 24.443828],
              [54.376124, 24.44631],
              [54.375654, 24.4468],
              [54.377188, 24.448115],
              [54.377703, 24.448162],
              [54.378981, 24.447754],
              [54.379082, 24.447548],
              [54.380183, 24.450346],
              [54.380478, 24.45058],
              [54.377397, 24.453835],
              [54.372569, 24.450012]
            ]
          ],
          [
            [
              [54.385135, 24.445651],
              [54.387502, 24.443145],
              [54.392489, 24.447097],
              [54.390121, 24.449603],
              [54.385135, 24.445651]
            ]
          ],
          [
            [
              [54.399409, 24.439783],
              [54.398254, 24.440993],
              [54.391801, 24.435928],
              [54.392855, 24.435852],
              [54.392849, 24.435535],
              [54.393733, 24.435543],
              [54.393569, 24.433931],
              [54.395638, 24.432514],
              [54.395728, 24.432622],
              [54.398002, 24.431146],
              [54.399657, 24.430261],
              [54.401363, 24.429476],
              [54.404628, 24.436259],
              [54.403127, 24.437003],
              [54.401915, 24.437742],
              [54.400576, 24.438732],
              [54.399409, 24.439783]
            ]
          ],
          [
            [
              [54.385135, 24.445651],
              [54.380478, 24.45058],
              [54.380183, 24.450346],
              [54.379082, 24.447548],
              [54.378981, 24.447754],
              [54.377703, 24.448162],
              [54.377188, 24.448115],
              [54.375654, 24.4468],
              [54.376124, 24.44631],
              [54.372983, 24.443828],
              [54.379639, 24.436909],
              [54.387502, 24.443145],
              [54.385135, 24.445651]
            ]
          ]
        ]
      },
      "properties": {
        "id": "al-mushrif",
        "name": "Al Mushrif",
        "officialDistrictIds": [1291],
        "officialDistrictNames": ["AL MUSHRIF"],
        "officialCommunityIds": ["296", "40", "159", "170", "61", "449", "196", "221", "57", "450", "41", "370", "58", "34"],
        "officialCommunityNames": [
          "W46",
          "W22",
          "W26",
          "W46_01",
          "W47",
          "W52_01",
          "W24_02",
          "W52_03",
          "W46_02",
          "W52_02",
          "W23",
          "W24_01",
          "W52",
          "W23_01"
        ],
        "centroid": [54.389, 24.44],
        "geometryCentroid": [54.388547, 24.439704],
        "areaKm2": 7.61,
        "geometrySourceClass": "observed",
        "source": "adsdiCommunities",
        "excludedDisplacedCommunityRecords": 0,
        "mappingNote": null
      }
    },
    {
      "type": "Feature",
      "id": "al-nahyan",
      "geometry": {
        "type": "MultiPolygon",
        "coordinates": [
          [
            [
              [54.384425, 24.4594],
              [54.381115, 24.462493],
              [54.379796, 24.464904],
              [54.377472, 24.462993],
              [54.382389, 24.457788],
              [54.384425, 24.4594]
            ]
          ],
          [
            [
              [54.373908, 24.47252],
              [54.370672, 24.470189],
              [54.377472, 24.462993],
              [54.378043, 24.463462],
              [54.375525, 24.466127],
              [54.377753, 24.467886],
              [54.377081, 24.469162],
              [54.373908, 24.47252]
            ]
          ],
          [
            [
              [54.373908, 24.47252],
              [54.377081, 24.469162],
              [54.377753, 24.467886],
              [54.375525, 24.466127],
              [54.378043, 24.463462],
              [54.381985, 24.466705],
              [54.37545, 24.473607],
              [54.373908, 24.47252]
            ]
          ],
          [
            [
              [54.39169, 24.455364],
              [54.392278, 24.455832],
              [54.386983, 24.461425],
              [54.386138, 24.460756],
              [54.388818, 24.457927],
              [54.39169, 24.455364]
            ]
          ],
          [
            [
              [54.384425, 24.4594],
              [54.386983, 24.461425],
              [54.381985, 24.466705],
              [54.379796, 24.464904],
              [54.381115, 24.462493],
              [54.384425, 24.4594]
            ]
          ],
          [
            [
              [54.392103, 24.472414],
              [54.389805, 24.472343],
              [54.389146, 24.472193],
              [54.388653, 24.471987],
              [54.381985, 24.466705],
              [54.397093, 24.450745],
              [54.4031, 24.455503],
              [54.392103, 24.472414]
            ]
          ],
          [
            [
              [54.397093, 24.450745],
              [54.394764, 24.453206],
              [54.390961, 24.450193],
              [54.393287, 24.44773],
              [54.397093, 24.450745]
            ]
          ],
          [
            [
              [54.393287, 24.44773],
              [54.390961, 24.450193],
              [54.390162, 24.44956],
              [54.392489, 24.447097],
              [54.393287, 24.44773]
            ]
          ],
          [
            [
              [54.392103, 24.472414],
              [54.386848, 24.480493],
              [54.383367, 24.478849],
              [54.381648, 24.477918],
              [54.37545, 24.473607],
              [54.381985, 24.466705],
              [54.388653, 24.471987],
              [54.389146, 24.472193],
              [54.389805, 24.472343],
              [54.392103, 24.472414]
            ]
          ],
          [
            [
              [54.384425, 24.4594],
              [54.382389, 24.457788],
              [54.387685, 24.452182],
              [54.39169, 24.455364],
              [54.388818, 24.457927],
              [54.386138, 24.460756],
              [54.384425, 24.4594]
            ]
          ],
          [
            [
              [54.390961, 24.450193],
              [54.394764, 24.453206],
              [54.392278, 24.455832],
              [54.387685, 24.452182],
              [54.390162, 24.44956],
              [54.390961, 24.450193]
            ]
          ]
        ]
      },
      "properties": {
        "id": "al-nahyan",
        "name": "Al Nahyan",
        "officialDistrictIds": [1295],
        "officialDistrictNames": ["AL NAHYAN"],
        "officialCommunityIds": ["238", "619", "344", "129", "179", "90", "4560", "447", "114", "464", "195"],
        "officialCommunityNames": ["E20_02", "E19", "E19_01", "E22_01", "E20_01", "E25", "E24", "E23", "E19_02", "E22", "E22_02"],
        "centroid": [54.388, 24.464],
        "geometryCentroid": [54.387576, 24.464116],
        "areaKm2": 5.68,
        "geometrySourceClass": "observed",
        "source": "adsdiCommunities",
        "excludedDisplacedCommunityRecords": 0,
        "mappingNote": null
      }
    },
    {
      "type": "Feature",
      "id": "muroor-al-saadah",
      "geometry": {
        "type": "MultiPolygon",
        "coordinates": [
          [
            [
              [54.441836, 24.430611],
              [54.441239, 24.431283],
              [54.440414, 24.43194],
              [54.439372, 24.432487],
              [54.438464, 24.432779],
              [54.437557, 24.427287],
              [54.445117, 24.426213],
              [54.441836, 24.430611]
            ]
          ],
          [
            [
              [54.419623, 24.430267],
              [54.421547, 24.435579],
              [54.416191, 24.437719],
              [54.413754, 24.432607],
              [54.419623, 24.430267]
            ]
          ],
          [
            [
              [54.438464, 24.432779],
              [54.430022, 24.434002],
              [54.429719, 24.432198],
              [54.429508, 24.429822],
              [54.429166, 24.428479],
              [54.437557, 24.427287],
              [54.438464, 24.432779]
            ]
          ],
          [
            [
              [54.430878, 24.439037],
              [54.43184, 24.444693],
              [54.427763, 24.443951],
              [54.427974, 24.442973],
              [54.428194, 24.443013],
              [54.426748, 24.434489],
              [54.430022, 24.434002],
              [54.430878, 24.439037]
            ]
          ],
          [
            [
              [54.430878, 24.439037],
              [54.439308, 24.43782],
              [54.440371, 24.444165],
              [54.438108, 24.444739],
              [54.436095, 24.44499],
              [54.433984, 24.444982],
              [54.43184, 24.444693],
              [54.430878, 24.439037]
            ]
          ],
          [
            [
              [54.419623, 24.430267],
              [54.420868, 24.429857],
              [54.422611, 24.429434],
              [54.425807, 24.428956],
              [54.426738, 24.434491],
              [54.421547, 24.435579],
              [54.419623, 24.430267]
            ]
          ],
          [
            [
              [54.438464, 24.432779],
              [54.439308, 24.43782],
              [54.430878, 24.439037],
              [54.430022, 24.434002],
              [54.438464, 24.432779]
            ]
          ],
          [
            [
              [54.423652, 24.443407],
              [54.421699, 24.443655],
              [54.419394, 24.444435],
              [54.416191, 24.437719],
              [54.421547, 24.435579],
              [54.426748, 24.434489],
              [54.428194, 24.443013],
              [54.427974, 24.442973],
              [54.427763, 24.443951],
              [54.425085, 24.443479],
              [54.423652, 24.443407]
            ]
          ],
          [
            [
              [54.429166, 24.428479],
              [54.429508, 24.429822],
              [54.429719, 24.432198],
              [54.430022, 24.434002],
              [54.426738, 24.434491],
              [54.425807, 24.428956],
              [54.429166, 24.428479]
            ]
          ]
        ]
      },
      "properties": {
        "id": "muroor-al-saadah",
        "name": "Muroor / Al Sa'adah",
        "officialDistrictIds": [1298],
        "officialDistrictNames": ["AL SA`ADAH"],
        "officialCommunityIds": ["476", "648", "477", "508", "155", "39", "465", "647", "232"],
        "officialCommunityNames": ["E42", "E34_01", "E40", "E43", "E41_01", "E34_02", "E41", "E36", "E35"],
        "centroid": [54.429, 24.436],
        "geometryCentroid": [54.429139, 24.43599],
        "areaKm2": 4.19,
        "geometrySourceClass": "observed",
        "source": "adsdiCommunities",
        "excludedDisplacedCommunityRecords": 0,
        "mappingNote": "Muroor is a familiar corridor-area rather than an AD-SDI district; official Al Sa'adah is used as the reproducible fallback polygon."
      }
    },
    {
      "type": "Feature",
      "id": "al-rawdah",
      "geometry": {
        "type": "MultiPolygon",
        "coordinates": [
          [
            [
              [54.452144, 24.424837],
              [54.449644, 24.425536],
              [54.445118, 24.426213],
              [54.444739, 24.423975],
              [54.44881, 24.423388],
              [54.449832, 24.423156],
              [54.45133, 24.422674],
              [54.451377, 24.423125],
              [54.452144, 24.424837]
            ]
          ],
          [
            [
              [54.458016, 24.421484],
              [54.456423, 24.419612],
              [54.461579, 24.415971],
              [54.46293, 24.415194],
              [54.464394, 24.414525],
              [54.465177, 24.416898],
              [54.463914, 24.417423],
              [54.462912, 24.417995],
              [54.458016, 24.421484]
            ]
          ],
          [
            [
              [54.472414, 24.413351],
              [54.471284, 24.416752],
              [54.469829, 24.416452],
              [54.468145, 24.416369],
              [54.466761, 24.416505],
              [54.465177, 24.416898],
              [54.464394, 24.414525],
              [54.46648, 24.413844],
              [54.468654, 24.413427],
              [54.470615, 24.413286],
              [54.472414, 24.413351]
            ]
          ],
          [
            [
              [54.472414, 24.413351],
              [54.470615, 24.413286],
              [54.468654, 24.413427],
              [54.46648, 24.413844],
              [54.464394, 24.414525],
              [54.462855, 24.409866],
              [54.471296, 24.407526],
              [54.472631, 24.411611],
              [54.472665, 24.412439],
              [54.472414, 24.413351]
            ]
          ],
          [
            [
              [54.471284, 24.416752],
              [54.47258, 24.412847],
              [54.472685, 24.412162],
              [54.472559, 24.411342],
              [54.471296, 24.407526],
              [54.477029, 24.405935],
              [54.478469, 24.409997],
              [54.477536, 24.419264],
              [54.472441, 24.417153],
              [54.471284, 24.416752]
            ]
          ],
          [
            [
              [54.458016, 24.421484],
              [54.456051, 24.422879],
              [54.454858, 24.423609],
              [54.453277, 24.42439],
              [54.452144, 24.424837],
              [54.451377, 24.423125],
              [54.45133, 24.422674],
              [54.452699, 24.422077],
              [54.453762, 24.42147],
              [54.456423, 24.419612],
              [54.458016, 24.421484]
            ]
          ],
          [
            [
              [54.423591, 24.42927],
              [54.421734, 24.429625],
              [54.419623, 24.430267],
              [54.416844, 24.422596],
              [54.421614, 24.421277],
              [54.422216, 24.424006],
              [54.422472, 24.42397],
              [54.423591, 24.42927]
            ]
          ],
          [
            [
              [54.488986, 24.409367],
              [54.488942, 24.410568],
              [54.488589, 24.412266],
              [54.485934, 24.420374],
              [54.479367, 24.41968],
              [54.478511, 24.419543],
              [54.477536, 24.419264],
              [54.478348, 24.411257],
              [54.488986, 24.409367]
            ]
          ],
          [
            [
              [54.444209, 24.420837],
              [54.427861, 24.42313],
              [54.427287, 24.41971],
              [54.443263, 24.415288],
              [54.444209, 24.420837]
            ]
          ],
          [
            [
              [54.419623, 24.430267],
              [54.413754, 24.432607],
              [54.409906, 24.424513],
              [54.416844, 24.422596],
              [54.419623, 24.430267]
            ]
          ],
          [
            [
              [54.456423, 24.419612],
              [54.453762, 24.42147],
              [54.452699, 24.422077],
              [54.45134, 24.42267],
              [54.448727, 24.417693],
              [54.448982, 24.417608],
              [54.447161, 24.414211],
              [54.462855, 24.409866],
              [54.464394, 24.414525],
              [54.46293, 24.415194],
              [54.461579, 24.415971],
              [54.456423, 24.419612]
            ]
          ],
          [
            [
              [54.437557, 24.427287],
              [54.429166, 24.428479],
              [54.42846, 24.42652],
              [54.427861, 24.42313],
              [54.444209, 24.420837],
              [54.445118, 24.426213],
              [54.437557, 24.427287]
            ]
          ],
          [
            [
              [54.486218, 24.403384],
              [54.486613, 24.4039],
              [54.487342, 24.405193],
              [54.488482, 24.407582],
              [54.48898, 24.409346],
              [54.478348, 24.411257],
              [54.478469, 24.409997],
              [54.477029, 24.405935],
              [54.486218, 24.403384]
            ]
          ],
          [
            [
              [54.45133, 24.422674],
              [54.449832, 24.423156],
              [54.44881, 24.423388],
              [54.444739, 24.423975],
              [54.443263, 24.415288],
              [54.447161, 24.414211],
              [54.448982, 24.417608],
              [54.448727, 24.417693],
              [54.45133, 24.422674]
            ]
          ],
          [
            [
              [54.425807, 24.428956],
              [54.423591, 24.42927],
              [54.422472, 24.42397],
              [54.422216, 24.424006],
              [54.421614, 24.421277],
              [54.427287, 24.419709],
              [54.428358, 24.426072],
              [54.428586, 24.426962],
              [54.429166, 24.428479],
              [54.425807, 24.428956]
            ]
          ]
        ]
      },
      "properties": {
        "id": "al-rawdah",
        "name": "Al Rawdah",
        "officialDistrictIds": [1297],
        "officialDistrictNames": ["AL RAWDAH"],
        "officialCommunityIds": ["381", "586", "136", "458", "135", "54", "14", "398", "548", "60", "672", "673", "8", "380", "13"],
        "officialCommunityNames": ["W69", "W67", "W66", "W56", "W54", "W68", "W49", "W65", "W59_01", "W48", "W57", "W59_02", "W64", "W58", "W31"],
        "centroid": [54.453, 24.418],
        "geometryCentroid": [54.452753, 24.418193],
        "areaKm2": 9.07,
        "geometrySourceClass": "observed",
        "source": "adsdiCommunities",
        "excludedDisplacedCommunityRecords": 0,
        "mappingNote": null
      }
    },
    {
      "type": "Feature",
      "id": "al-zahiyah",
      "geometry": {
        "type": "MultiPolygon",
        "coordinates": [
          [
            [
              [54.377344, 24.499711],
              [54.37439, 24.503206],
              [54.373731, 24.503614],
              [54.371102, 24.49878],
              [54.372944, 24.4966],
              [54.377344, 24.499711]
            ]
          ],
          [
            [
              [54.380619, 24.49766],
              [54.380304, 24.498032],
              [54.374938, 24.49424],
              [54.377146, 24.491627],
              [54.382514, 24.495417],
              [54.380619, 24.49766]
            ]
          ],
          [
            [
              [54.377344, 24.499711],
              [54.372944, 24.4966],
              [54.374938, 24.49424],
              [54.379339, 24.49735],
              [54.377344, 24.499711]
            ]
          ],
          [
            [
              [54.384552, 24.493004],
              [54.386455, 24.494358],
              [54.386043, 24.495405],
              [54.385867, 24.496324],
              [54.385718, 24.498346],
              [54.385784, 24.499201],
              [54.384956, 24.499291],
              [54.383804, 24.499089],
              [54.380619, 24.49766],
              [54.382514, 24.495417],
              [54.377146, 24.491627],
              [54.379184, 24.489214],
              [54.384552, 24.493004]
            ]
          ],
          [
            [
              [54.387836, 24.491827],
              [54.387163, 24.492918],
              [54.386455, 24.494358],
              [54.379184, 24.489214],
              [54.381112, 24.486931],
              [54.387899, 24.491727],
              [54.387836, 24.491827]
            ]
          ],
          [
            [
              [54.388638, 24.512679],
              [54.388137, 24.513239],
              [54.386662, 24.511953],
              [54.38461, 24.510349],
              [54.383754, 24.509899],
              [54.383065, 24.509817],
              [54.382311, 24.509986],
              [54.379317, 24.512048],
              [54.378564, 24.51231],
              [54.377759, 24.511018],
              [54.373731, 24.503614],
              [54.37439, 24.503206],
              [54.379339, 24.49735],
              [54.380304, 24.498032],
              [54.380619, 24.49766],
              [54.383804, 24.499089],
              [54.384956, 24.499291],
              [54.385784, 24.499201],
              [54.386411, 24.5032],
              [54.38668, 24.504425],
              [54.386957, 24.505171],
              [54.388157, 24.507894],
              [54.38929, 24.509682],
              [54.390289, 24.510961],
              [54.388638, 24.512679]
            ]
          ],
          [
            [
              [54.376255, 24.512334],
              [54.375779, 24.512686],
              [54.361502, 24.500445],
              [54.362852, 24.498652],
              [54.363091, 24.498873],
              [54.363613, 24.49916],
              [54.364512, 24.499515],
              [54.365536, 24.499737],
              [54.367085, 24.499848],
              [54.368041, 24.49981],
              [54.369303, 24.499595],
              [54.370086, 24.499348],
              [54.371102, 24.49878],
              [54.377759, 24.511018],
              [54.378564, 24.51231],
              [54.377789, 24.512536],
              [54.377396, 24.512545],
              [54.377038, 24.512419],
              [54.376604, 24.512076],
              [54.376255, 24.512334]
            ]
          ],
          [
            [
              [54.388009, 24.491559],
              [54.387899, 24.491727],
              [54.381112, 24.486931],
              [54.383061, 24.485001],
              [54.384742, 24.48316],
              [54.386873, 24.480455],
              [54.39421, 24.483527],
              [54.394724, 24.483888],
              [54.39493, 24.484127],
              [54.395372, 24.48499],
              [54.393567, 24.486057],
              [54.391695, 24.487431],
              [54.390748, 24.488298],
              [54.389591, 24.489512],
              [54.388009, 24.491559]
            ]
          ]
        ]
      },
      "properties": {
        "id": "al-zahiyah",
        "name": "Al Zahiyah",
        "officialDistrictIds": [1303],
        "officialDistrictNames": ["AL ZAHIYAH"],
        "officialCommunityIds": ["205", "302", "92", "749", "89", "134", "204", "779"],
        "officialCommunityNames": ["E13", "E16", "E15", "E16_01", "E16_02", "E14", "E12", "E17"],
        "centroid": [54.38, 24.499],
        "geometryCentroid": [54.379984, 24.498731],
        "areaKm2": 4.98,
        "geometrySourceClass": "observed",
        "source": "adsdiCommunities",
        "excludedDisplacedCommunityRecords": 0,
        "mappingNote": null
      }
    },
    {
      "type": "Feature",
      "id": "al-reem",
      "geometry": {
        "type": "MultiPolygon",
        "coordinates": [
          [
            [
              [54.412131, 24.483269],
              [54.41297, 24.484075],
              [54.413225, 24.484449],
              [54.413513, 24.48504],
              [54.413714, 24.485766],
              [54.414, 24.490424],
              [54.413857, 24.491247],
              [54.413471, 24.491961],
              [54.412819, 24.492574],
              [54.411893, 24.493044],
              [54.411829, 24.492949],
              [54.411934, 24.491184],
              [54.411078, 24.491047],
              [54.410031, 24.491008],
              [54.410046, 24.490538],
              [54.408619, 24.490906],
              [54.407275, 24.491394],
              [54.404619, 24.492709],
              [54.404174, 24.491871],
              [54.403552, 24.49012],
              [54.404501, 24.489746],
              [54.405305, 24.489194],
              [54.407474, 24.486732],
              [54.408785, 24.485431],
              [54.409688, 24.484819],
              [54.411296, 24.483945],
              [54.412131, 24.483269]
            ]
          ],
          [
            [
              [54.408533, 24.497616],
              [54.411471, 24.496183],
              [54.412422, 24.496846],
              [54.413013, 24.497658],
              [54.413352, 24.497986],
              [54.413887, 24.498267],
              [54.414513, 24.498372],
              [54.414826, 24.498522],
              [54.415567, 24.499799],
              [54.416432, 24.50069],
              [54.416664, 24.500623],
              [54.417231, 24.501149],
              [54.416993, 24.501164],
              [54.416946, 24.501561],
              [54.416623, 24.501794],
              [54.416064, 24.501821],
              [54.415253, 24.502124],
              [54.414637, 24.502231],
              [54.414135, 24.502196],
              [54.413543, 24.502006],
              [54.413015, 24.501649],
              [54.412895, 24.501373],
              [54.408072, 24.501291],
              [54.40795, 24.501097],
              [54.407829, 24.501096],
              [54.40785, 24.500991],
              [54.408083, 24.500462],
              [54.408538, 24.499766],
              [54.408838, 24.498733],
              [54.408715, 24.498044],
              [54.408533, 24.497616]
            ]
          ],
          [
            [
              [54.411433, 24.477652],
              [54.41326, 24.4748],
              [54.413749, 24.474294],
              [54.414381, 24.473946],
              [54.414951, 24.473802],
              [54.415689, 24.473805],
              [54.416238, 24.473986],
              [54.416282, 24.474131],
              [54.416061, 24.47574],
              [54.415368, 24.475823],
              [54.414723, 24.476247],
              [54.414073, 24.477344],
              [54.413119, 24.478714],
              [54.411925, 24.477884],
              [54.411433, 24.477652]
            ]
          ],
          [
            [
              [54.41455, 24.479787],
              [54.413119, 24.478714],
              [54.414073, 24.477344],
              [54.414723, 24.476247],
              [54.414956, 24.476038],
              [54.415458, 24.475795],
              [54.416061, 24.47574],
              [54.417369, 24.476341],
              [54.418348, 24.476922],
              [54.416043, 24.478345],
              [54.415224, 24.479048],
              [54.41455, 24.479787]
            ]
          ],
          [
            [
              [54.411433, 24.477652],
              [54.411925, 24.477884],
              [54.413119, 24.478714],
              [54.411765, 24.480302],
              [54.410908, 24.481142],
              [54.4103, 24.481617],
              [54.409519, 24.480522],
              [54.409414, 24.480123],
              [54.409466, 24.479634],
              [54.409819, 24.479067],
              [54.411433, 24.477652]
            ]
          ],
          [
            [
              [54.408025, 24.482639],
              [54.409424, 24.482136],
              [54.410268, 24.481637],
              [54.412131, 24.483269],
              [54.411296, 24.483945],
              [54.409605, 24.48487],
              [54.408507, 24.485693],
              [54.407765, 24.485206],
              [54.406075, 24.484503],
              [54.406296, 24.484046],
              [54.406786, 24.483435],
              [54.407385, 24.48296],
              [54.408025, 24.482639]
            ]
          ],
          [
            [
              [54.406075, 24.484503],
              [54.407765, 24.485206],
              [54.408507, 24.485693],
              [54.407474, 24.486732],
              [54.405305, 24.489194],
              [54.404501, 24.489746],
              [54.403552, 24.49012],
              [54.403196, 24.48908],
              [54.402932, 24.487601],
              [54.403722, 24.487387],
              [54.404246, 24.487141],
              [54.40504, 24.486543],
              [54.405658, 24.485677],
              [54.406075, 24.484503]
            ]
          ],
          [
            [
              [54.412131, 24.483269],
              [54.410268, 24.481637],
              [54.411465, 24.480609],
              [54.41244, 24.479571],
              [54.413119, 24.478714],
              [54.41455, 24.479787],
              [54.413988, 24.480564],
              [54.412989, 24.482313],
              [54.412131, 24.483269]
            ]
          ],
          [
            [
              [54.395726, 24.486351],
              [54.396048, 24.487636],
              [54.396811, 24.493117],
              [54.391862, 24.493768],
              [54.39144, 24.492846],
              [54.390935, 24.492196],
              [54.390302, 24.491647],
              [54.388698, 24.490621],
              [54.389591, 24.489512],
              [54.390748, 24.488298],
              [54.391695, 24.487431],
              [54.393567, 24.486057],
              [54.395387, 24.484981],
              [54.395726, 24.486351]
            ]
          ],
          [
            [
              [54.412866, 24.507215],
              [54.411573, 24.507438],
              [54.411185, 24.506772],
              [54.40792, 24.50352],
              [54.407211, 24.504129],
              [54.406373, 24.50343],
              [54.407414, 24.502273],
              [54.407712, 24.501685],
              [54.407829, 24.501096],
              [54.40795, 24.501097],
              [54.408072, 24.501291],
              [54.412895, 24.501373],
              [54.413015, 24.501649],
              [54.413433, 24.501949],
              [54.413891, 24.502139],
              [54.414386, 24.502227],
              [54.415011, 24.502187],
              [54.415967, 24.501843],
              [54.416473, 24.501784],
              [54.416494, 24.502841],
              [54.416567, 24.502964],
              [54.416495, 24.503097],
              [54.41496, 24.503166],
              [54.413696, 24.503598],
              [54.413672, 24.503873],
              [54.414128, 24.504446],
              [54.414422, 24.505101],
              [54.414426, 24.505942],
              [54.414192, 24.506503],
              [54.41377, 24.506996],
              [54.41308, 24.5074],
              [54.412866, 24.507215]
            ]
          ],
          [
            [
              [54.403552, 24.49012],
              [54.402438, 24.490272],
              [54.401227, 24.490124],
              [54.400017, 24.48975],
              [54.398907, 24.48917],
              [54.396261, 24.487014],
              [54.395726, 24.486351],
              [54.395387, 24.484981],
              [54.397742, 24.483494],
              [54.399379, 24.486185],
              [54.399984, 24.486811],
              [54.400651, 24.487236],
              [54.401558, 24.487561],
              [54.402162, 24.48764],
              [54.402932, 24.487601],
              [54.403196, 24.48908],
              [54.403552, 24.49012]
            ]
          ],
          [
            [
              [54.406609, 24.498595],
              [54.406327, 24.499402],
              [54.405849, 24.499923],
              [54.405206, 24.500264],
              [54.404288, 24.500378],
              [54.403569, 24.500207],
              [54.402899, 24.499761],
              [54.402578, 24.499215],
              [54.402524, 24.498857],
              [54.402575, 24.498499],
              [54.401641, 24.498427],
              [54.401233, 24.498756],
              [54.400954, 24.499231],
              [54.400562, 24.499267],
              [54.400361, 24.497882],
              [54.398361, 24.498202],
              [54.39752, 24.498223],
              [54.396811, 24.493117],
              [54.401433, 24.492459],
              [54.402934, 24.492043],
              [54.404066, 24.491546],
              [54.404275, 24.492076],
              [54.404872, 24.49303],
              [54.405463, 24.493685],
              [54.406226, 24.494211],
              [54.405784, 24.495404],
              [54.405672, 24.496864],
              [54.405234, 24.49751],
              [54.406493, 24.497754],
              [54.406609, 24.498595]
            ]
          ],
          [
            [
              [54.403666, 24.490437],
              [54.404066, 24.491546],
              [54.402934, 24.492043],
              [54.401433, 24.492459],
              [54.396811, 24.493117],
              [54.396048, 24.487636],
              [54.395726, 24.486351],
              [54.396575, 24.487308],
              [54.398567, 24.488935],
              [54.399633, 24.489578],
              [54.400411, 24.489898],
              [54.401645, 24.4902],
              [54.402438, 24.490272],
              [54.403552, 24.49012],
              [54.403666, 24.490437]
            ]
          ],
          [
            [
              [54.405708, 24.485571],
              [54.405419, 24.486089],
              [54.404871, 24.486705],
              [54.403854, 24.487334],
              [54.402823, 24.487622],
              [54.401558, 24.487561],
              [54.400406, 24.487104],
              [54.399673, 24.48653],
              [54.399178, 24.485885],
              [54.397742, 24.483494],
              [54.398258, 24.483168],
              [54.401106, 24.483705],
              [54.401221, 24.483866],
              [54.401104, 24.484129],
              [54.401097, 24.484494],
              [54.401337, 24.48503],
              [54.401903, 24.485423],
              [54.40261, 24.485479],
              [54.403119, 24.485274],
              [54.403484, 24.484891],
              [54.403629, 24.484475],
              [54.403591, 24.483916],
              [54.405427, 24.482933],
              [54.407318, 24.481719],
              [54.408025, 24.482639],
              [54.407158, 24.483117],
              [54.406531, 24.483718],
              [54.406131, 24.484346],
              [54.405708, 24.485571]
            ]
          ],
          [
            [
              [54.403628, 24.484183],
              [54.403551, 24.484758],
              [54.403241, 24.48518],
              [54.402765, 24.485441],
              [54.402133, 24.485482],
              [54.401558, 24.485241],
              [54.401213, 24.484843],
              [54.401088, 24.484421],
              [54.401106, 24.48412],
              [54.40122, 24.483878],
              [54.401128, 24.483715],
              [54.398258, 24.483168],
              [54.402502, 24.479875],
              [54.405714, 24.477629],
              [54.406432, 24.477008],
              [54.407808, 24.479317],
              [54.407859, 24.479291],
              [54.408562, 24.480102],
              [54.408641, 24.480337],
              [54.40861, 24.480622],
              [54.408369, 24.48094],
              [54.406534, 24.482249],
              [54.403593, 24.483914],
              [54.403628, 24.484183]
            ]
          ],
          [
            [
              [54.399053, 24.514507],
              [54.39881, 24.514829],
              [54.397021, 24.51433],
              [54.394518, 24.508821],
              [54.394069, 24.507649],
              [54.393919, 24.506937],
              [54.393732, 24.504875],
              [54.392728, 24.498447],
              [54.394266, 24.498302],
              [54.398361, 24.498202],
              [54.400361, 24.497882],
              [54.400562, 24.499267],
              [54.400954, 24.499231],
              [54.40088, 24.499684],
              [54.400952, 24.501154],
              [54.401063, 24.501734],
              [54.401276, 24.502248],
              [54.401069, 24.502556],
              [54.401079, 24.503132],
              [54.400938, 24.503256],
              [54.401111, 24.503876],
              [54.400991, 24.50471],
              [54.401001, 24.505228],
              [54.401104, 24.505738],
              [54.401583, 24.507071],
              [54.401623, 24.507955],
              [54.40151, 24.508537],
              [54.40129, 24.509093],
              [54.400508, 24.510207],
              [54.400339, 24.510733],
              [54.400398, 24.511424],
              [54.400839, 24.512404],
              [54.400837, 24.512639],
              [54.400584, 24.512921],
              [54.400227, 24.512955],
              [54.399053, 24.514507]
            ]
          ],
          [
            [
              [54.409605, 24.479331],
              [54.409416, 24.479876],
              [54.409461, 24.480366],
              [54.409643, 24.480742],
              [54.4103, 24.481617],
              [54.409424, 24.482136],
              [54.408025, 24.482639],
              [54.407318, 24.481719],
              [54.408481, 24.480837],
              [54.408632, 24.480542],
              [54.408625, 24.480256],
              [54.40849, 24.480001],
              [54.408101, 24.479644],
              [54.407859, 24.479291],
              [54.407808, 24.479317],
              [54.406432, 24.477008],
              [54.40833, 24.475246],
              [54.40922, 24.474214],
              [54.410622, 24.472808],
              [54.4116, 24.471945],
              [54.412401, 24.471469],
              [54.413041, 24.471206],
              [54.414803, 24.470803],
              [54.417225, 24.470863],
              [54.418441, 24.471103],
              [54.420441, 24.471745],
              [54.421374, 24.472297],
              [54.422239, 24.473054],
              [54.419016, 24.476354],
              [54.418348, 24.476922],
              [54.417369, 24.476341],
              [54.416061, 24.47574],
              [54.416282, 24.474131],
              [54.416185, 24.473936],
              [54.415689, 24.473805],
              [54.415098, 24.473786],
              [54.414115, 24.474064],
              [54.413638, 24.474384],
              [54.41326, 24.4748],
              [54.411849, 24.477085],
              [54.411379, 24.477717],
              [54.409819, 24.479067],
              [54.409605, 24.479331]
            ]
          ],
          [
            [
              [54.396869, 24.493479],
              [54.39752, 24.498223],
              [54.394266, 24.498302],
              [54.392728, 24.498447],
              [54.391862, 24.493768],
              [54.396811, 24.493117],
              [54.396869, 24.493479]
            ]
          ],
          [
            [
              [54.414407, 24.51206],
              [54.408479, 24.517527],
              [54.400776, 24.515377],
              [54.404331, 24.512249],
              [54.404427, 24.511919],
              [54.404377, 24.511376],
              [54.404524, 24.511355],
              [54.408637, 24.507171],
              [54.409079, 24.507604],
              [54.410665, 24.506253],
              [54.41131, 24.506916],
              [54.411573, 24.507438],
              [54.412919, 24.507199],
              [54.415824, 24.510836],
              [54.414407, 24.51206]
            ]
          ],
          [
            [
              [54.408083, 24.500462],
              [54.40785, 24.500991],
              [54.407712, 24.501685],
              [54.407414, 24.502273],
              [54.406462, 24.503377],
              [54.406086, 24.503595],
              [54.405079, 24.504811],
              [54.404653, 24.506512],
              [54.40449, 24.506835],
              [54.404098, 24.507075],
              [54.403937, 24.507263],
              [54.403908, 24.507934],
              [54.403765, 24.50827],
              [54.403465, 24.508657],
              [54.402687, 24.509375],
              [54.402557, 24.509626],
              [54.402536, 24.509903],
              [54.40076, 24.51225],
              [54.400398, 24.511424],
              [54.400363, 24.510597],
              [54.40058, 24.510085],
              [54.401141, 24.509355],
              [54.401413, 24.508819],
              [54.40158, 24.508248],
              [54.401637, 24.50766],
              [54.401515, 24.506782],
              [54.401104, 24.505738],
              [54.400984, 24.504969],
              [54.401111, 24.503876],
              [54.400938, 24.503256],
              [54.401079, 24.503132],
              [54.401069, 24.502556],
              [54.401276, 24.502248],
              [54.401063, 24.501734],
              [54.400935, 24.50086],
              [54.400888, 24.499514],
              [54.401108, 24.49892],
              [54.401641, 24.498427],
              [54.402575, 24.498499],
              [54.40253, 24.498978],
              [54.402618, 24.49933],
              [54.402809, 24.499655],
              [54.403095, 24.499936],
              [54.403569, 24.500207],
              [54.404103, 24.500357],
              [54.405028, 24.500316],
              [54.405849, 24.499923],
              [54.406414, 24.499251],
              [54.406583, 24.498764],
              [54.406611, 24.498253],
              [54.406493, 24.497754],
              [54.406206, 24.497698],
              [54.406319, 24.497527],
              [54.407141, 24.497222],
              [54.408132, 24.497344],
              [54.408461, 24.497494],
              [54.408601, 24.497731],
              [54.408838, 24.498733],
              [54.408538, 24.499766],
              [54.408083, 24.500462]
            ]
          ],
          [
            [
              [54.448436, 24.503247],
              [54.447801, 24.503672],
              [54.443595, 24.507063],
              [54.440542, 24.509878],
              [54.43775, 24.511523],
              [54.434059, 24.512502],
              [54.427781, 24.51307],
              [54.424261, 24.513122],
              [54.42148, 24.513006],
              [54.418222, 24.512651],
              [54.414407, 24.51206],
              [54.417245, 24.509646],
              [54.419858, 24.506989],
              [54.421132, 24.505085],
              [54.422138, 24.501709],
              [54.440639, 24.501248],
              [54.446069, 24.498986],
              [54.448436, 24.503247]
            ]
          ],
          [
            [
              [54.40098, 24.515198],
              [54.400776, 24.515377],
              [54.39881, 24.514829],
              [54.400227, 24.512955],
              [54.400504, 24.51295],
              [54.400763, 24.512781],
              [54.400853, 24.512482],
              [54.40076, 24.51225],
              [54.402536, 24.509903],
              [54.402557, 24.509626],
              [54.402687, 24.509375],
              [54.403465, 24.508657],
              [54.403765, 24.50827],
              [54.403917, 24.507878],
              [54.403915, 24.507313],
              [54.404068, 24.507101],
              [54.404414, 24.5069],
              [54.404574, 24.506706],
              [54.404981, 24.505114],
              [54.405171, 24.504658],
              [54.406086, 24.503595],
              [54.406374, 24.503431],
              [54.407211, 24.504129],
              [54.40792, 24.50352],
              [54.410665, 24.506253],
              [54.409079, 24.507604],
              [54.408637, 24.507171],
              [54.404524, 24.511355],
              [54.404377, 24.511376],
              [54.404427, 24.511919],
              [54.404331, 24.512249],
              [54.40098, 24.515198]
            ]
          ],
          [
            [
              [54.406206, 24.497698],
              [54.405234, 24.49751],
              [54.405672, 24.496864],
              [54.405784, 24.495404],
              [54.406226, 24.494211],
              [54.405463, 24.493685],
              [54.404619, 24.492709],
              [54.407275, 24.491394],
              [54.40957, 24.490636],
              [54.410046, 24.490538],
              [54.410031, 24.491008],
              [54.411078, 24.491047],
              [54.411934, 24.491184],
              [54.411829, 24.492949],
              [54.412031, 24.4934],
              [54.412009, 24.493896],
              [54.41168, 24.494459],
              [54.410524, 24.495469],
              [54.411214, 24.496307],
              [54.408533, 24.497616],
              [54.408461, 24.497494],
              [54.408132, 24.497344],
              [54.407141, 24.497222],
              [54.406484, 24.497415],
              [54.406206, 24.497698]
            ]
          ],
          [
            [
              [54.425454, 24.489746],
              [54.42515, 24.490502],
              [54.424208, 24.490386],
              [54.423917, 24.490731],
              [54.423458, 24.490957],
              [54.423132, 24.491366],
              [54.422422, 24.491319],
              [54.421332, 24.491653],
              [54.419868, 24.491665],
              [54.41753, 24.49126],
              [54.413885, 24.491157],
              [54.414, 24.490424],
              [54.41377, 24.486755],
              [54.416915, 24.486164],
              [54.420118, 24.485964],
              [54.423322, 24.48616],
              [54.426468, 24.486746],
              [54.425917, 24.488537],
              [54.425454, 24.489746]
            ]
          ],
          [
            [
              [54.426984, 24.484044],
              [54.426827, 24.485174],
              [54.426468, 24.486746],
              [54.423322, 24.48616],
              [54.420118, 24.485964],
              [54.416915, 24.486164],
              [54.41377, 24.486755],
              [54.413691, 24.485623],
              [54.413376, 24.48472],
              [54.41297, 24.484075],
              [54.412131, 24.483269],
              [54.412989, 24.482313],
              [54.414091, 24.480405],
              [54.41515, 24.479121],
              [54.416302, 24.478154],
              [54.418043, 24.477132],
              [54.418715, 24.476632],
              [54.422239, 24.473054],
              [54.424204, 24.47503],
              [54.42518, 24.476426],
              [54.426295, 24.4786],
              [54.426863, 24.480362],
              [54.42703, 24.481141],
              [54.427116, 24.481979],
              [54.426984, 24.484044]
            ]
          ],
          [
            [
              [54.411214, 24.496307],
              [54.410524, 24.495469],
              [54.411621, 24.494521],
              [54.41193, 24.494105],
              [54.41205, 24.493579],
              [54.411893, 24.493044],
              [54.41255, 24.492741],
              [54.413128, 24.492332],
              [54.413624, 24.491736],
              [54.413886, 24.491157],
              [54.41753, 24.49126],
              [54.41966, 24.491639],
              [54.420915, 24.491691],
              [54.421585, 24.491599],
              [54.422422, 24.491319],
              [54.423091, 24.491382],
              [54.423458, 24.490957],
              [54.423917, 24.490731],
              [54.424208, 24.490386],
              [54.42515, 24.490502],
              [54.424594, 24.491993],
              [54.423176, 24.495186],
              [54.422927, 24.496032],
              [54.422746, 24.497048],
              [54.422388, 24.500761],
              [54.421132, 24.505085],
              [54.420536, 24.506026],
              [54.418634, 24.504385],
              [54.419176, 24.503961],
              [54.419449, 24.503533],
              [54.418913, 24.502827],
              [54.418548, 24.502074],
              [54.418444, 24.502026],
              [54.41819, 24.502185],
              [54.417299, 24.501417],
              [54.417246, 24.501162],
              [54.416687, 24.500638],
              [54.416557, 24.500606],
              [54.416432, 24.50069],
              [54.415445, 24.499648],
              [54.414804, 24.498503],
              [54.414513, 24.498372],
              [54.413887, 24.498267],
              [54.413451, 24.498055],
              [54.413089, 24.497748],
              [54.412603, 24.497041],
              [54.412216, 24.496673],
              [54.411471, 24.496183],
              [54.411214, 24.496307]
            ]
          ],
          [
            [
              [54.420536, 24.506026],
              [54.419858, 24.506989],
              [54.417245, 24.509646],
              [54.415824, 24.510836],
              [54.41308, 24.5074],
              [54.413559, 24.507156],
              [54.413958, 24.506813],
              [54.414308, 24.506287],
              [54.41445, 24.505823],
              [54.414464, 24.505341],
              [54.414364, 24.504931],
              [54.414028, 24.504294],
              [54.413672, 24.503873],
              [54.413696, 24.503598],
              [54.41496, 24.503166],
              [54.4165, 24.503094],
              [54.416567, 24.502959],
              [54.416494, 24.50284],
              [54.416473, 24.501784],
              [54.416623, 24.501794],
              [54.416913, 24.501606],
              [54.416984, 24.501458],
              [54.416964, 24.501213],
              [54.417089, 24.501112],
              [54.417246, 24.501162],
              [54.417299, 24.501417],
              [54.41819, 24.502185],
              [54.418444, 24.502026],
              [54.418548, 24.502074],
              [54.418913, 24.502827],
              [54.419449, 24.503533],
              [54.419176, 24.503961],
              [54.418634, 24.504385],
              [54.420536, 24.506026]
            ]
          ]
        ]
      },
      "properties": {
        "id": "al-reem",
        "name": "Al Reem Island",
        "officialDistrictIds": [57, 1319],
        "officialDistrictNames": ["AL REEM ISLAND", "AL REEM EAST ISLAND"],
        "officialCommunityIds": [
          "773",
          "66",
          "4308",
          "4307",
          "4309",
          "1002",
          "777",
          "4306",
          "782",
          "153",
          "780",
          "771",
          "788",
          "696",
          "510",
          "778",
          "4305",
          "781",
          "595",
          "775",
          "5125",
          "133",
          "772",
          "5227",
          "5226",
          "4513",
          "154"
        ],
        "officialCommunityNames": [
          "RT6",
          "RS5",
          "RR9",
          "RR10",
          "RR7",
          "RR5",
          "RR3",
          "RR8",
          "RT1",
          "RS3",
          "RR1",
          "RT3",
          "RT5",
          "RR2",
          "RR4",
          "RT4",
          "RR6",
          "RT2",
          "RS2",
          "U51",
          "AL REEM EAST ISLAND",
          "RS1",
          "RS6",
          "RT8",
          "RT7",
          "R1",
          "RS4"
        ],
        "centroid": [54.417, 24.505],
        "geometryCentroid": [54.41367, 24.496379],
        "areaKm2": 16.01,
        "geometrySourceClass": "observed",
        "source": "adsdiCommunities",
        "excludedDisplacedCommunityRecords": 4,
        "mappingNote": "Official Al Reem Island and Al Reem East Island polygons combined."
      }
    },
    {
      "type": "Feature",
      "id": "al-maryah",
      "geometry": {
        "type": "MultiPolygon",
        "coordinates": [
          [
            [
              [54.392728, 24.498447],
              [54.391134, 24.49862],
              [54.390714, 24.495388],
              [54.392154, 24.495233],
              [54.392728, 24.498447]
            ]
          ],
          [
            [
              [54.391736, 24.503219],
              [54.392157, 24.506427],
              [54.390568, 24.5066],
              [54.390152, 24.503389],
              [54.391736, 24.503219]
            ]
          ],
          [
            [
              [54.390255, 24.510462],
              [54.390611, 24.509775],
              [54.390808, 24.508905],
              [54.390568, 24.5066],
              [54.392157, 24.506427],
              [54.392303, 24.507693],
              [54.392264, 24.508102],
              [54.39209, 24.508625],
              [54.391786, 24.509096],
              [54.390379, 24.510601],
              [54.390255, 24.510462]
            ]
          ],
          [
            [
              [54.389095, 24.50676],
              [54.388678, 24.503546],
              [54.390152, 24.503389],
              [54.390568, 24.5066],
              [54.389095, 24.50676]
            ]
          ],
          [
            [
              [54.39319, 24.510821],
              [54.393564, 24.510584],
              [54.393751, 24.510813],
              [54.3941, 24.510998],
              [54.393586, 24.511136],
              [54.39319, 24.510821]
            ]
          ],
          [
            [
              [54.391736, 24.503219],
              [54.390152, 24.503389],
              [54.389557, 24.498791],
              [54.391134, 24.49862],
              [54.391736, 24.503219]
            ]
          ],
          [
            [
              [54.391134, 24.49862],
              [54.389557, 24.498791],
              [54.389068, 24.495554],
              [54.390714, 24.495388],
              [54.391134, 24.49862]
            ]
          ],
          [
            [
              [54.390113, 24.493048],
              [54.390885, 24.493398],
              [54.391798, 24.493573],
              [54.392154, 24.495233],
              [54.390714, 24.495388],
              [54.39049, 24.493786],
              [54.39029, 24.493352],
              [54.389931, 24.492931],
              [54.390113, 24.493048]
            ]
          ],
          [
            [
              [54.39319, 24.510821],
              [54.393463, 24.511038],
              [54.39218, 24.512409],
              [54.391566, 24.512056],
              [54.390844, 24.51149],
              [54.391662, 24.510942],
              [54.392431, 24.510217],
              [54.39319, 24.510821]
            ]
          ],
          [
            [
              [54.395252, 24.510415],
              [54.395662, 24.511309],
              [54.395205, 24.511639],
              [54.39478, 24.512092],
              [54.3941, 24.510998],
              [54.393751, 24.510813],
              [54.393564, 24.510584],
              [54.394931, 24.509718],
              [54.395252, 24.510415]
            ]
          ],
          [
            [
              [54.39218, 24.512409],
              [54.393463, 24.511038],
              [54.393586, 24.511136],
              [54.3941, 24.510998],
              [54.39478, 24.512092],
              [54.393717, 24.513223],
              [54.39218, 24.512409]
            ]
          ],
          [
            [
              [54.393443, 24.503036],
              [54.391736, 24.503219],
              [54.391134, 24.49862],
              [54.392728, 24.498447],
              [54.393443, 24.503036]
            ]
          ],
          [
            [
              [54.386455, 24.494358],
              [54.387911, 24.495301],
              [54.388559, 24.495499],
              [54.389068, 24.495554],
              [54.389557, 24.498791],
              [54.385784, 24.499201],
              [54.385718, 24.498346],
              [54.385867, 24.496324],
              [54.386043, 24.495405],
              [54.386455, 24.494358]
            ]
          ],
          [
            [
              [54.387887, 24.491888],
              [54.388453, 24.492606],
              [54.388713, 24.493164],
              [54.389068, 24.495554],
              [54.388559, 24.495499],
              [54.387911, 24.495301],
              [54.386455, 24.494358],
              [54.387163, 24.492918],
              [54.387836, 24.491827],
              [54.387887, 24.491888]
            ]
          ],
          [
            [
              [54.388935, 24.490786],
              [54.390302, 24.491647],
              [54.390737, 24.492],
              [54.391287, 24.492619],
              [54.391798, 24.493573],
              [54.391091, 24.493458],
              [54.390297, 24.493151],
              [54.388009, 24.491559],
              [54.388698, 24.490621],
              [54.388935, 24.490786]
            ]
          ],
          [
            [
              [54.388678, 24.503546],
              [54.386538, 24.503777],
              [54.386099, 24.501488],
              [54.385784, 24.499201],
              [54.389557, 24.498791],
              [54.390152, 24.503389],
              [54.388678, 24.503546]
            ]
          ],
          [
            [
              [54.391927, 24.510717],
              [54.390844, 24.51149],
              [54.3905, 24.511221],
              [54.390006, 24.510614],
              [54.390255, 24.510462],
              [54.390379, 24.510601],
              [54.391463, 24.509447],
              [54.392431, 24.510217],
              [54.391927, 24.510717]
            ]
          ],
          [
            [
              [54.394518, 24.508821],
              [54.394931, 24.509718],
              [54.39319, 24.510821],
              [54.392431, 24.510217],
              [54.393184, 24.509329],
              [54.393378, 24.508652],
              [54.394274, 24.508185],
              [54.394518, 24.508821]
            ]
          ],
          [
            [
              [54.393919, 24.506937],
              [54.394069, 24.507649],
              [54.394274, 24.508185],
              [54.393378, 24.508652],
              [54.393184, 24.509329],
              [54.392431, 24.510217],
              [54.391463, 24.509447],
              [54.391953, 24.508869],
              [54.392233, 24.508236],
              [54.392299, 24.507556],
              [54.392157, 24.506427],
              [54.393856, 24.506243],
              [54.393919, 24.506937]
            ]
          ],
          [
            [
              [54.390792, 24.50833],
              [54.390787, 24.509096],
              [54.390611, 24.509775],
              [54.390255, 24.510462],
              [54.390006, 24.510614],
              [54.38929, 24.509682],
              [54.388157, 24.507894],
              [54.387705, 24.506911],
              [54.390568, 24.5066],
              [54.390792, 24.50833]
            ]
          ],
          [
            [
              [54.386538, 24.503777],
              [54.388678, 24.503546],
              [54.389095, 24.50676],
              [54.387705, 24.506911],
              [54.386957, 24.505171],
              [54.38668, 24.504425],
              [54.386538, 24.503777]
            ]
          ],
          [
            [
              [54.393543, 24.503673],
              [54.393856, 24.506243],
              [54.392157, 24.506427],
              [54.391736, 24.503219],
              [54.393443, 24.503036],
              [54.393543, 24.503673]
            ]
          ],
          [
            [
              [54.388124, 24.49164],
              [54.38979, 24.492816],
              [54.390222, 24.493252],
              [54.390521, 24.493901],
              [54.390714, 24.495388],
              [54.389068, 24.495554],
              [54.388713, 24.493164],
              [54.388453, 24.492606],
              [54.387836, 24.491827],
              [54.388009, 24.491559],
              [54.388124, 24.49164]
            ]
          ],
          [
            [
              [54.396526, 24.513189],
              [54.397021, 24.51433],
              [54.395456, 24.513916],
              [54.393717, 24.513223],
              [54.395205, 24.511639],
              [54.395662, 24.511309],
              [54.396526, 24.513189]
            ]
          ]
        ]
      },
      "properties": {
        "id": "al-maryah",
        "name": "Al Maryah Island",
        "officialDistrictIds": [74],
        "officialDistrictNames": ["AL MARYAH ISLAND"],
        "officialCommunityIds": [
          "1784",
          "1790",
          "1794",
          "1791",
          "1802",
          "1788",
          "1785",
          "1761",
          "1796",
          "1801",
          "1800",
          "1787",
          "1782",
          "1781",
          "1741",
          "1786",
          "1798",
          "1797",
          "1795",
          "1793",
          "1792",
          "1789",
          "1760",
          "1799"
        ],
        "officialCommunityNames": [
          "MI8",
          "MI13",
          "MI16",
          "MI12",
          "MI21",
          "MI10",
          "MI3",
          "MI7",
          "MI20",
          "MI22",
          "MI23",
          "MI9",
          "MI2",
          "MI5",
          "MI6",
          "MI1",
          "MI18",
          "MI19",
          "MI15",
          "MI17",
          "MI11",
          "MI14",
          "MI4",
          "MI24"
        ],
        "centroid": [54.39, 24.502],
        "geometryCentroid": [54.390364, 24.502407],
        "areaKm2": 1.48,
        "geometrySourceClass": "observed",
        "source": "adsdiCommunities",
        "excludedDisplacedCommunityRecords": 0,
        "mappingNote": null
      }
    },
    {
      "type": "Feature",
      "id": "al-saadiyat",
      "geometry": {
        "type": "MultiPolygon",
        "coordinates": [
          [
            [
              [54.445626, 24.516644],
              [54.444018, 24.517809],
              [54.443094, 24.516849],
              [54.442406, 24.516475],
              [54.444448, 24.515138],
              [54.445626, 24.516644]
            ]
          ],
          [
            [
              [54.458342, 24.560932],
              [54.457355, 24.562012],
              [54.456329, 24.560193],
              [54.456237, 24.55957],
              [54.456296, 24.558381],
              [54.455977, 24.557458],
              [54.455452, 24.556807],
              [54.453201, 24.554954],
              [54.452863, 24.55449],
              [54.452609, 24.553857],
              [54.452544, 24.553026],
              [54.452812, 24.552105],
              [54.453292, 24.551441],
              [54.454031, 24.550827],
              [54.454487, 24.55033],
              [54.454931, 24.549566],
              [54.455126, 24.54894],
              [54.456906, 24.54922],
              [54.456806, 24.550128],
              [54.457342, 24.552551],
              [54.457928, 24.553912],
              [54.460428, 24.558636],
              [54.458342, 24.560932]
            ]
          ],
          [
            [
              [54.47212, 24.493005],
              [54.472652, 24.494734],
              [54.474168, 24.498182],
              [54.475829, 24.502378],
              [54.475697, 24.503592],
              [54.473047, 24.511959],
              [54.471994, 24.514618],
              [54.470783, 24.516135],
              [54.468415, 24.518825],
              [54.463683, 24.5289],
              [54.460166, 24.538853],
              [54.457792, 24.545915],
              [54.456906, 24.54922],
              [54.455126, 24.54894],
              [54.455195, 24.548263],
              [54.455081, 24.547587],
              [54.45475, 24.546973],
              [54.454233, 24.546478],
              [54.453435, 24.546104],
              [54.451707, 24.545837],
              [54.450638, 24.54542],
              [54.44837, 24.543798],
              [54.447162, 24.54307],
              [54.445871, 24.542473],
              [54.44422, 24.54188],
              [54.442842, 24.541202],
              [54.441612, 24.540346],
              [54.439605, 24.538652],
              [54.438973, 24.537847],
              [54.438648, 24.537256],
              [54.438407, 24.536633],
              [54.438263, 24.535981],
              [54.438263, 24.535478],
              [54.438366, 24.534984],
              [54.439246, 24.532931],
              [54.439248, 24.532446],
              [54.439089, 24.531984],
              [54.438709, 24.531519],
              [54.438268, 24.53125],
              [54.436741, 24.530936],
              [54.436718, 24.530163],
              [54.436342, 24.529469],
              [54.43326, 24.526715],
              [54.435736, 24.525222],
              [54.437964, 24.523528],
              [54.439981, 24.521662],
              [54.442601, 24.519019],
              [54.443887, 24.517908],
              [54.445626, 24.516644],
              [54.448326, 24.515124],
              [54.455076, 24.512235],
              [54.457033, 24.511269],
              [54.458861, 24.510085],
              [54.459712, 24.509419],
              [54.461275, 24.507952],
              [54.462632, 24.506322],
              [54.463768, 24.504544],
              [54.464673, 24.502729],
              [54.465348, 24.500817],
              [54.465778, 24.498847],
              [54.465957, 24.496845],
              [54.465921, 24.490717],
              [54.470793, 24.488691],
              [54.47212, 24.493005]
            ]
          ],
          [
            [
              [54.450146, 24.553135],
              [54.44931, 24.553296],
              [54.448492, 24.553771],
              [54.448001, 24.553329],
              [54.447564, 24.553075],
              [54.447084, 24.552897],
              [54.446072, 24.552686],
              [54.445555, 24.552409],
              [54.445222, 24.552092],
              [54.444982, 24.551711],
              [54.44474, 24.550614],
              [54.444384, 24.549938],
              [54.444014, 24.549569],
              [54.443181, 24.549039],
              [54.443053, 24.548813],
              [54.442976, 24.548384],
              [54.44273, 24.548421],
              [54.442545, 24.54785],
              [54.44213, 24.547252],
              [54.441827, 24.547024],
              [54.441356, 24.546872],
              [54.44094, 24.546873],
              [54.440469, 24.547023],
              [54.439634, 24.547742],
              [54.439202, 24.548391],
              [54.438802, 24.549296],
              [54.435484, 24.553605],
              [54.431949, 24.551061],
              [54.435596, 24.547188],
              [54.4358, 24.547335],
              [54.436019, 24.547079],
              [54.435828, 24.546942],
              [54.436265, 24.546455],
              [54.43646, 24.546091],
              [54.436561, 24.545594],
              [54.436522, 24.545191],
              [54.43627, 24.544631],
              [54.435904, 24.544251],
              [54.432561, 24.541808],
              [54.431007, 24.541063],
              [54.429918, 24.540164],
              [54.429774, 24.539865],
              [54.429538, 24.538538],
              [54.428506, 24.537378],
              [54.428162, 24.536783],
              [54.427922, 24.536109],
              [54.427816, 24.534933],
              [54.428134, 24.533516],
              [54.429643, 24.533732],
              [54.430987, 24.533699],
              [54.433053, 24.533314],
              [54.434065, 24.533012],
              [54.434908, 24.534252],
              [54.436476, 24.537567],
              [54.436991, 24.5385],
              [54.437997, 24.539782],
              [54.439247, 24.54087],
              [54.440194, 24.541467],
              [54.441216, 24.541953],
              [54.445426, 24.543408],
              [54.446603, 24.543952],
              [54.447704, 24.544616],
              [54.45164, 24.547531],
              [54.453251, 24.548346],
              [54.455126, 24.54894],
              [54.454931, 24.549566],
              [54.454487, 24.55033],
              [54.454031, 24.550827],
              [54.453292, 24.551441],
              [54.45289, 24.551962],
              [54.452633, 24.552554],
              [54.452535, 24.553184],
              [54.450146, 24.553135]
            ]
          ],
          [
            [
              [54.436177, 24.529304],
              [54.436597, 24.529848],
              [54.436762, 24.530382],
              [54.436741, 24.530936],
              [54.436535, 24.531464],
              [54.436248, 24.531828],
              [54.435872, 24.532116],
              [54.434065, 24.533012],
              [54.433404, 24.532301],
              [54.432133, 24.531242],
              [54.431782, 24.530667],
              [54.431594, 24.530032],
              [54.431615, 24.529096],
              [54.431889, 24.528244],
              [54.432382, 24.527479],
              [54.43326, 24.526715],
              [54.436177, 24.529304]
            ]
          ],
          [
            [
              [54.456426, 24.560449],
              [54.457355, 24.562012],
              [54.454563, 24.56507],
              [54.451534, 24.568107],
              [54.446511, 24.563067],
              [54.44143, 24.558125],
              [54.435484, 24.553605],
              [54.438802, 24.549296],
              [54.439202, 24.548391],
              [54.439781, 24.547579],
              [54.440618, 24.546956],
              [54.441106, 24.546858],
              [54.4416, 24.546926],
              [54.44203, 24.547151],
              [54.44231, 24.547468],
              [54.442545, 24.54785],
              [54.44273, 24.548421],
              [54.442976, 24.548384],
              [54.443053, 24.548813],
              [54.443181, 24.549039],
              [54.444014, 24.549569],
              [54.444461, 24.550042],
              [54.44474, 24.550614],
              [54.444939, 24.551608],
              [54.445378, 24.552259],
              [54.446072, 24.552686],
              [54.447084, 24.552897],
              [54.447715, 24.553152],
              [54.448261, 24.553537],
              [54.449237, 24.554469],
              [54.44983, 24.555355],
              [54.450193, 24.556577],
              [54.450391, 24.556956],
              [54.451893, 24.558555],
              [54.452877, 24.559843],
              [54.453346, 24.560162],
              [54.453865, 24.560332],
              [54.454978, 24.560338],
              [54.456329, 24.560193],
              [54.456426, 24.560449]
            ]
          ],
          [
            [
              [54.418834, 24.530726],
              [54.418823, 24.529355],
              [54.420627, 24.529343],
              [54.420636, 24.530556],
              [54.418834, 24.530726]
            ]
          ],
          [
            [
              [54.437864, 24.531132],
              [54.438268, 24.53125],
              [54.438709, 24.531519],
              [54.439039, 24.531898],
              [54.439229, 24.532351],
              [54.439267, 24.532737],
              [54.4392, 24.533121],
              [54.438422, 24.534825],
              [54.438286, 24.535312],
              [54.438252, 24.535813],
              [54.438318, 24.536312],
              [54.438648, 24.537256],
              [54.438973, 24.537847],
              [54.439605, 24.538652],
              [54.441612, 24.540346],
              [54.442842, 24.541202],
              [54.44422, 24.54188],
              [54.445871, 24.542473],
              [54.447162, 24.54307],
              [54.44837, 24.543798],
              [54.450638, 24.54542],
              [54.451707, 24.545837],
              [54.453435, 24.546104],
              [54.454233, 24.546478],
              [54.45475, 24.546973],
              [54.455081, 24.547587],
              [54.455195, 24.548263],
              [54.455126, 24.54894],
              [54.453251, 24.548346],
              [54.45164, 24.547531],
              [54.447704, 24.544616],
              [54.446603, 24.543952],
              [54.445426, 24.543408],
              [54.441216, 24.541953],
              [54.440194, 24.541467],
              [54.438806, 24.540531],
              [54.437997, 24.539782],
              [54.437297, 24.538947],
              [54.436716, 24.538038],
              [54.434908, 24.534252],
              [54.434065, 24.533012],
              [54.43607, 24.531983],
              [54.436535, 24.531464],
              [54.436741, 24.530936],
              [54.437864, 24.531132]
            ]
          ],
          [
            [
              [54.480788, 24.588261],
              [54.479018, 24.59327],
              [54.477024, 24.591566],
              [54.47431, 24.58844],
              [54.471622, 24.588395],
              [54.469278, 24.588237],
              [54.453108, 24.569686],
              [54.451534, 24.568107],
              [54.454563, 24.56507],
              [54.460428, 24.558636],
              [54.461534, 24.560897],
              [54.462861, 24.562866],
              [54.464489, 24.565126],
              [54.466207, 24.567115],
              [54.467631, 24.569646],
              [54.469431, 24.574022],
              [54.470295, 24.575762],
              [54.475289, 24.581763],
              [54.477818, 24.584271],
              [54.48115, 24.587236],
              [54.480788, 24.588261]
            ]
          ],
          [
            [
              [54.432243, 24.531371],
              [54.433038, 24.531972],
              [54.434065, 24.533012],
              [54.433053, 24.533314],
              [54.430987, 24.533699],
              [54.429643, 24.533732],
              [54.428441, 24.533582],
              [54.427345, 24.533289],
              [54.426587, 24.532988],
              [54.425988, 24.532673],
              [54.425575, 24.532329],
              [54.425241, 24.531886],
              [54.425027, 24.531375],
              [54.424944, 24.529975],
              [54.426846, 24.529855],
              [54.428048, 24.52992],
              [54.429167, 24.530099],
              [54.430671, 24.530544],
              [54.432243, 24.531371]
            ]
          ],
          [
            [
              [54.424944, 24.529975],
              [54.424994, 24.531242],
              [54.425175, 24.531763],
              [54.425484, 24.532229],
              [54.424563, 24.532767],
              [54.423074, 24.533365],
              [54.422337, 24.533545],
              [54.421431, 24.533558],
              [54.421425, 24.533937],
              [54.421316, 24.534159],
              [54.420668, 24.534676],
              [54.419958, 24.535698],
              [54.419344, 24.536052],
              [54.416551, 24.536159],
              [54.407604, 24.537554],
              [54.404863, 24.537752],
              [54.402529, 24.537753],
              [54.40017, 24.537582],
              [54.399798, 24.537427],
              [54.399558, 24.537077],
              [54.399547, 24.536785],
              [54.399671, 24.536515],
              [54.400718, 24.535431],
              [54.401686, 24.534128],
              [54.403226, 24.5326],
              [54.403999, 24.531719],
              [54.405348, 24.529663],
              [54.406298, 24.528382],
              [54.408452, 24.526266],
              [54.411441, 24.528501],
              [54.412498, 24.529174],
              [54.414123, 24.529933],
              [54.415998, 24.530476],
              [54.417408, 24.530682],
              [54.419322, 24.530704],
              [54.424944, 24.529975]
            ]
          ],
          [
            [
              [54.475076, 24.600788],
              [54.474445, 24.601854],
              [54.465566, 24.596319],
              [54.469278, 24.588237],
              [54.471622, 24.588395],
              [54.47431, 24.58844],
              [54.477024, 24.591566],
              [54.479018, 24.59327],
              [54.478717, 24.594119],
              [54.477216, 24.597172],
              [54.475076, 24.600788]
            ]
          ],
          [
            [
              [54.434491, 24.548362],
              [54.431949, 24.551061],
              [54.426158, 24.547296],
              [54.422837, 24.545651],
              [54.420027, 24.544565],
              [54.417002, 24.543881],
              [54.414317, 24.543456],
              [54.408235, 24.543162],
              [54.40171, 24.543302],
              [54.396355, 24.54321],
              [54.391329, 24.543357],
              [54.386023, 24.543897],
              [54.386456, 24.543261],
              [54.40406, 24.522692],
              [54.406726, 24.524973],
              [54.408452, 24.526266],
              [54.406298, 24.528382],
              [54.405348, 24.529663],
              [54.403999, 24.531719],
              [54.403226, 24.5326],
              [54.401686, 24.534128],
              [54.400718, 24.535431],
              [54.399671, 24.536515],
              [54.399537, 24.536952],
              [54.399764, 24.537399],
              [54.40017, 24.537582],
              [54.402529, 24.537753],
              [54.404396, 24.537769],
              [54.406672, 24.537645],
              [54.416551, 24.536159],
              [54.419166, 24.536094],
              [54.419675, 24.53591],
              [54.420019, 24.535635],
              [54.420668, 24.534676],
              [54.421355, 24.534109],
              [54.421431, 24.533558],
              [54.422337, 24.533545],
              [54.423074, 24.533365],
              [54.424563, 24.532767],
              [54.425484, 24.532229],
              [54.425988, 24.532673],
              [54.426587, 24.532988],
              [54.428134, 24.533516],
              [54.427816, 24.534933],
              [54.427922, 24.536109],
              [54.428162, 24.536783],
              [54.428506, 24.537378],
              [54.429538, 24.538538],
              [54.429774, 24.539865],
              [54.429952, 24.540209],
              [54.431007, 24.541063],
              [54.432626, 24.541853],
              [54.435904, 24.544251],
              [54.436379, 24.544808],
              [54.436542, 24.545291],
              [54.43654, 24.545796],
              [54.436322, 24.546368],
              [54.435828, 24.546942],
              [54.436019, 24.547079],
              [54.4358, 24.547335],
              [54.435596, 24.547188],
              [54.434491, 24.548362]
            ]
          ],
          [
            [
              [54.418834, 24.530726],
              [54.416699, 24.530599],
              [54.415306, 24.530313],
              [54.413629, 24.529734],
              [54.412498, 24.529174],
              [54.411441, 24.528501],
              [54.406726, 24.524973],
              [54.40406, 24.522692],
              [54.408479, 24.517527],
              [54.414407, 24.51206],
              [54.418222, 24.512651],
              [54.42148, 24.513006],
              [54.424261, 24.513122],
              [54.427781, 24.51307],
              [54.434059, 24.512502],
              [54.43775, 24.511523],
              [54.440542, 24.509878],
              [54.443595, 24.507063],
              [54.447801, 24.503672],
              [54.448436, 24.503247],
              [54.446069, 24.498986],
              [54.465921, 24.490717],
              [54.465957, 24.496845],
              [54.465899, 24.497848],
              [54.465594, 24.499838],
              [54.465041, 24.501782],
              [54.464246, 24.503655],
              [54.463226, 24.505454],
              [54.462632, 24.506322],
              [54.461275, 24.507952],
              [54.459712, 24.509419],
              [54.457966, 24.510702],
              [54.456064, 24.511782],
              [54.448326, 24.515124],
              [54.445626, 24.516644],
              [54.444448, 24.515138],
              [54.442406, 24.516475],
              [54.443094, 24.516849],
              [54.444018, 24.517809],
              [54.442601, 24.519019],
              [54.439981, 24.521662],
              [54.437964, 24.523528],
              [54.435736, 24.525222],
              [54.43326, 24.526715],
              [54.433137, 24.526606],
              [54.430208, 24.528035],
              [54.428673, 24.528638],
              [54.427065, 24.529172],
              [54.424942, 24.529737],
              [54.424944, 24.529975],
              [54.420636, 24.530556],
              [54.420627, 24.529343],
              [54.418823, 24.529355],
              [54.418834, 24.530726]
            ]
          ],
          [
            [
              [54.448492, 24.553771],
              [54.449179, 24.553349],
              [54.449861, 24.553159],
              [54.452535, 24.553184],
              [54.452657, 24.55402],
              [54.453124, 24.55487],
              [54.455452, 24.556807],
              [54.455977, 24.557458],
              [54.456296, 24.558381],
              [54.456237, 24.55957],
              [54.456329, 24.560193],
              [54.454076, 24.56036],
              [54.453451, 24.560209],
              [54.452962, 24.559917],
              [54.451893, 24.558555],
              [54.450391, 24.556956],
              [54.450193, 24.556577],
              [54.449914, 24.555549],
              [54.449626, 24.554982],
              [54.449237, 24.554469],
              [54.448492, 24.553771]
            ]
          ],
          [
            [
              [54.431574, 24.529868],
              [54.431782, 24.530667],
              [54.432243, 24.531371],
              [54.430671, 24.530544],
              [54.429167, 24.530099],
              [54.428048, 24.52992],
              [54.426846, 24.529855],
              [54.424944, 24.529975],
              [54.424942, 24.529737],
              [54.427065, 24.529172],
              [54.428673, 24.528638],
              [54.430208, 24.528035],
              [54.433137, 24.526606],
              [54.43326, 24.526715],
              [54.432382, 24.527479],
              [54.431889, 24.528244],
              [54.431615, 24.529096],
              [54.431574, 24.529868]
            ]
          ]
        ]
      },
      "properties": {
        "id": "al-saadiyat",
        "name": "Al Saadiyat Island",
        "officialDistrictIds": [1347],
        "officialDistrictNames": ["AL SAADIYAT ISLAND"],
        "officialCommunityIds": [
          "4537",
          "4526",
          "4531",
          "4523",
          "4535",
          "4525",
          "4538",
          "4534",
          "4524",
          "4528",
          "4533",
          "4568",
          "4522",
          "4532",
          "4527",
          "4536"
        ],
        "officialCommunityNames": [
          "SDW2",
          "SDN5",
          "SDE3",
          "SDN2",
          "SDE1",
          "SDN3",
          "SDW3",
          "SDE2",
          "SDN7",
          "SDN6",
          "SDN8",
          "RAS AL MOHSANA ISLAND",
          "SDN1",
          "SDW4",
          "SDN4",
          "SDW1"
        ],
        "centroid": [54.44, 24.54],
        "geometryCentroid": [54.442831, 24.534516],
        "areaKm2": 39.33,
        "geometrySourceClass": "observed",
        "source": "adsdiCommunities",
        "excludedDisplacedCommunityRecords": 0,
        "mappingNote": null
      }
    },
    {
      "type": "Feature",
      "id": "rabdan-al-maqta",
      "geometry": {
        "type": "MultiPolygon",
        "coordinates": [
          [
            [
              [54.513555, 24.402524],
              [54.514577, 24.405662],
              [54.50559, 24.408117],
              [54.504569, 24.404979],
              [54.513555, 24.402524]
            ]
          ],
          [
            [
              [54.490081, 24.397783],
              [54.489172, 24.395057],
              [54.492602, 24.394103],
              [54.493486, 24.396837],
              [54.490081, 24.397783]
            ]
          ],
          [
            [
              [54.49685, 24.395902],
              [54.50116, 24.394703],
              [54.501998, 24.397172],
              [54.497669, 24.398375],
              [54.49685, 24.395902]
            ]
          ],
          [
            [
              [54.495009, 24.418471],
              [54.49076, 24.420402],
              [54.489987, 24.420642],
              [54.489085, 24.420692],
              [54.485934, 24.420374],
              [54.48663, 24.418289],
              [54.488518, 24.418465],
              [54.492511, 24.416584],
              [54.492894, 24.416687],
              [54.493438, 24.416599],
              [54.501064, 24.413208],
              [54.506727, 24.41161],
              [54.507199, 24.413029],
              [54.495009, 24.418471]
            ]
          ],
          [
            [
              [54.487549, 24.405625],
              [54.486613, 24.4039],
              [54.486218, 24.403384],
              [54.502563, 24.398841],
              [54.503516, 24.401748],
              [54.491325, 24.405076],
              [54.491281, 24.404607],
              [54.487549, 24.405625]
            ]
          ],
          [
            [
              [54.514588, 24.405695],
              [54.51523, 24.407672],
              [54.515994, 24.4091],
              [54.507199, 24.413029],
              [54.50559, 24.408117],
              [54.514588, 24.405695]
            ]
          ],
          [
            [
              [54.495943, 24.393176],
              [54.486906, 24.395691],
              [54.487644, 24.397913],
              [54.485394, 24.398539],
              [54.485712, 24.399156],
              [54.487478, 24.400871],
              [54.48461, 24.40171],
              [54.482905, 24.400482],
              [54.475119, 24.39601],
              [54.471594, 24.394273],
              [54.469765, 24.393707],
              [54.467639, 24.393294],
              [54.465353, 24.393131],
              [54.463093, 24.393243],
              [54.463929, 24.387827],
              [54.464258, 24.383834],
              [54.473837, 24.383637],
              [54.479747, 24.383726],
              [54.489782, 24.384129],
              [54.504553, 24.384883],
              [54.504216, 24.391883],
              [54.504345, 24.392271],
              [54.499939, 24.392099],
              [54.495943, 24.393176]
            ]
          ],
          [
            [
              [54.509003, 24.395226],
              [54.518643, 24.392537],
              [54.519204, 24.394215],
              [54.488147, 24.402842],
              [54.487785, 24.401703],
              [54.487774, 24.401136],
              [54.509003, 24.395226]
            ]
          ],
          [
            [
              [54.535767, 24.390152],
              [54.53717, 24.390248],
              [54.538592, 24.390497],
              [54.526846, 24.403621],
              [54.525988, 24.404369],
              [54.525291, 24.40485],
              [54.523226, 24.405864],
              [54.52341, 24.405326],
              [54.523475, 24.404719],
              [54.523559, 24.402898],
              [54.523511, 24.401367],
              [54.523909, 24.392902],
              [54.532908, 24.390427],
              [54.534487, 24.390194],
              [54.535767, 24.390152]
            ]
          ],
          [
            [
              [54.500295, 24.392096],
              [54.504345, 24.392271],
              [54.504814, 24.39369],
              [54.50116, 24.394703],
              [54.500295, 24.392096]
            ]
          ],
          [
            [
              [54.518524, 24.392573],
              [54.509003, 24.395226],
              [54.507965, 24.392014],
              [54.508276, 24.385045],
              [54.521693, 24.385478],
              [54.521646, 24.386442],
              [54.522893, 24.386486],
              [54.522908, 24.385867],
              [54.52424, 24.38586],
              [54.523909, 24.392902],
              [54.519204, 24.394215],
              [54.518643, 24.392537],
              [54.518524, 24.392573]
            ]
          ],
          [
            [
              [54.523569, 24.400124],
              [54.523504, 24.40175],
              [54.523559, 24.402898],
              [54.523463, 24.404937],
              [54.523226, 24.405864],
              [54.515994, 24.4091],
              [54.51523, 24.407672],
              [54.513555, 24.402524],
              [54.521827, 24.400265],
              [54.522244, 24.400223],
              [54.523583, 24.399858],
              [54.523569, 24.400124]
            ]
          ],
          [
            [
              [54.495656, 24.407421],
              [54.504569, 24.404979],
              [54.50559, 24.408117],
              [54.496679, 24.410549],
              [54.495656, 24.407421]
            ]
          ],
          [
            [
              [54.487529, 24.400918],
              [54.487774, 24.401136],
              [54.487785, 24.401703],
              [54.488147, 24.402842],
              [54.486218, 24.403384],
              [54.485772, 24.4028],
              [54.48461, 24.40171],
              [54.487478, 24.400871],
              [54.487529, 24.400918]
            ]
          ],
          [
            [
              [54.523583, 24.399858],
              [54.522244, 24.400223],
              [54.521827, 24.400265],
              [54.513555, 24.402524],
              [54.512205, 24.398386],
              [54.520141, 24.396247],
              [54.520061, 24.395998],
              [54.520628, 24.395843],
              [54.520997, 24.396016],
              [54.523797, 24.395261],
              [54.523583, 24.399858]
            ]
          ],
          [
            [
              [54.505633, 24.396162],
              [54.501998, 24.397172],
              [54.50116, 24.394703],
              [54.504814, 24.39369],
              [54.505633, 24.396162]
            ]
          ],
          [
            [
              [54.490081, 24.397783],
              [54.485612, 24.399033],
              [54.485394, 24.398539],
              [54.487644, 24.397913],
              [54.486906, 24.395691],
              [54.489172, 24.395057],
              [54.490081, 24.397783]
            ]
          ],
          [
            [
              [54.513555, 24.402524],
              [54.504569, 24.404979],
              [54.503222, 24.40086],
              [54.512205, 24.398386],
              [54.513555, 24.402524]
            ]
          ],
          [
            [
              [54.494308, 24.399308],
              [54.490901, 24.400257],
              [54.490081, 24.397783],
              [54.493486, 24.396837],
              [54.494308, 24.399308]
            ]
          ],
          [
            [
              [54.498047, 24.414548],
              [54.497863, 24.41419],
              [54.496679, 24.410549],
              [54.50559, 24.408117],
              [54.506727, 24.41161],
              [54.501232, 24.413148],
              [54.498047, 24.414548]
            ]
          ],
          [
            [
              [54.488518, 24.418465],
              [54.48663, 24.418289],
              [54.488589, 24.412266],
              [54.488942, 24.410568],
              [54.48898, 24.409346],
              [54.488482, 24.407582],
              [54.487548, 24.405626],
              [54.491281, 24.404607],
              [54.491325, 24.405076],
              [54.494604, 24.404181],
              [54.497863, 24.41419],
              [54.498047, 24.414548],
              [54.493438, 24.416599],
              [54.492894, 24.416687],
              [54.492511, 24.416584],
              [54.488518, 24.418465]
            ]
          ],
          [
            [
              [54.505054, 24.384908],
              [54.508276, 24.385045],
              [54.507965, 24.392014],
              [54.509003, 24.395226],
              [54.505633, 24.396162],
              [54.504216, 24.391883],
              [54.504553, 24.384883],
              [54.505054, 24.384908]
            ]
          ],
          [
            [
              [54.494308, 24.399308],
              [54.493486, 24.396837],
              [54.49685, 24.395902],
              [54.497669, 24.398375],
              [54.494308, 24.399308]
            ]
          ],
          [
            [
              [54.490081, 24.397783],
              [54.490901, 24.400257],
              [54.487774, 24.401136],
              [54.486809, 24.400287],
              [54.485612, 24.399033],
              [54.490081, 24.397783]
            ]
          ],
          [
            [
              [54.495943, 24.393176],
              [54.49685, 24.395902],
              [54.493486, 24.396837],
              [54.492602, 24.394103],
              [54.495943, 24.393176]
            ]
          ],
          [
            [
              [54.523797, 24.395261],
              [54.520997, 24.396016],
              [54.520628, 24.395843],
              [54.520061, 24.395998],
              [54.520141, 24.396247],
              [54.503222, 24.40086],
              [54.502563, 24.398841],
              [54.523909, 24.392902],
              [54.523797, 24.395261]
            ]
          ],
          [
            [
              [54.495656, 24.407421],
              [54.494604, 24.404181],
              [54.503516, 24.401748],
              [54.504569, 24.404979],
              [54.495656, 24.407421]
            ]
          ],
          [
            [
              [54.500295, 24.392096],
              [54.50116, 24.394703],
              [54.49685, 24.395902],
              [54.495943, 24.393176],
              [54.499642, 24.392149],
              [54.500295, 24.392096]
            ]
          ]
        ]
      },
      "properties": {
        "id": "rabdan-al-maqta",
        "name": "Rabdan / Al Maqta",
        "officialDistrictIds": [1244],
        "officialDistrictNames": ["RABDAN"],
        "officialCommunityIds": [
          "4891",
          "4876",
          "4880",
          "4881",
          "4890",
          "4878",
          "4872",
          "4870",
          "4885",
          "4869",
          "4866",
          "4896",
          "4888",
          "4865",
          "4884",
          "4871",
          "4873",
          "4892",
          "4875",
          "4887",
          "4886",
          "4867",
          "4879",
          "4874",
          "4877",
          "4882",
          "4889",
          "4864"
        ],
        "officialCommunityNames": [
          "RB8",
          "RB19",
          "RB22",
          "RB1",
          "RB6",
          "RB7",
          "RB15",
          "RB28",
          "RB13",
          "RB24",
          "RB27",
          "RB11",
          "RB4",
          "RB14",
          "RB12",
          "RB25",
          "RB16",
          "RB9",
          "RB18",
          "RB3",
          "RB2",
          "RB26",
          "RB21",
          "RB17",
          "RB20",
          "RB10",
          "RB5",
          "RB23"
        ],
        "centroid": [54.5, 24.397],
        "geometryCentroid": [54.500103, 24.397483],
        "areaKm2": 16.44,
        "geometrySourceClass": "observed",
        "source": "adsdiCommunities",
        "excludedDisplacedCommunityRecords": 0,
        "mappingNote": "Official Rabdan polygon used for the Rabdan / Al Maqta gateway zone."
      }
    },
    {
      "type": "Feature",
      "id": "al-raha",
      "geometry": {
        "type": "MultiPolygon",
        "coordinates": [
          [
            [
              [54.584069, 24.444158],
              [54.582182, 24.441804],
              [54.581426, 24.441137],
              [54.580736, 24.440697],
              [54.57979, 24.44028],
              [54.578571, 24.439991],
              [54.577523, 24.439933],
              [54.57648, 24.440046],
              [54.576743, 24.438487],
              [54.586068, 24.441121],
              [54.58575, 24.441997],
              [54.585335, 24.442757],
              [54.584989, 24.443216],
              [54.584069, 24.444158]
            ]
          ],
          [
            [
              [54.600978, 24.445337],
              [54.615991, 24.449618],
              [54.614636, 24.451487],
              [54.604789, 24.448681],
              [54.603406, 24.448444],
              [54.600696, 24.448259],
              [54.600978, 24.445337]
            ]
          ],
          [
            [
              [54.581891, 24.445052],
              [54.580839, 24.442946],
              [54.580415, 24.442453],
              [54.5799, 24.442041],
              [54.579099, 24.441638],
              [54.578333, 24.441444],
              [54.577487, 24.441405],
              [54.576582, 24.441565],
              [54.576448, 24.440805],
              [54.57648, 24.440046],
              [54.577943, 24.439936],
              [54.579391, 24.440157],
              [54.580736, 24.440697],
              [54.581895, 24.441522],
              [54.582446, 24.442103],
              [54.584069, 24.444158],
              [54.582961, 24.444753],
              [54.581891, 24.445052]
            ]
          ],
          [
            [
              [54.600978, 24.445337],
              [54.600696, 24.448259],
              [54.599315, 24.448241],
              [54.597325, 24.448347],
              [54.596342, 24.448181],
              [54.595355, 24.447748],
              [54.594673, 24.447245],
              [54.592843, 24.445508],
              [54.5922, 24.445128],
              [54.591629, 24.444926],
              [54.59232, 24.442889],
              [54.600978, 24.445337]
            ]
          ],
          [
            [
              [54.573516, 24.441009],
              [54.573398, 24.440797],
              [54.573442, 24.440649],
              [54.574176, 24.439881],
              [54.574268, 24.439641],
              [54.57569, 24.440036],
              [54.576095, 24.438846],
              [54.575565, 24.438678],
              [54.575722, 24.438195],
              [54.576743, 24.438487],
              [54.57648, 24.440046],
              [54.575761, 24.440227],
              [54.573516, 24.441009]
            ]
          ],
          [
            [
              [54.573516, 24.441009],
              [54.571976, 24.441493],
              [54.570257, 24.441772],
              [54.568141, 24.441649],
              [54.566413, 24.441197],
              [54.566751, 24.440186],
              [54.566687, 24.440006],
              [54.567073, 24.439806],
              [54.567324, 24.439997],
              [54.567876, 24.440196],
              [54.568806, 24.440422],
              [54.570426, 24.440563],
              [54.571952, 24.440474],
              [54.572892, 24.440697],
              [54.57325, 24.440571],
              [54.573463, 24.440628],
              [54.574152, 24.439905],
              [54.573442, 24.440649],
              [54.573398, 24.440797],
              [54.573516, 24.441009]
            ]
          ],
          [
            [
              [54.584069, 24.444158],
              [54.584989, 24.443216],
              [54.585335, 24.442757],
              [54.58575, 24.441997],
              [54.586068, 24.441121],
              [54.59232, 24.442889],
              [54.591629, 24.444926],
              [54.590983, 24.4448],
              [54.590345, 24.444795],
              [54.587702, 24.445333],
              [54.586665, 24.445361],
              [54.585985, 24.445241],
              [54.585326, 24.445008],
              [54.584586, 24.444588],
              [54.584069, 24.444158]
            ]
          ],
          [
            [
              [54.573516, 24.441009],
              [54.575761, 24.440227],
              [54.57648, 24.440046],
              [54.576448, 24.440805],
              [54.576582, 24.441565],
              [54.575485, 24.442093],
              [54.573959, 24.443498],
              [54.574097, 24.443],
              [54.574085, 24.442336],
              [54.573896, 24.441694],
              [54.573516, 24.441009]
            ]
          ],
          [
            [
              [54.618518, 24.455803],
              [54.617823, 24.454684],
              [54.616216, 24.452603],
              [54.615376, 24.45189],
              [54.614636, 24.451487],
              [54.615991, 24.449618],
              [54.617713, 24.450295],
              [54.619333, 24.451105],
              [54.620999, 24.452143],
              [54.622473, 24.453273],
              [54.618518, 24.455803]
            ]
          ],
          [
            [
              [54.64396, 24.484955],
              [54.633909, 24.487427],
              [54.632634, 24.485681],
              [54.632224, 24.485263],
              [54.630476, 24.484118],
              [54.612429, 24.47722],
              [54.611437, 24.476821],
              [54.610354, 24.476155],
              [54.610039, 24.475766],
              [54.609674, 24.474581],
              [54.609722, 24.473726],
              [54.610979, 24.464282],
              [54.611158, 24.462411],
              [54.611063, 24.46097],
              [54.61097, 24.460632],
              [54.622473, 24.453273],
              [54.623638, 24.454343],
              [54.624877, 24.455716],
              [54.625713, 24.456822],
              [54.62662, 24.45827],
              [54.627615, 24.460357],
              [54.629538, 24.465419],
              [54.630145, 24.466633],
              [54.631009, 24.468041],
              [54.64396, 24.484955]
            ]
          ],
          [
            [
              [54.593428, 24.45268],
              [54.592609, 24.448962],
              [54.592787, 24.448194],
              [54.590623, 24.447894],
              [54.591629, 24.444926],
              [54.5922, 24.445128],
              [54.592722, 24.445422],
              [54.594932, 24.447462],
              [54.595504, 24.447832],
              [54.596131, 24.448112],
              [54.597325, 24.448347],
              [54.599315, 24.448241],
              [54.600696, 24.448259],
              [54.600618, 24.449506],
              [54.598362, 24.449682],
              [54.596617, 24.452244],
              [54.596038, 24.452129],
              [54.593428, 24.45268]
            ]
          ],
          [
            [
              [54.565745, 24.443135],
              [54.565593, 24.443647],
              [54.565217, 24.443481],
              [54.542416, 24.437075],
              [54.518995, 24.429834],
              [54.521464, 24.422828],
              [54.575713, 24.438193],
              [54.575565, 24.438678],
              [54.576095, 24.438846],
              [54.57569, 24.440036],
              [54.574268, 24.439641],
              [54.574176, 24.439881],
              [54.573463, 24.440628],
              [54.57325, 24.440571],
              [54.572892, 24.440697],
              [54.571952, 24.440474],
              [54.570426, 24.440563],
              [54.568806, 24.440422],
              [54.567876, 24.440196],
              [54.567324, 24.439997],
              [54.567073, 24.439806],
              [54.566687, 24.440006],
              [54.566751, 24.440186],
              [54.565745, 24.443135]
            ]
          ],
          [
            [
              [54.57328, 24.445502],
              [54.572964, 24.446436],
              [54.570615, 24.445863],
              [54.565593, 24.443647],
              [54.566413, 24.441197],
              [54.568141, 24.441649],
              [54.570257, 24.441772],
              [54.571976, 24.441493],
              [54.573516, 24.441009],
              [54.574012, 24.44201],
              [54.57411, 24.442834],
              [54.574072, 24.443165],
              [54.57328, 24.445502]
            ]
          ],
          [
            [
              [54.592609, 24.448962],
              [54.593428, 24.45268],
              [54.591484, 24.453091],
              [54.590031, 24.452348],
              [54.589156, 24.451124],
              [54.588647, 24.450829],
              [54.586854, 24.450294],
              [54.586074, 24.450237],
              [54.586052, 24.449572],
              [54.585811, 24.449331],
              [54.58466, 24.448956],
              [54.584045, 24.448956],
              [54.583604, 24.449574],
              [54.581317, 24.448863],
              [54.581315, 24.448474],
              [54.580942, 24.4483],
              [54.581891, 24.445052],
              [54.582961, 24.444753],
              [54.584069, 24.444158],
              [54.584586, 24.444588],
              [54.585326, 24.445008],
              [54.585985, 24.445241],
              [54.586665, 24.445361],
              [54.587702, 24.445333],
              [54.590345, 24.444795],
              [54.590983, 24.4448],
              [54.591629, 24.444926],
              [54.590623, 24.447894],
              [54.592787, 24.448194],
              [54.592609, 24.448962]
            ]
          ],
          [
            [
              [54.580942, 24.4483],
              [54.580111, 24.447913],
              [54.579228, 24.447752],
              [54.578851, 24.448097],
              [54.5755, 24.447055],
              [54.572964, 24.446436],
              [54.573959, 24.443498],
              [54.575485, 24.442093],
              [54.576059, 24.441763],
              [54.576749, 24.44152],
              [54.577579, 24.4414],
              [54.578443, 24.441462],
              [54.579211, 24.441682],
              [54.5799, 24.442041],
              [54.580415, 24.442453],
              [54.580839, 24.442946],
              [54.581891, 24.445052],
              [54.580942, 24.4483]
            ]
          ],
          [
            [
              [54.600901, 24.448272],
              [54.603406, 24.448444],
              [54.604789, 24.448681],
              [54.614636, 24.451487],
              [54.615376, 24.45189],
              [54.616216, 24.452603],
              [54.617823, 24.454684],
              [54.618518, 24.455803],
              [54.61097, 24.460632],
              [54.610351, 24.458592],
              [54.609992, 24.457975],
              [54.606026, 24.454239],
              [54.599525, 24.452804],
              [54.596617, 24.452244],
              [54.598362, 24.449682],
              [54.600618, 24.449506],
              [54.600696, 24.448259],
              [54.600901, 24.448272]
            ]
          ]
        ]
      },
      "properties": {
        "id": "al-raha",
        "name": "Al Raha",
        "officialDistrictIds": [1345],
        "officialDistrictNames": ["AL RAHAH"],
        "officialCommunityIds": [
          "4549",
          "4544",
          "4550",
          "4545",
          "4552",
          "4665",
          "4547",
          "4551",
          "4548",
          "4539",
          "4546",
          "4540",
          "4664",
          "4542",
          "4543",
          "4541"
        ],
        "officialCommunityNames": [
          "RBW10",
          "RBW3",
          "RBW9",
          "RBW5",
          "RBW12",
          "RBW14",
          "RBW7",
          "RBW11",
          "RBW1",
          "RBE1",
          "RBW4",
          "RBW13",
          "RBW15",
          "RBW6",
          "RBW8",
          "RBW2"
        ],
        "centroid": [54.59, 24.453],
        "geometryCentroid": [54.59259, 24.45349],
        "areaKm2": 15.99,
        "geometrySourceClass": "observed",
        "source": "adsdiCommunities",
        "excludedDisplacedCommunityRecords": 0,
        "mappingNote": null
      }
    },
    {
      "type": "Feature",
      "id": "yas-island",
      "geometry": {
        "type": "MultiPolygon",
        "coordinates": [
          [
            [
              [54.60041, 24.524625],
              [54.599389, 24.522674],
              [54.596058, 24.519418],
              [54.588405, 24.515842],
              [54.576116, 24.512984],
              [54.575519, 24.512943],
              [54.574855, 24.510056],
              [54.573896, 24.508186],
              [54.572805, 24.504111],
              [54.592349, 24.499668],
              [54.593149, 24.502937],
              [54.593196, 24.503485],
              [54.593142, 24.503986],
              [54.594969, 24.50421],
              [54.596896, 24.504037],
              [54.597411, 24.504166],
              [54.597858, 24.504433],
              [54.598164, 24.504766],
              [54.598341, 24.50511],
              [54.598585, 24.506828],
              [54.599403, 24.508679],
              [54.599485, 24.509423],
              [54.599377, 24.510336],
              [54.599497, 24.510735],
              [54.599754, 24.511032],
              [54.600151, 24.51123],
              [54.601878, 24.511377],
              [54.601173, 24.520784],
              [54.602524, 24.523289],
              [54.60041, 24.524625]
            ]
          ],
          [
            [
              [54.627854, 24.486234],
              [54.628482, 24.486529],
              [54.62934, 24.487084],
              [54.629849, 24.487525],
              [54.6305, 24.488277],
              [54.628223, 24.488905],
              [54.626474, 24.48951],
              [54.624771, 24.490213],
              [54.62005, 24.492365],
              [54.620237, 24.490808],
              [54.620802, 24.488747],
              [54.621337, 24.487499],
              [54.62294, 24.484246],
              [54.627854, 24.486234]
            ]
          ],
          [
            [
              [54.583995, 24.499506],
              [54.582319, 24.500859],
              [54.58122, 24.502178],
              [54.572805, 24.504111],
              [54.572081, 24.501902],
              [54.57165, 24.500849],
              [54.571371, 24.499688],
              [54.571382, 24.49911],
              [54.571568, 24.498548],
              [54.572327, 24.499081],
              [54.572507, 24.498867],
              [54.573016, 24.499219],
              [54.573289, 24.499301],
              [54.575375, 24.498821],
              [54.577051, 24.498308],
              [54.578019, 24.497882],
              [54.578097, 24.498044],
              [54.578616, 24.497806],
              [54.579785, 24.497178],
              [54.58176, 24.495953],
              [54.582062, 24.495643],
              [54.585611, 24.49853],
              [54.584657, 24.499037],
              [54.583995, 24.499506]
            ]
          ],
          [
            [
              [54.616566, 24.514463],
              [54.608511, 24.515702],
              [54.60609, 24.516244],
              [54.605, 24.516807],
              [54.604091, 24.517895],
              [54.603284, 24.520319],
              [54.602865, 24.522761],
              [54.602524, 24.523289],
              [54.601173, 24.520784],
              [54.601877, 24.511388],
              [54.603863, 24.511526],
              [54.604801, 24.511483],
              [54.615153, 24.509425],
              [54.615728, 24.511854],
              [54.61594, 24.511812],
              [54.616566, 24.514463]
            ]
          ],
          [
            [
              [54.607425, 24.504517],
              [54.604566, 24.505039],
              [54.602867, 24.498332],
              [54.602394, 24.498454],
              [54.602128, 24.497465],
              [54.613968, 24.494782],
              [54.616938, 24.493785],
              [54.619469, 24.492631],
              [54.619583, 24.49501],
              [54.619714, 24.494985],
              [54.619738, 24.495138],
              [54.619142, 24.495327],
              [54.619276, 24.495781],
              [54.617448, 24.49633],
              [54.616142, 24.497072],
              [54.615056, 24.498069],
              [54.614173, 24.4994],
              [54.613718, 24.50066],
              [54.613565, 24.501798],
              [54.613639, 24.502947],
              [54.613951, 24.504329],
              [54.612054, 24.50467],
              [54.610904, 24.504759],
              [54.609739, 24.504723],
              [54.60808, 24.504511],
              [54.607425, 24.504517]
            ]
          ],
          [
            [
              [54.618162, 24.482676],
              [54.617231, 24.482867],
              [54.616555, 24.4832],
              [54.61598, 24.48368],
              [54.61555, 24.484274],
              [54.61534, 24.484774],
              [54.615234, 24.4853],
              [54.615431, 24.488184],
              [54.615358, 24.48894],
              [54.615184, 24.489683],
              [54.61474, 24.490746],
              [54.614329, 24.491406],
              [54.613555, 24.492297],
              [54.612945, 24.492811],
              [54.611912, 24.493446],
              [54.61077, 24.493897],
              [54.609966, 24.494087],
              [54.608729, 24.4942],
              [54.607489, 24.494104],
              [54.60629, 24.493801],
              [54.605172, 24.493303],
              [54.604172, 24.492625],
              [54.603156, 24.49158],
              [54.602486, 24.490491],
              [54.602028, 24.489106],
              [54.601877, 24.487509],
              [54.601877, 24.486966],
              [54.602009, 24.486166],
              [54.602814, 24.484327],
              [54.602855, 24.483102],
              [54.603422, 24.482369],
              [54.603824, 24.481304],
              [54.603875, 24.480403],
              [54.603678, 24.479095],
              [54.603393, 24.478096],
              [54.600438, 24.470116],
              [54.600034, 24.469199],
              [54.599493, 24.468237],
              [54.599474, 24.467838],
              [54.599632, 24.467518],
              [54.601358, 24.465996],
              [54.603977, 24.463963],
              [54.60534, 24.463229],
              [54.607881, 24.462169],
              [54.607709, 24.4618],
              [54.608914, 24.461417],
              [54.608992, 24.461595],
              [54.609971, 24.461223],
              [54.611063, 24.46097],
              [54.611158, 24.462411],
              [54.610979, 24.464282],
              [54.610001, 24.471473],
              [54.609674, 24.474581],
              [54.610039, 24.475766],
              [54.610354, 24.476155],
              [54.611437, 24.476821],
              [54.612429, 24.47722],
              [54.630476, 24.484118],
              [54.632224, 24.485263],
              [54.632634, 24.485681],
              [54.633911, 24.487433],
              [54.6305, 24.488277],
              [54.629849, 24.487525],
              [54.62934, 24.487084],
              [54.628175, 24.486374],
              [54.619478, 24.482851],
              [54.618735, 24.482688],
              [54.618162, 24.482676]
            ]
          ],
          [
            [
              [54.589028, 24.487864],
              [54.590387, 24.488075],
              [54.591658, 24.488569],
              [54.592775, 24.489292],
              [54.593498, 24.490068],
              [54.591794, 24.491401],
              [54.591382, 24.491924],
              [54.591079, 24.492506],
              [54.590894, 24.493129],
              [54.59084, 24.493986],
              [54.591298, 24.49593],
              [54.590344, 24.496238],
              [54.588062, 24.497582],
              [54.585611, 24.49853],
              [54.584011, 24.497228],
              [54.587542, 24.494351],
              [54.588117, 24.493597],
              [54.588371, 24.492708],
              [54.588485, 24.487848],
              [54.589028, 24.487864]
            ]
          ],
          [
            [
              [54.574859, 24.498939],
              [54.573289, 24.499301],
              [54.573016, 24.499219],
              [54.572507, 24.498867],
              [54.572327, 24.499081],
              [54.571568, 24.498548],
              [54.572069, 24.497855],
              [54.573521, 24.496257],
              [54.577266, 24.49174],
              [54.582062, 24.495643],
              [54.58176, 24.495953],
              [54.57995, 24.497077],
              [54.578285, 24.497961],
              [54.578097, 24.498044],
              [54.578019, 24.497882],
              [54.576854, 24.498376],
              [54.574859, 24.498939]
            ]
          ],
          [
            [
              [54.58838, 24.492553],
              [54.588183, 24.493456],
              [54.587657, 24.494239],
              [54.584011, 24.497228],
              [54.579721, 24.493737],
              [54.58184, 24.490439],
              [54.582482, 24.489686],
              [54.583258, 24.489047],
              [54.584145, 24.488544],
              [54.585115, 24.48819],
              [54.585798, 24.488043],
              [54.587584, 24.487863],
              [54.588485, 24.487848],
              [54.58838, 24.492553]
            ]
          ],
          [
            [
              [54.614712, 24.507556],
              [54.615153, 24.509425],
              [54.604859, 24.511472],
              [54.605153, 24.509414],
              [54.605181, 24.508173],
              [54.605045, 24.507094],
              [54.604566, 24.505039],
              [54.607425, 24.504517],
              [54.60808, 24.504511],
              [54.609739, 24.504723],
              [54.610904, 24.504759],
              [54.612054, 24.50467],
              [54.613951, 24.504329],
              [54.614712, 24.507556]
            ]
          ],
          [
            [
              [54.603554, 24.500877],
              [54.60514, 24.50764],
              [54.605153, 24.509414],
              [54.604859, 24.511472],
              [54.604801, 24.511483],
              [54.603863, 24.511526],
              [54.601877, 24.511388],
              [54.602781, 24.500918],
              [54.602736, 24.499965],
              [54.60242, 24.498441],
              [54.602867, 24.498332],
              [54.603554, 24.500877]
            ]
          ],
          [
            [
              [54.592349, 24.499668],
              [54.591298, 24.49593],
              [54.591841, 24.495874],
              [54.595468, 24.495884],
              [54.597372, 24.495544],
              [54.598964, 24.495055],
              [54.600187, 24.494535],
              [54.601299, 24.49388],
              [54.601948, 24.493324],
              [54.603328, 24.491793],
              [54.60449, 24.492869],
              [54.605533, 24.49349],
              [54.606683, 24.493925],
              [54.6079, 24.494159],
              [54.609143, 24.494186],
              [54.610371, 24.494003],
              [54.611542, 24.493618],
              [54.612615, 24.493042],
              [54.613258, 24.492563],
              [54.614091, 24.491717],
              [54.614912, 24.4904],
              [54.615184, 24.489683],
              [54.615407, 24.488563],
              [54.615429, 24.487804],
              [54.615223, 24.485657],
              [54.615292, 24.484947],
              [54.61555, 24.484274],
              [54.615857, 24.483819],
              [54.616251, 24.483423],
              [54.616884, 24.483014],
              [54.617971, 24.482694],
              [54.619112, 24.482749],
              [54.62294, 24.484246],
              [54.621337, 24.487499],
              [54.620802, 24.488747],
              [54.620237, 24.490808],
              [54.62005, 24.492365],
              [54.616938, 24.493785],
              [54.613968, 24.494782],
              [54.592349, 24.499668]
            ]
          ],
          [
            [
              [54.588361, 24.48785],
              [54.586637, 24.487934],
              [54.585451, 24.488108],
              [54.584461, 24.488409],
              [54.583258, 24.489047],
              [54.582727, 24.489459],
              [54.582038, 24.490177],
              [54.579721, 24.493737],
              [54.577266, 24.49174],
              [54.578968, 24.489549],
              [54.579834, 24.488579],
              [54.580662, 24.487936],
              [54.58484, 24.485976],
              [54.590854, 24.483659],
              [54.591089, 24.484219],
              [54.591083, 24.484415],
              [54.59102, 24.484596],
              [54.590767, 24.48478],
              [54.590713, 24.484932],
              [54.592461, 24.486373],
              [54.594568, 24.489278],
              [54.593498, 24.490068],
              [54.592675, 24.489213],
              [54.591353, 24.48842],
              [54.590052, 24.487995],
              [54.588361, 24.48785]
            ]
          ],
          [
            [
              [54.602028, 24.509708],
              [54.601878, 24.511377],
              [54.600225, 24.511247],
              [54.599646, 24.510935],
              [54.599464, 24.510672],
              [54.59938, 24.510371],
              [54.599485, 24.509423],
              [54.599403, 24.508679],
              [54.598585, 24.506828],
              [54.598451, 24.506176],
              [54.5984, 24.505322],
              [54.598195, 24.504813],
              [54.597671, 24.504299],
              [54.597014, 24.504053],
              [54.59654, 24.504034],
              [54.594969, 24.50421],
              [54.593142, 24.503986],
              [54.593196, 24.503485],
              [54.593149, 24.502937],
              [54.592349, 24.499668],
              [54.602128, 24.497465],
              [54.602728, 24.499921],
              [54.602781, 24.500918],
              [54.602028, 24.509708]
            ]
          ],
          [
            [
              [54.595468, 24.495884],
              [54.591841, 24.495874],
              [54.591298, 24.49593],
              [54.590897, 24.494413],
              [54.590833, 24.493771],
              [54.590942, 24.492918],
              [54.591269, 24.492113],
              [54.591645, 24.491568],
              [54.5923, 24.490953],
              [54.602855, 24.483102],
              [54.602814, 24.484327],
              [54.602009, 24.486166],
              [54.601877, 24.486966],
              [54.601877, 24.487509],
              [54.601969, 24.488747],
              [54.602213, 24.489811],
              [54.602656, 24.49082],
              [54.603328, 24.491793],
              [54.601744, 24.493521],
              [54.601062, 24.494041],
              [54.600187, 24.494535],
              [54.598176, 24.495321],
              [54.596565, 24.49572],
              [54.595468, 24.495884]
            ]
          ],
          [
            [
              [54.603977, 24.463963],
              [54.601557, 24.465836],
              [54.600668, 24.464938],
              [54.600078, 24.464562],
              [54.597636, 24.463884],
              [54.597484, 24.46425],
              [54.596835, 24.463998],
              [54.596017, 24.463621],
              [54.595105, 24.463057],
              [54.593458, 24.461685],
              [54.593009, 24.461997],
              [54.592532, 24.46144],
              [54.591944, 24.461004],
              [54.59067, 24.460635],
              [54.590703, 24.46044],
              [54.590602, 24.460422],
              [54.590704, 24.459586],
              [54.590167, 24.459468],
              [54.590863, 24.455542],
              [54.591484, 24.453091],
              [54.596038, 24.452129],
              [54.599525, 24.452804],
              [54.606026, 24.454239],
              [54.609992, 24.457975],
              [54.610351, 24.458592],
              [54.61106, 24.46097],
              [54.609971, 24.461223],
              [54.608992, 24.461595],
              [54.608914, 24.461417],
              [54.607709, 24.4618],
              [54.607881, 24.462169],
              [54.60534, 24.463229],
              [54.603977, 24.463963]
            ]
          ],
          [
            [
              [54.602855, 24.483102],
              [54.594568, 24.489278],
              [54.592461, 24.486373],
              [54.590713, 24.484932],
              [54.590767, 24.48478],
              [54.59102, 24.484596],
              [54.591083, 24.484415],
              [54.591089, 24.484219],
              [54.590854, 24.483659],
              [54.594948, 24.482081],
              [54.596996, 24.480863],
              [54.597515, 24.479819],
              [54.597722, 24.47887],
              [54.597664, 24.476287],
              [54.597178, 24.47421],
              [54.58981, 24.461511],
              [54.590167, 24.459468],
              [54.590704, 24.459586],
              [54.590602, 24.460422],
              [54.590703, 24.46044],
              [54.59067, 24.460635],
              [54.591944, 24.461004],
              [54.592532, 24.46144],
              [54.593009, 24.461997],
              [54.593458, 24.461685],
              [54.594631, 24.462703],
              [54.595401, 24.463256],
              [54.596017, 24.463621],
              [54.597484, 24.46425],
              [54.597636, 24.463884],
              [54.600078, 24.464562],
              [54.600668, 24.464938],
              [54.601557, 24.465836],
              [54.599666, 24.467479],
              [54.599504, 24.467741],
              [54.599456, 24.468039],
              [54.599531, 24.468332],
              [54.600034, 24.469199],
              [54.600438, 24.470116],
              [54.603393, 24.478096],
              [54.603678, 24.479095],
              [54.603875, 24.480403],
              [54.603824, 24.481304],
              [54.603422, 24.482369],
              [54.602855, 24.483102]
            ]
          ],
          [
            [
              [54.592307, 24.499678],
              [54.572805, 24.504111],
              [54.58122, 24.502178],
              [54.582319, 24.500859],
              [54.584657, 24.499037],
              [54.585742, 24.498471],
              [54.588062, 24.497582],
              [54.590168, 24.49633],
              [54.591101, 24.495971],
              [54.591298, 24.49593],
              [54.592307, 24.499678]
            ]
          ],
          [
            [
              [54.628591, 24.512047],
              [54.627777, 24.512362],
              [54.626082, 24.51283],
              [54.616566, 24.514463],
              [54.61594, 24.511812],
              [54.615728, 24.511854],
              [54.613715, 24.503329],
              [54.613564, 24.502182],
              [54.613591, 24.501414],
              [54.613718, 24.50066],
              [54.614032, 24.499706],
              [54.614388, 24.499],
              [54.614824, 24.498352],
              [54.615568, 24.497542],
              [54.616142, 24.497072],
              [54.617105, 24.496489],
              [54.618163, 24.496066],
              [54.619276, 24.495781],
              [54.619142, 24.495327],
              [54.619702, 24.495189],
              [54.619714, 24.494985],
              [54.619583, 24.49501],
              [54.619469, 24.492631],
              [54.624771, 24.490213],
              [54.626474, 24.48951],
              [54.628223, 24.488905],
              [54.629999, 24.488402],
              [54.633911, 24.487433],
              [54.634293, 24.488162],
              [54.634596, 24.489106],
              [54.634767, 24.490282],
              [54.634713, 24.491454],
              [54.633588, 24.500118],
              [54.63255, 24.50694],
              [54.632151, 24.508096],
              [54.631622, 24.509164],
              [54.630969, 24.510056],
              [54.630028, 24.511059],
              [54.629285, 24.511658],
              [54.628591, 24.512047]
            ]
          ],
          [
            [
              [54.590854, 24.483659],
              [54.58484, 24.485976],
              [54.585468, 24.485509],
              [54.585872, 24.484859],
              [54.586071, 24.48405],
              [54.586635, 24.481136],
              [54.589163, 24.465118],
              [54.58981, 24.461511],
              [54.597178, 24.47421],
              [54.597664, 24.476287],
              [54.597722, 24.47887],
              [54.597515, 24.479819],
              [54.596996, 24.480863],
              [54.594948, 24.482081],
              [54.590854, 24.483659]
            ]
          ]
        ]
      },
      "properties": {
        "id": "yas-island",
        "name": "Yas Island",
        "officialDistrictIds": [1330],
        "officialDistrictNames": ["YAS ISLAND"],
        "officialCommunityIds": [
          "5167",
          "4575",
          "4588",
          "5168",
          "5172",
          "4572",
          "4592",
          "4589",
          "4591",
          "5171",
          "5170",
          "4574",
          "4590",
          "5169",
          "4570",
          "4573",
          "4593",
          "4571",
          "5173",
          "4594"
        ],
        "officialCommunityNames": [
          "YN1",
          "YS7",
          "YS3_01",
          "YN2",
          "YN6",
          "YS1",
          "YS3_05",
          "YS3_02",
          "YS3_04",
          "YN5",
          "YN4",
          "YS6",
          "YS3_03",
          "YN3",
          "YS4",
          "YS2",
          "YS3_06",
          "YS5",
          "YN7",
          "YS3_07"
        ],
        "centroid": [54.603, 24.492],
        "geometryCentroid": [54.603033, 24.491771],
        "areaKm2": 28.65,
        "geometrySourceClass": "observed",
        "source": "adsdiCommunities",
        "excludedDisplacedCommunityRecords": 0,
        "mappingNote": null
      }
    },
    {
      "type": "Feature",
      "id": "khalifa-city",
      "geometry": {
        "type": "MultiPolygon",
        "coordinates": [
          [
            [
              [54.574757, 24.42144],
              [54.566889, 24.419208],
              [54.568645, 24.414008],
              [54.576513, 24.416235],
              [54.574757, 24.42144]
            ]
          ],
          [
            [
              [54.580026, 24.405827],
              [54.587747, 24.408012],
              [54.585991, 24.413219],
              [54.578269, 24.411031],
              [54.580026, 24.405827]
            ]
          ],
          [
            [
              [54.602146, 24.415487],
              [54.604125, 24.416074],
              [54.603702, 24.417321],
              [54.603544, 24.417591],
              [54.603172, 24.417888],
              [54.601931, 24.418505],
              [54.601566, 24.418926],
              [54.600197, 24.42294],
              [54.594081, 24.42121],
              [54.602146, 24.415487]
            ]
          ],
          [
            [
              [54.562631, 24.398375],
              [54.570557, 24.399953],
              [54.570885, 24.398959],
              [54.573557, 24.399492],
              [54.572199, 24.403609],
              [54.56185, 24.40068],
              [54.562631, 24.398375]
            ]
          ],
          [
            [
              [54.605083, 24.406828],
              [54.6032, 24.412377],
              [54.595469, 24.410197],
              [54.597139, 24.405246],
              [54.605083, 24.406828]
            ]
          ],
          [
            [
              [54.582479, 24.423628],
              [54.574757, 24.42144],
              [54.576513, 24.416235],
              [54.584228, 24.418421],
              [54.582479, 24.423628]
            ]
          ],
          [
            [
              [54.5704, 24.408809],
              [54.578269, 24.411031],
              [54.576513, 24.416235],
              [54.568645, 24.414008],
              [54.5704, 24.408809]
            ]
          ],
          [
            [
              [54.554703, 24.396797],
              [54.562631, 24.398375],
              [54.56185, 24.40068],
              [54.554134, 24.398503],
              [54.554703, 24.396797]
            ]
          ],
          [
            [
              [54.578269, 24.411031],
              [54.585991, 24.413219],
              [54.584228, 24.418421],
              [54.576513, 24.416235],
              [54.578269, 24.411031]
            ]
          ],
          [
            [
              [54.593714, 24.415401],
              [54.599413, 24.41701],
              [54.599711, 24.417217],
              [54.594081, 24.42121],
              [54.59196, 24.420607],
              [54.593714, 24.415401]
            ]
          ],
          [
            [
              [54.595469, 24.410197],
              [54.587747, 24.408012],
              [54.589222, 24.403612],
              [54.589774, 24.40378],
              [54.597139, 24.405246],
              [54.595469, 24.410197]
            ]
          ],
          [
            [
              [54.552385, 24.403705],
              [54.554134, 24.398503],
              [54.56185, 24.40068],
              [54.560097, 24.405887],
              [54.552385, 24.403705]
            ]
          ],
          [
            [
              [54.565133, 24.424417],
              [54.566889, 24.419208],
              [54.574757, 24.42144],
              [54.573, 24.426649],
              [54.565133, 24.424417]
            ]
          ],
          [
            [
              [54.566889, 24.419208],
              [54.565133, 24.424417],
              [54.554824, 24.421507],
              [54.556581, 24.416302],
              [54.566889, 24.419208]
            ]
          ],
          [
            [
              [54.592071, 24.432801],
              [54.595171, 24.433694],
              [54.595775, 24.433675],
              [54.597953, 24.432631],
              [54.598559, 24.432259],
              [54.598758, 24.431973],
              [54.599295, 24.430404],
              [54.604507, 24.431907],
              [54.601413, 24.441065],
              [54.591501, 24.438269],
              [54.590356, 24.437884],
              [54.592071, 24.432801]
            ]
          ],
          [
            [
              [54.606886, 24.424853],
              [54.609355, 24.417519],
              [54.612485, 24.418408],
              [54.613126, 24.418734],
              [54.613564, 24.419092],
              [54.618564, 24.425234],
              [54.617779, 24.427481],
              [54.616206, 24.430272],
              [54.615877, 24.431251],
              [54.615824, 24.432049],
              [54.615918, 24.432706],
              [54.616828, 24.435027],
              [54.616032, 24.435226],
              [54.615745, 24.435137],
              [54.612509, 24.431169],
              [54.61225, 24.430605],
              [54.612012, 24.429626],
              [54.611266, 24.428521],
              [54.611198, 24.428108],
              [54.610866, 24.428017],
              [54.610654, 24.427864],
              [54.608694, 24.42552],
              [54.608253, 24.425275],
              [54.606886, 24.424853]
            ]
          ],
          [
            [
              [54.582479, 24.423628],
              [54.584228, 24.418421],
              [54.594081, 24.42121],
              [54.588254, 24.425339],
              [54.587937, 24.425171],
              [54.582479, 24.423628]
            ]
          ],
          [
            [
              [54.5704, 24.408809],
              [54.572199, 24.403609],
              [54.580026, 24.405827],
              [54.578269, 24.411031],
              [54.5704, 24.408809]
            ]
          ],
          [
            [
              [54.584798, 24.42779],
              [54.58254, 24.429391],
              [54.580726, 24.428843],
              [54.582479, 24.423628],
              [54.587937, 24.425171],
              [54.588254, 24.425339],
              [54.584798, 24.42779]
            ]
          ],
          [
            [
              [54.595469, 24.410197],
              [54.593714, 24.415401],
              [54.585991, 24.413219],
              [54.587747, 24.408012],
              [54.595469, 24.410197]
            ]
          ],
          [
            [
              [54.554824, 24.421507],
              [54.565133, 24.424417],
              [54.563373, 24.42963],
              [54.553064, 24.426709],
              [54.554824, 24.421507]
            ]
          ],
          [
            [
              [54.604507, 24.431907],
              [54.599295, 24.430404],
              [54.599743, 24.429063],
              [54.599768, 24.428753],
              [54.599686, 24.428422],
              [54.598986, 24.427145],
              [54.598961, 24.42667],
              [54.600197, 24.42294],
              [54.60648, 24.424717],
              [54.606942, 24.424686],
              [54.604507, 24.431907]
            ]
          ],
          [
            [
              [54.615596, 24.442722],
              [54.615284, 24.442634],
              [54.617138, 24.439435],
              [54.603283, 24.435534],
              [54.606886, 24.424853],
              [54.608253, 24.425275],
              [54.608694, 24.42552],
              [54.610654, 24.427864],
              [54.610866, 24.428017],
              [54.611198, 24.428108],
              [54.611266, 24.428521],
              [54.612012, 24.429626],
              [54.61225, 24.430605],
              [54.612509, 24.431169],
              [54.615745, 24.435137],
              [54.616032, 24.435226],
              [54.616828, 24.435027],
              [54.618122, 24.438644],
              [54.618173, 24.4395],
              [54.618042, 24.439977],
              [54.617724, 24.440518],
              [54.617363, 24.440882],
              [54.616352, 24.441649],
              [54.615596, 24.442722]
            ]
          ],
          [
            [
              [54.552385, 24.403705],
              [54.560097, 24.405887],
              [54.558334, 24.411092],
              [54.550611, 24.408915],
              [54.552385, 24.403705]
            ]
          ],
          [
            [
              [54.582479, 24.423628],
              [54.580726, 24.428843],
              [54.573, 24.426649],
              [54.574757, 24.42144],
              [54.582479, 24.423628]
            ]
          ],
          [
            [
              [54.554824, 24.421507],
              [54.547081, 24.419312],
              [54.548856, 24.414114],
              [54.556581, 24.416302],
              [54.554824, 24.421507]
            ]
          ],
          [
            [
              [54.584798, 24.42779],
              [54.594081, 24.42121],
              [54.600197, 24.42294],
              [54.598961, 24.42667],
              [54.598986, 24.427145],
              [54.599686, 24.428422],
              [54.599767, 24.428919],
              [54.598758, 24.431973],
              [54.598399, 24.432397],
              [54.595775, 24.433675],
              [54.595414, 24.433721],
              [54.595032, 24.433658],
              [54.588193, 24.43167],
              [54.587947, 24.431499],
              [54.584798, 24.42779]
            ]
          ],
          [
            [
              [54.580026, 24.405827],
              [54.572199, 24.403609],
              [54.573218, 24.400487],
              [54.581285, 24.402089],
              [54.580026, 24.405827]
            ]
          ],
          [
            [
              [54.558334, 24.411092],
              [54.568645, 24.414008],
              [54.566889, 24.419208],
              [54.556581, 24.416302],
              [54.558334, 24.411092]
            ]
          ],
          [
            [
              [54.602146, 24.415487],
              [54.599711, 24.417217],
              [54.599413, 24.41701],
              [54.593714, 24.415401],
              [54.595469, 24.410197],
              [54.6032, 24.412377],
              [54.602146, 24.415487]
            ]
          ],
          [
            [
              [54.573, 24.426649],
              [54.58254, 24.429391],
              [54.576832, 24.433436],
              [54.571241, 24.431852],
              [54.573, 24.426649]
            ]
          ],
          [
            [
              [54.593714, 24.415401],
              [54.59196, 24.420607],
              [54.584228, 24.418421],
              [54.585991, 24.413219],
              [54.593714, 24.415401]
            ]
          ],
          [
            [
              [54.604125, 24.416074],
              [54.609341, 24.417557],
              [54.606916, 24.424695],
              [54.60648, 24.424717],
              [54.600197, 24.42294],
              [54.601566, 24.418926],
              [54.601931, 24.418505],
              [54.603172, 24.417888],
              [54.603544, 24.417591],
              [54.603702, 24.417321],
              [54.604125, 24.416074]
            ]
          ],
          [
            [
              [54.584798, 24.42779],
              [54.588065, 24.431593],
              [54.588423, 24.431761],
              [54.592071, 24.432801],
              [54.590356, 24.437884],
              [54.588121, 24.436865],
              [54.586912, 24.4364],
              [54.578904, 24.434121],
              [54.576832, 24.433436],
              [54.584798, 24.42779]
            ]
          ],
          [
            [
              [54.573, 24.426649],
              [54.571241, 24.431852],
              [54.563373, 24.42963],
              [54.565133, 24.424417],
              [54.573, 24.426649]
            ]
          ],
          [
            [
              [54.5704, 24.408809],
              [54.560097, 24.405887],
              [54.56185, 24.40068],
              [54.572199, 24.403609],
              [54.5704, 24.408809]
            ]
          ],
          [
            [
              [54.580026, 24.405827],
              [54.581285, 24.402089],
              [54.588524, 24.403531],
              [54.589222, 24.403612],
              [54.587747, 24.408012],
              [54.580026, 24.405827]
            ]
          ],
          [
            [
              [54.558334, 24.411092],
              [54.560097, 24.405887],
              [54.5704, 24.408809],
              [54.568645, 24.414008],
              [54.558334, 24.411092]
            ]
          ],
          [
            [
              [54.558334, 24.411092],
              [54.556581, 24.416302],
              [54.548856, 24.414114],
              [54.550611, 24.408915],
              [54.558334, 24.411092]
            ]
          ],
          [
            [
              [54.554824, 24.421507],
              [54.553064, 24.426709],
              [54.54534, 24.424511],
              [54.547081, 24.419312],
              [54.554824, 24.421507]
            ]
          ],
          [
            [
              [54.619829, 24.44372],
              [54.619748, 24.443866],
              [54.615596, 24.442722],
              [54.616352, 24.441649],
              [54.617363, 24.440882],
              [54.617724, 24.440518],
              [54.618042, 24.439977],
              [54.618173, 24.4395],
              [54.618188, 24.439008],
              [54.618085, 24.438523],
              [54.617388, 24.436458],
              [54.615964, 24.43288],
              [54.615824, 24.431718],
              [54.615922, 24.431039],
              [54.616135, 24.43042],
              [54.617669, 24.427715],
              [54.618564, 24.425234],
              [54.626506, 24.434932],
              [54.624882, 24.436029],
              [54.62404, 24.436807],
              [54.623339, 24.437623],
              [54.622544, 24.438843],
              [54.619829, 24.44372]
            ]
          ],
          [
            [
              [54.54655, 24.424864],
              [54.576832, 24.433436],
              [54.57529, 24.438073],
              [54.543733, 24.429137],
              [54.54534, 24.424511],
              [54.54655, 24.424864]
            ]
          ],
          [
            [
              [54.577299, 24.433635],
              [54.586912, 24.4364],
              [54.588121, 24.436865],
              [54.590114, 24.437789],
              [54.591284, 24.438204],
              [54.60138, 24.441056],
              [54.600978, 24.445337],
              [54.57529, 24.438073],
              [54.576832, 24.433436],
              [54.577299, 24.433635]
            ]
          ],
          [
            [
              [54.510913, 24.418457],
              [54.510557, 24.418707],
              [54.510437, 24.419117],
              [54.510662, 24.419608],
              [54.510842, 24.419808],
              [54.509845, 24.419357],
              [54.503965, 24.414473],
              [54.524296, 24.405383],
              [54.525766, 24.404533],
              [54.526508, 24.40394],
              [54.527222, 24.40322],
              [54.538592, 24.390497],
              [54.555679, 24.393904],
              [54.555035, 24.395813],
              [54.553296, 24.394876],
              [54.552239, 24.39502],
              [54.547169, 24.396383],
              [54.519659, 24.41308],
              [54.513912, 24.419164],
              [54.511323, 24.418403],
              [54.510913, 24.418457]
            ]
          ],
          [
            [
              [54.547081, 24.419312],
              [54.543733, 24.429137],
              [54.521162, 24.422745],
              [54.518654, 24.422227],
              [54.51329, 24.420913],
              [54.510842, 24.419808],
              [54.510662, 24.419608],
              [54.510437, 24.419117],
              [54.510557, 24.418707],
              [54.510913, 24.418457],
              [54.511323, 24.418403],
              [54.513912, 24.419164],
              [54.519659, 24.41308],
              [54.547169, 24.396383],
              [54.552239, 24.39502],
              [54.553296, 24.394876],
              [54.555035, 24.395813],
              [54.547081, 24.419312]
            ]
          ],
          [
            [
              [54.606083, 24.403948],
              [54.613379, 24.405399],
              [54.6121, 24.409443],
              [54.609341, 24.417557],
              [54.602146, 24.415487],
              [54.606083, 24.403948]
            ]
          ],
          [
            [
              [54.617568, 24.406231],
              [54.623085, 24.407332],
              [54.624438, 24.407659],
              [54.626034, 24.40816],
              [54.627696, 24.408838],
              [54.629113, 24.40956],
              [54.630588, 24.410467],
              [54.631628, 24.411227],
              [54.63277, 24.412193],
              [54.633775, 24.413177],
              [54.635272, 24.414987],
              [54.636352, 24.416646],
              [54.639475, 24.422068],
              [54.640466, 24.423284],
              [54.641372, 24.423994],
              [54.641258, 24.424455],
              [54.641437, 24.424987],
              [54.642603, 24.426206],
              [54.63643, 24.430638],
              [54.627195, 24.419704],
              [54.626909, 24.419564],
              [54.626007, 24.418433],
              [54.624904, 24.416754],
              [54.621531, 24.410496],
              [54.620794, 24.409279],
              [54.620036, 24.408212],
              [54.619285, 24.407469],
              [54.618562, 24.406962],
              [54.616412, 24.406001],
              [54.617568, 24.406231]
            ]
          ],
          [
            [
              [54.601413, 24.441065],
              [54.603633, 24.441742],
              [54.605084, 24.442672],
              [54.6058, 24.442963],
              [54.617559, 24.446307],
              [54.618238, 24.446577],
              [54.615991, 24.449618],
              [54.600978, 24.445337],
              [54.601413, 24.441065]
            ]
          ],
          [
            [
              [54.590212, 24.400783],
              [54.606034, 24.403939],
              [54.605083, 24.406828],
              [54.589774, 24.40378],
              [54.589213, 24.403611],
              [54.590124, 24.400765],
              [54.590212, 24.400783]
            ]
          ],
          [
            [
              [54.570557, 24.399953],
              [54.554703, 24.396797],
              [54.555679, 24.393904],
              [54.5742, 24.397594],
              [54.573557, 24.399492],
              [54.570885, 24.398959],
              [54.570557, 24.399953]
            ]
          ],
          [
            [
              [54.574662, 24.397686],
              [54.590124, 24.400765],
              [54.589213, 24.403611],
              [54.588524, 24.403531],
              [54.573218, 24.400487],
              [54.5742, 24.397594],
              [54.574662, 24.397686]
            ]
          ],
          [
            [
              [54.619748, 24.443866],
              [54.618238, 24.446577],
              [54.617559, 24.446307],
              [54.6058, 24.442963],
              [54.605084, 24.442672],
              [54.603633, 24.441742],
              [54.601413, 24.441065],
              [54.603283, 24.435534],
              [54.617138, 24.439435],
              [54.615284, 24.442634],
              [54.619748, 24.443866]
            ]
          ],
          [
            [
              [54.620794, 24.409279],
              [54.621531, 24.410496],
              [54.624315, 24.415681],
              [54.61754, 24.420384],
              [54.618479, 24.421641],
              [54.618879, 24.422737],
              [54.618919, 24.423954],
              [54.618564, 24.425234],
              [54.613751, 24.419299],
              [54.613355, 24.418903],
              [54.612485, 24.418408],
              [54.609355, 24.417519],
              [54.6121, 24.409443],
              [54.613379, 24.405399],
              [54.616412, 24.406001],
              [54.61826, 24.406794],
              [54.618989, 24.407244],
              [54.619676, 24.407819],
              [54.620794, 24.409279]
            ]
          ],
          [
            [
              [54.635224, 24.429233],
              [54.63643, 24.430638],
              [54.634557, 24.432005],
              [54.633651, 24.432526],
              [54.632422, 24.433059],
              [54.628485, 24.434094],
              [54.62755, 24.434431],
              [54.626506, 24.434932],
              [54.618564, 24.425234],
              [54.618919, 24.423954],
              [54.618879, 24.422737],
              [54.618479, 24.421641],
              [54.61754, 24.420384],
              [54.624314, 24.415681],
              [54.625287, 24.417383],
              [54.626574, 24.419168],
              [54.626908, 24.419564],
              [54.627195, 24.419704],
              [54.635224, 24.429233]
            ]
          ]
        ]
      },
      "properties": {
        "id": "khalifa-city",
        "name": "Khalifa City",
        "officialDistrictIds": [26],
        "officialDistrictNames": ["KHALIFA CITY"],
        "officialCommunityIds": [
          "662",
          "641",
          "150",
          "718",
          "118",
          "492",
          "181",
          "719",
          "493",
          "280",
          "640",
          "331",
          "4",
          "483",
          "236",
          "4654",
          "721",
          "658",
          "184",
          "279",
          "223",
          "563",
          "4653",
          "738",
          "558",
          "482",
          "655",
          "298",
          "481",
          "422",
          "69",
          "250",
          "562",
          "681",
          "670",
          "579",
          "297",
          "663",
          "534",
          "120",
          "4657",
          "243",
          "160",
          "4585",
          "224",
          "152",
          "4310",
          "100",
          "187",
          "269",
          "119",
          "4663",
          "4655",
          "4656"
        ],
        "officialCommunityNames": [
          "SE3",
          "SE15",
          "SE43",
          "SW6",
          "SE36",
          "SE13",
          "SE4",
          "SW16",
          "SE14",
          "SE34",
          "SE26",
          "SW15",
          "SE2",
          "SW2",
          "SE42",
          "SE45_02",
          "SE23",
          "SE5",
          "SE22",
          "SE25",
          "SW1",
          "SE40",
          "SE45_01",
          "SW14",
          "SE12",
          "SW12",
          "SE41",
          "SE6",
          "SW3",
          "SE35",
          "SE11",
          "SE24",
          "SE39",
          "SE44",
          "SE1",
          "SW5",
          "SE16",
          "SW4",
          "SW13",
          "SW11",
          "SE45_05",
          "SW18",
          "SE47",
          "SW17_01",
          "SW17",
          "SE38",
          "SE49",
          "SE48",
          "SE26_01",
          "SW6_01",
          "SE6_01",
          "SE45",
          "SE45_03",
          "SE45_04"
        ],
        "centroid": [54.697, 24.425],
        "geometryCentroid": [54.577913, 24.418599],
        "areaKm2": 48.72,
        "geometrySourceClass": "observed",
        "source": "adsdiCommunities",
        "excludedDisplacedCommunityRecords": 3,
        "mappingNote": null
      }
    },
    {
      "type": "Feature",
      "id": "mbz-zayed-city",
      "geometry": {
        "type": "MultiPolygon",
        "coordinates": [
          [
            [
              [54.610488, 24.390552],
              [54.613983, 24.391541],
              [54.613408, 24.392541],
              [54.616025, 24.3938],
              [54.615796, 24.394201],
              [54.618344, 24.395428],
              [54.617254, 24.396769],
              [54.616416, 24.397986],
              [54.615673, 24.399251],
              [54.614883, 24.400898],
              [54.608143, 24.397655],
              [54.610488, 24.390552]
            ]
          ],
          [
            [
              [54.542975, 24.338352],
              [54.548511, 24.338575],
              [54.54859, 24.34019],
              [54.548756, 24.340471],
              [54.549409, 24.341067],
              [54.549796, 24.341184],
              [54.553645, 24.341339],
              [54.553336, 24.347817],
              [54.542544, 24.347389],
              [54.542975, 24.338352]
            ]
          ],
          [
            [
              [54.561993, 24.385113],
              [54.563303, 24.38697],
              [54.558387, 24.390467],
              [54.55709, 24.388937],
              [54.556017, 24.385708],
              [54.558437, 24.384998],
              [54.559263, 24.385409],
              [54.560184, 24.385572],
              [54.561143, 24.385468],
              [54.561993, 24.385113]
            ]
          ],
          [
            [
              [54.575379, 24.382858],
              [54.575763, 24.387337],
              [54.574545, 24.387353],
              [54.57339, 24.387236],
              [54.572258, 24.38699],
              [54.571119, 24.386599],
              [54.570088, 24.386104],
              [54.569045, 24.385435],
              [54.568185, 24.384717],
              [54.567495, 24.383991],
              [54.57137, 24.381234],
              [54.572163, 24.381967],
              [54.573135, 24.382504],
              [54.574282, 24.382818],
              [54.575379, 24.382858]
            ]
          ],
          [
            [
              [54.560661, 24.376542],
              [54.560466, 24.379924],
              [54.559464, 24.380027],
              [54.558573, 24.380406],
              [54.557868, 24.381011],
              [54.557383, 24.381831],
              [54.554942, 24.382478],
              [54.553754, 24.378904],
              [54.552297, 24.377811],
              [54.554146, 24.375742],
              [54.560661, 24.376542]
            ]
          ],
          [
            [
              [54.575379, 24.382858],
              [54.574282, 24.382818],
              [54.573135, 24.382504],
              [54.572163, 24.381967],
              [54.57137, 24.381234],
              [54.573266, 24.379887],
              [54.573643, 24.38039],
              [54.574204, 24.380615],
              [54.574889, 24.380546],
              [54.575597, 24.380163],
              [54.576196, 24.379497],
              [54.576521, 24.378723],
              [54.576539, 24.377961],
              [54.576416, 24.377608],
              [54.576213, 24.377327],
              [54.575918, 24.377112],
              [54.57558, 24.377002],
              [54.575194, 24.37699],
              [54.574752, 24.377095],
              [54.573966, 24.377593],
              [54.573378, 24.378404],
              [54.570457, 24.377975],
              [54.570639, 24.377294],
              [54.570933, 24.376667],
              [54.571321, 24.376104],
              [54.571841, 24.375569],
              [54.572412, 24.375146],
              [54.573053, 24.374812],
              [54.573731, 24.374577],
              [54.574528, 24.374432],
              [54.575425, 24.374426],
              [54.576296, 24.374575],
              [54.577119, 24.374873],
              [54.577928, 24.375355],
              [54.578564, 24.375929],
              [54.579098, 24.376658],
              [54.579452, 24.377455],
              [54.579618, 24.378256],
              [54.579613, 24.379065],
              [54.579417, 24.37993],
              [54.579029, 24.380739],
              [54.578517, 24.381403],
              [54.577877, 24.381964],
              [54.577149, 24.382394],
              [54.576329, 24.382697],
              [54.575379, 24.382858]
            ]
          ],
          [
            [
              [54.608143, 24.397655],
              [54.600084, 24.393774],
              [54.603294, 24.388181],
              [54.60648, 24.389717],
              [54.606709, 24.389316],
              [54.610341, 24.391064],
              [54.608143, 24.397655]
            ]
          ],
          [
            [
              [54.625697, 24.389744],
              [54.627176, 24.38879],
              [54.628996, 24.387459],
              [54.634506, 24.395464],
              [54.631126, 24.39896],
              [54.629983, 24.400519],
              [54.627486, 24.399317],
              [54.627257, 24.399718],
              [54.621902, 24.39714],
              [54.622131, 24.39674],
              [54.618666, 24.395072],
              [54.620043, 24.393707],
              [54.621508, 24.392492],
              [54.622747, 24.391613],
              [54.625697, 24.389744]
            ]
          ],
          [
            [
              [54.567495, 24.383991],
              [54.568185, 24.384717],
              [54.569045, 24.385435],
              [54.570088, 24.386104],
              [54.571119, 24.386599],
              [54.572258, 24.38699],
              [54.57339, 24.387236],
              [54.574545, 24.387353],
              [54.575763, 24.387337],
              [54.575998, 24.39003],
              [54.575981, 24.390567],
              [54.571955, 24.392947],
              [54.565537, 24.390131],
              [54.563303, 24.38697],
              [54.567495, 24.383991]
            ]
          ],
          [
            [
              [54.561993, 24.385113],
              [54.562737, 24.384485],
              [54.563206, 24.383705],
              [54.563389, 24.382792],
              [54.563257, 24.381928],
              [54.573166, 24.379158],
              [54.573266, 24.379887],
              [54.563303, 24.38697],
              [54.561993, 24.385113]
            ]
          ],
          [
            [
              [54.573185, 24.325997],
              [54.574236, 24.326041],
              [54.573868, 24.333283],
              [54.573634, 24.333816],
              [54.570173, 24.338777],
              [54.56712, 24.336997],
              [54.56769, 24.336185],
              [54.568568, 24.336697],
              [54.571243, 24.332848],
              [54.571409, 24.330386],
              [54.572981, 24.330441],
              [54.573185, 24.325997]
            ]
          ],
          [
            [
              [54.565077, 24.348293],
              [54.56526, 24.34412],
              [54.565438, 24.343813],
              [54.563273, 24.342543],
              [54.567118, 24.336996],
              [54.570173, 24.338777],
              [54.566629, 24.343903],
              [54.566409, 24.344325],
              [54.56628, 24.344849],
              [54.566148, 24.347589],
              [54.56632, 24.348562],
              [54.565077, 24.348293]
            ]
          ],
          [
            [
              [54.566054, 24.336375],
              [54.567118, 24.336996],
              [54.563273, 24.342543],
              [54.565438, 24.343813],
              [54.56526, 24.34412],
              [54.565077, 24.348293],
              [54.553336, 24.347817],
              [54.553645, 24.341339],
              [54.561861, 24.34166],
              [54.56228, 24.341567],
              [54.562583, 24.341354],
              [54.562802, 24.341075],
              [54.566054, 24.336375]
            ]
          ],
          [
            [
              [54.56113, 24.33231],
              [54.552301, 24.331996],
              [54.551507, 24.33188],
              [54.551819, 24.325146],
              [54.561456, 24.32553],
              [54.56113, 24.33231]
            ]
          ],
          [
            [
              [54.553645, 24.341339],
              [54.554084, 24.332068],
              [54.558224, 24.332233],
              [54.557785, 24.341502],
              [54.553645, 24.341339]
            ]
          ],
          [
            [
              [54.566054, 24.336375],
              [54.562802, 24.341075],
              [54.562424, 24.341487],
              [54.561861, 24.34166],
              [54.557785, 24.341502],
              [54.558224, 24.332233],
              [54.565663, 24.332528],
              [54.566159, 24.332672],
              [54.566727, 24.333202],
              [54.566922, 24.333723],
              [54.566873, 24.334727],
              [54.566762, 24.335218],
              [54.566054, 24.336375]
            ]
          ],
          [
            [
              [54.573185, 24.325997],
              [54.572981, 24.330441],
              [54.571409, 24.330386],
              [54.571269, 24.3328],
              [54.568568, 24.336697],
              [54.56769, 24.336185],
              [54.56712, 24.336997],
              [54.566054, 24.336375],
              [54.566762, 24.335218],
              [54.566873, 24.334727],
              [54.566922, 24.333723],
              [54.566727, 24.333202],
              [54.566159, 24.332672],
              [54.565663, 24.332528],
              [54.56113, 24.33231],
              [54.561456, 24.32553],
              [54.573185, 24.325997]
            ]
          ],
          [
            [
              [54.610488, 24.390552],
              [54.611157, 24.387624],
              [54.61149, 24.385251],
              [54.611651, 24.382261],
              [54.611527, 24.37928],
              [54.618298, 24.379791],
              [54.619154, 24.379782],
              [54.62006, 24.379663],
              [54.620887, 24.383293],
              [54.621364, 24.384472],
              [54.621922, 24.385293],
              [54.625697, 24.389744],
              [54.622747, 24.391613],
              [54.621348, 24.392614],
              [54.619761, 24.393967],
              [54.618344, 24.395428],
              [54.615796, 24.394201],
              [54.616025, 24.3938],
              [54.613408, 24.392541],
              [54.613983, 24.391541],
              [54.610488, 24.390552]
            ]
          ],
          [
            [
              [54.54037, 24.304667],
              [54.548162, 24.304991],
              [54.548641, 24.305115],
              [54.549162, 24.305375],
              [54.550244, 24.306371],
              [54.539751, 24.315193],
              [54.54037, 24.304667]
            ]
          ],
          [
            [
              [54.553336, 24.347817],
              [54.553091, 24.352807],
              [54.548475, 24.352635],
              [54.547739, 24.352755],
              [54.547183, 24.353091],
              [54.545867, 24.35426],
              [54.545613, 24.354839],
              [54.545533, 24.355912],
              [54.540227, 24.355702],
              [54.540459, 24.351854],
              [54.540822, 24.35118],
              [54.541978, 24.350139],
              [54.5423, 24.34965],
              [54.542454, 24.349063],
              [54.542528, 24.347388],
              [54.553336, 24.347817]
            ]
          ],
          [
            [
              [54.542975, 24.338352],
              [54.542544, 24.347389],
              [54.537628, 24.347191],
              [54.538492, 24.338177],
              [54.542975, 24.338352]
            ]
          ],
          [
            [
              [54.54539, 24.36015],
              [54.545533, 24.355912],
              [54.545644, 24.354715],
              [54.545835, 24.354307],
              [54.546084, 24.354022],
              [54.547281, 24.353014],
              [54.547739, 24.352755],
              [54.548475, 24.352635],
              [54.556674, 24.352978],
              [54.557165, 24.353138],
              [54.557517, 24.35337],
              [54.558399, 24.354263],
              [54.55862, 24.354663],
              [54.558714, 24.355069],
              [54.558602, 24.357804],
              [54.558407, 24.358516],
              [54.557972, 24.359032],
              [54.555006, 24.361522],
              [54.554229, 24.360779],
              [54.553439, 24.360473],
              [54.54539, 24.36015]
            ]
          ],
          [
            [
              [54.542975, 24.338352],
              [54.538492, 24.338177],
              [54.539158, 24.32476],
              [54.544293, 24.324849],
              [54.551819, 24.325146],
              [54.551507, 24.33188],
              [54.549924, 24.331963],
              [54.549244, 24.332429],
              [54.548943, 24.332786],
              [54.54887, 24.333025],
              [54.548638, 24.337857],
              [54.548511, 24.338575],
              [54.542975, 24.338352]
            ]
          ],
          [
            [
              [54.54539, 24.36015],
              [54.545266, 24.363752],
              [54.539858, 24.363541],
              [54.540227, 24.355702],
              [54.545533, 24.355912],
              [54.54539, 24.36015]
            ]
          ],
          [
            [
              [54.56177, 24.318687],
              [54.561456, 24.32553],
              [54.551819, 24.325146],
              [54.552143, 24.318313],
              [54.56177, 24.318687]
            ]
          ],
          [
            [
              [54.561892, 24.316048],
              [54.574668, 24.316541],
              [54.574236, 24.326041],
              [54.561456, 24.32553],
              [54.561892, 24.316048]
            ]
          ],
          [
            [
              [54.539858, 24.363541],
              [54.539554, 24.369842],
              [54.536519, 24.36973],
              [54.536985, 24.360687],
              [54.539985, 24.360802],
              [54.539858, 24.363541]
            ]
          ],
          [
            [
              [54.551507, 24.33188],
              [54.552102, 24.331987],
              [54.554084, 24.332068],
              [54.553645, 24.341339],
              [54.549691, 24.341168],
              [54.549231, 24.340946],
              [54.548756, 24.340471],
              [54.548564, 24.340105],
              [54.54858, 24.33911],
              [54.548511, 24.338575],
              [54.548638, 24.337857],
              [54.548901, 24.332894],
              [54.549146, 24.332514],
              [54.549819, 24.332001],
              [54.550171, 24.331918],
              [54.551507, 24.33188]
            ]
          ],
          [
            [
              [54.536519, 24.36973],
              [54.539554, 24.369842],
              [54.539338, 24.374352],
              [54.536344, 24.374199],
              [54.536519, 24.36973]
            ]
          ],
          [
            [
              [54.552281, 24.315679],
              [54.551819, 24.325146],
              [54.544293, 24.324849],
              [54.539158, 24.32476],
              [54.539495, 24.317881],
              [54.539751, 24.315193],
              [54.552281, 24.315679]
            ]
          ],
          [
            [
              [54.561892, 24.316048],
              [54.56177, 24.318687],
              [54.552143, 24.318313],
              [54.552281, 24.315679],
              [54.555573, 24.31289],
              [54.556144, 24.312618],
              [54.560426, 24.312743],
              [54.561197, 24.312975],
              [54.56168, 24.313401],
              [54.561944, 24.313985],
              [54.561892, 24.316048]
            ]
          ],
          [
            [
              [54.575035, 24.308569],
              [54.577579, 24.30942],
              [54.578526, 24.309888],
              [54.579377, 24.31057],
              [54.580776, 24.312157],
              [54.581253, 24.312595],
              [54.583759, 24.314143],
              [54.583137, 24.314986],
              [54.582407, 24.315674],
              [54.581588, 24.316179],
              [54.58055, 24.316556],
              [54.579301, 24.316713],
              [54.574668, 24.316541],
              [54.575035, 24.308569]
            ]
          ],
          [
            [
              [54.561892, 24.316048],
              [54.561965, 24.31413],
              [54.561866, 24.31373],
              [54.561611, 24.313316],
              [54.561197, 24.312975],
              [54.560722, 24.312786],
              [54.559139, 24.312692],
              [54.559525, 24.304157],
              [54.561245, 24.304229],
              [54.56274, 24.304483],
              [54.575035, 24.308569],
              [54.574668, 24.316541],
              [54.561892, 24.316048]
            ]
          ],
          [
            [
              [54.54539, 24.36015],
              [54.553439, 24.360473],
              [54.554229, 24.360779],
              [54.555006, 24.361522],
              [54.552509, 24.363617],
              [54.5519, 24.363923],
              [54.551062, 24.363983],
              [54.545266, 24.363752],
              [54.54539, 24.36015]
            ]
          ],
          [
            [
              [54.583174, 24.326819],
              [54.581699, 24.326389],
              [54.580111, 24.326152],
              [54.574236, 24.326041],
              [54.574668, 24.316541],
              [54.579678, 24.316697],
              [54.58095, 24.316441],
              [54.581942, 24.315987],
              [54.583174, 24.326819]
            ]
          ],
          [
            [
              [54.537201, 24.356221],
              [54.537628, 24.347191],
              [54.542528, 24.347388],
              [54.542454, 24.349063],
              [54.5423, 24.34965],
              [54.541978, 24.350139],
              [54.540783, 24.351227],
              [54.540421, 24.352003],
              [54.539985, 24.360802],
              [54.536985, 24.360687],
              [54.537201, 24.356221]
            ]
          ],
          [
            [
              [54.54037, 24.304667],
              [54.533261, 24.304389],
              [54.545566, 24.29457],
              [54.548117, 24.296936],
              [54.548804, 24.29734],
              [54.575138, 24.306318],
              [54.575035, 24.308569],
              [54.563118, 24.304595],
              [54.561743, 24.304282],
              [54.553383, 24.303969],
              [54.552783, 24.304238],
              [54.550244, 24.306371],
              [54.549162, 24.305375],
              [54.548641, 24.305115],
              [54.548162, 24.304991],
              [54.54037, 24.304667]
            ]
          ],
          [
            [
              [54.552281, 24.315679],
              [54.539751, 24.315193],
              [54.552967, 24.304121],
              [54.553383, 24.303969],
              [54.553752, 24.303935],
              [54.559525, 24.304157],
              [54.559139, 24.312692],
              [54.556435, 24.312588],
              [54.555854, 24.312714],
              [54.552281, 24.315679]
            ]
          ],
          [
            [
              [54.555006, 24.361522],
              [54.558489, 24.365011],
              [54.552382, 24.370147],
              [54.546828, 24.369904],
              [54.546171, 24.369636],
              [54.545406, 24.368908],
              [54.545174, 24.368511],
              [54.545076, 24.368038],
              [54.545266, 24.363752],
              [54.551062, 24.363983],
              [54.5519, 24.363923],
              [54.552509, 24.363617],
              [54.555006, 24.361522]
            ]
          ],
          [
            [
              [54.560677, 24.376545],
              [54.552048, 24.37544],
              [54.562817, 24.363373],
              [54.563764, 24.362219],
              [54.56461, 24.360964],
              [54.569512, 24.363849],
              [54.560677, 24.376545]
            ]
          ],
          [
            [
              [54.628254, 24.374737],
              [54.635158, 24.382869],
              [54.627784, 24.38836],
              [54.625697, 24.389744],
              [54.621922, 24.385293],
              [54.621364, 24.384472],
              [54.620887, 24.383293],
              [54.62006, 24.379663],
              [54.621374, 24.379288],
              [54.622527, 24.378717],
              [54.628139, 24.374743],
              [54.628254, 24.374737]
            ]
          ],
          [
            [
              [54.582268, 24.372984],
              [54.582922, 24.373776],
              [54.583513, 24.374697],
              [54.583931, 24.375568],
              [54.584266, 24.376561],
              [54.579533, 24.37775],
              [54.579274, 24.376997],
              [54.578937, 24.376402],
              [54.578458, 24.375816],
              [54.577928, 24.375355],
              [54.577267, 24.374945],
              [54.576602, 24.374666],
              [54.575825, 24.374475],
              [54.575084, 24.374411],
              [54.575154, 24.369919],
              [54.577014, 24.370112],
              [54.577983, 24.370351],
              [54.578961, 24.3707],
              [54.580689, 24.371633],
              [54.581458, 24.372214],
              [54.582268, 24.372984]
            ]
          ],
          [
            [
              [54.58932, 24.365148],
              [54.590409, 24.366504],
              [54.591767, 24.368633],
              [54.592399, 24.369888],
              [54.593104, 24.371658],
              [54.583794, 24.375252],
              [54.583103, 24.374032],
              [54.582265, 24.37298],
              [54.588017, 24.364418],
              [54.58932, 24.365148]
            ]
          ],
          [
            [
              [54.591407, 24.348127],
              [54.575121, 24.359714],
              [54.574571, 24.358015],
              [54.57367, 24.356466],
              [54.572963, 24.355617],
              [54.569378, 24.351879],
              [54.570792, 24.349174],
              [54.571551, 24.347932],
              [54.585492, 24.32797],
              [54.587273, 24.32935],
              [54.588579, 24.33079],
              [54.589419, 24.332056],
              [54.58983, 24.332852],
              [54.590362, 24.334289],
              [54.591654, 24.340738],
              [54.591989, 24.341625],
              [54.592473, 24.342419],
              [54.591074, 24.343437],
              [54.591407, 24.348127]
            ]
          ],
          [
            [
              [54.610789, 24.389387],
              [54.610341, 24.391064],
              [54.606709, 24.389316],
              [54.60648, 24.389717],
              [54.601796, 24.38746],
              [54.602241, 24.386684],
              [54.600173, 24.38569],
              [54.600828, 24.385186],
              [54.601461, 24.384535],
              [54.601974, 24.3838],
              [54.602356, 24.383003],
              [54.602657, 24.381776],
              [54.602915, 24.378625],
              [54.611527, 24.37928],
              [54.611651, 24.382261],
              [54.611545, 24.384654],
              [54.611257, 24.387032],
              [54.610789, 24.389387]
            ]
          ],
          [
            [
              [54.556749, 24.370179],
              [54.552048, 24.37544],
              [54.550541, 24.374972],
              [54.548986, 24.37474],
              [54.539338, 24.374352],
              [54.539858, 24.363541],
              [54.545266, 24.363752],
              [54.545074, 24.367806],
              [54.54512, 24.368347],
              [54.545369, 24.368859],
              [54.54598, 24.369486],
              [54.546444, 24.369788],
              [54.546998, 24.369926],
              [54.552382, 24.370147],
              [54.558489, 24.365011],
              [54.560012, 24.36652],
              [54.556749, 24.370179]
            ]
          ],
          [
            [
              [54.570237, 24.293805],
              [54.566389, 24.303334],
              [54.548702, 24.297298],
              [54.548059, 24.296887],
              [54.545566, 24.29457],
              [54.550213, 24.290825],
              [54.551377, 24.289684],
              [54.552909, 24.287894],
              [54.570237, 24.293805]
            ]
          ],
          [
            [
              [54.607463, 24.366312],
              [54.608912, 24.369197],
              [54.609601, 24.370877],
              [54.610192, 24.372591],
              [54.610684, 24.374327],
              [54.611077, 24.376087],
              [54.611527, 24.37928],
              [54.602915, 24.378625],
              [54.602836, 24.37641],
              [54.602429, 24.373759],
              [54.601722, 24.371161],
              [54.600749, 24.368707],
              [54.60737, 24.366148],
              [54.607463, 24.366312]
            ]
          ],
          [
            [
              [54.527463, 24.378399],
              [54.536111, 24.378744],
              [54.535909, 24.383253],
              [54.524386, 24.382783],
              [54.5246, 24.378287],
              [54.527463, 24.378399]
            ]
          ],
          [
            [
              [54.620824, 24.365971],
              [54.628217, 24.374694],
              [54.622706, 24.378605],
              [54.621787, 24.379113],
              [54.620625, 24.379534],
              [54.61952, 24.379747],
              [54.618421, 24.379795],
              [54.611527, 24.37928],
              [54.611185, 24.376677],
              [54.610684, 24.374327],
              [54.609809, 24.371445],
              [54.608912, 24.369197],
              [54.620824, 24.365971]
            ]
          ],
          [
            [
              [54.613305, 24.357105],
              [54.6208, 24.365943],
              [54.608912, 24.369197],
              [54.607902, 24.367114],
              [54.606941, 24.365419],
              [54.605593, 24.363367],
              [54.604449, 24.361848],
              [54.613039, 24.356945],
              [54.613128, 24.356899],
              [54.613305, 24.357105]
            ]
          ],
          [
            [
              [54.575644, 24.295672],
              [54.592647, 24.301494],
              [54.583759, 24.314143],
              [54.581253, 24.312595],
              [54.580776, 24.312157],
              [54.579377, 24.31057],
              [54.578526, 24.309888],
              [54.577579, 24.30942],
              [54.575035, 24.308569],
              [54.575644, 24.295672]
            ]
          ],
          [
            [
              [54.59336, 24.390535],
              [54.592483, 24.393331],
              [54.590874, 24.392822],
              [54.57851, 24.390346],
              [54.575987, 24.390389],
              [54.575763, 24.387337],
              [54.577239, 24.387123],
              [54.578813, 24.386641],
              [54.580268, 24.385919],
              [54.581654, 24.384897],
              [54.59336, 24.390535]
            ]
          ],
          [
            [
              [54.53894, 24.329175],
              [54.538492, 24.338177],
              [54.537705, 24.338075],
              [54.530163, 24.337763],
              [54.526521, 24.33769],
              [54.526742, 24.332744],
              [54.526712, 24.328628],
              [54.53894, 24.329175]
            ]
          ],
          [
            [
              [54.547301, 24.384173],
              [54.546153, 24.384124],
              [54.544546, 24.383833],
              [54.552048, 24.37544],
              [54.554145, 24.375744],
              [54.552297, 24.377811],
              [54.553754, 24.378904],
              [54.554942, 24.382478],
              [54.549502, 24.383913],
              [54.548396, 24.384103],
              [54.547301, 24.384173]
            ]
          ],
          [
            [
              [54.536344, 24.374199],
              [54.536111, 24.378744],
              [54.5246, 24.378287],
              [54.524818, 24.373704],
              [54.536344, 24.374199]
            ]
          ],
          [
            [
              [54.54037, 24.304667],
              [54.539751, 24.315193],
              [54.526622, 24.314677],
              [54.526809, 24.313408],
              [54.527184, 24.311983],
              [54.527668, 24.310728],
              [54.528442, 24.309264],
              [54.529537, 24.307734],
              [54.530342, 24.306845],
              [54.531195, 24.306052],
              [54.533261, 24.304389],
              [54.54037, 24.304667]
            ]
          ],
          [
            [
              [54.537599, 24.347777],
              [54.537413, 24.351664],
              [54.525884, 24.351211],
              [54.526092, 24.346769],
              [54.536898, 24.347243],
              [54.537628, 24.347191],
              [54.537599, 24.347777]
            ]
          ],
          [
            [
              [54.538858, 24.3902],
              [54.538592, 24.390497],
              [54.537022, 24.390231],
              [54.535653, 24.39015],
              [54.535596, 24.387703],
              [54.53572, 24.38706],
              [54.535909, 24.383253],
              [54.544747, 24.383609],
              [54.538858, 24.3902]
            ]
          ],
          [
            [
              [54.536985, 24.360687],
              [54.536319, 24.360723],
              [54.530075, 24.36049],
              [54.525457, 24.36023],
              [54.525669, 24.355733],
              [54.537201, 24.356221],
              [54.536985, 24.360687]
            ]
          ],
          [
            [
              [54.536519, 24.36973],
              [54.536344, 24.374199],
              [54.524818, 24.373704],
              [54.52503, 24.369265],
              [54.536519, 24.36973]
            ]
          ],
          [
            [
              [54.536136, 24.378745],
              [54.546688, 24.379161],
              [54.548596, 24.379303],
              [54.544747, 24.383609],
              [54.535909, 24.383253],
              [54.536136, 24.378745]
            ]
          ],
          [
            [
              [54.563257, 24.381928],
              [54.562865, 24.381172],
              [54.562246, 24.380551],
              [54.561398, 24.380104],
              [54.560466, 24.379924],
              [54.560661, 24.376542],
              [54.573378, 24.378404],
              [54.573686, 24.3779],
              [54.574101, 24.377474],
              [54.574596, 24.37716],
              [54.575066, 24.377008],
              [54.575535, 24.376995],
              [54.575984, 24.377148],
              [54.576311, 24.377441],
              [54.576507, 24.377836],
              [54.576547, 24.378591],
              [54.576241, 24.379423],
              [54.575642, 24.380127],
              [54.574889, 24.380546],
              [54.574204, 24.380615],
              [54.573618, 24.38037],
              [54.573244, 24.379836],
              [54.573166, 24.379158],
              [54.563257, 24.381928]
            ]
          ],
          [
            [
              [54.59159, 24.348664],
              [54.592074, 24.349816],
              [54.592789, 24.350863],
              [54.593363, 24.351466],
              [54.595448, 24.353271],
              [54.586867, 24.36613],
              [54.581813, 24.363283],
              [54.59159, 24.348664]
            ]
          ],
          [
            [
              [54.55709, 24.388937],
              [54.558387, 24.390467],
              [54.556449, 24.39185],
              [54.55574, 24.393171],
              [54.555473, 24.393863],
              [54.541115, 24.390998],
              [54.542695, 24.390485],
              [54.544445, 24.390166],
              [54.545648, 24.389768],
              [54.547885, 24.388262],
              [54.548751, 24.387848],
              [54.556017, 24.385708],
              [54.55709, 24.388937]
            ]
          ],
          [
            [
              [54.62444, 24.405498],
              [54.626853, 24.405984],
              [54.625748, 24.407887],
              [54.59855, 24.402442],
              [54.599529, 24.400481],
              [54.603833, 24.401348],
              [54.604109, 24.400198],
              [54.607085, 24.400797],
              [54.607956, 24.398211],
              [54.592483, 24.393331],
              [54.59336, 24.390535],
              [54.62444, 24.405498]
            ]
          ],
          [
            [
              [54.574489, 24.369931],
              [54.572724, 24.370174],
              [54.571365, 24.370585],
              [54.569893, 24.371288],
              [54.568654, 24.372151],
              [54.567559, 24.373216],
              [54.566684, 24.374419],
              [54.56601, 24.375809],
              [54.565613, 24.377267],
              [54.560677, 24.376545],
              [54.569714, 24.363559],
              [54.575121, 24.359714],
              [54.575292, 24.361064],
              [54.575154, 24.369919],
              [54.574489, 24.369931]
            ]
          ],
          [
            [
              [54.600678, 24.345636],
              [54.602489, 24.346075],
              [54.603324, 24.346431],
              [54.603957, 24.346835],
              [54.606076, 24.348592],
              [54.613128, 24.356899],
              [54.604449, 24.361848],
              [54.602835, 24.359966],
              [54.601082, 24.358189],
              [54.595448, 24.353271],
              [54.600551, 24.345609],
              [54.600678, 24.345636]
            ]
          ],
          [
            [
              [54.635248, 24.382975],
              [54.653344, 24.404322],
              [54.654155, 24.405609],
              [54.654725, 24.407014],
              [54.655011, 24.408288],
              [54.655107, 24.409929],
              [54.640567, 24.410542],
              [54.638292, 24.410335],
              [54.63668, 24.410067],
              [54.633434, 24.409413],
              [54.632787, 24.407707],
              [54.632146, 24.40668],
              [54.631107, 24.40572],
              [54.629809, 24.405022],
              [54.630401, 24.403989],
              [54.629487, 24.403411],
              [54.629779, 24.402902],
              [54.628955, 24.40231],
              [54.62998, 24.400524],
              [54.631126, 24.39896],
              [54.634506, 24.395464],
              [54.628996, 24.387459],
              [54.635158, 24.382869],
              [54.635248, 24.382975]
            ]
          ],
          [
            [
              [54.601087, 24.369475],
              [54.60186, 24.37159],
              [54.602518, 24.374198],
              [54.602836, 24.37641],
              [54.602915, 24.378625],
              [54.595067, 24.378029],
              [54.594971, 24.376748],
              [54.594646, 24.374848],
              [54.594164, 24.373158],
              [54.593503, 24.371503],
              [54.600749, 24.368707],
              [54.601087, 24.369475]
            ]
          ],
          [
            [
              [54.58388, 24.391422],
              [54.590874, 24.392822],
              [54.592483, 24.393331],
              [54.590084, 24.400757],
              [54.574184, 24.397591],
              [54.575672, 24.393189],
              [54.575925, 24.391801],
              [54.575987, 24.390389],
              [54.57851, 24.390346],
              [54.58388, 24.391422]
            ]
          ],
          [
            [
              [54.570378, 24.352916],
              [54.573076, 24.355739],
              [54.573806, 24.356658],
              [54.574604, 24.358088],
              [54.575121, 24.359714],
              [54.569714, 24.363559],
              [54.569512, 24.363849],
              [54.56461, 24.360964],
              [54.569378, 24.351879],
              [54.570378, 24.352916]
            ]
          ],
          [
            [
              [54.537228, 24.374268],
              [54.548986, 24.37474],
              [54.550541, 24.374972],
              [54.552048, 24.37544],
              [54.548596, 24.379303],
              [54.546688, 24.379161],
              [54.536111, 24.378744],
              [54.536344, 24.374199],
              [54.537228, 24.374268]
            ]
          ],
          [
            [
              [54.629983, 24.400519],
              [54.628955, 24.40231],
              [54.629779, 24.402902],
              [54.629487, 24.403411],
              [54.630401, 24.403989],
              [54.629809, 24.405022],
              [54.631107, 24.40572],
              [54.632146, 24.40668],
              [54.632787, 24.407707],
              [54.633434, 24.409413],
              [54.625748, 24.407887],
              [54.626853, 24.405984],
              [54.62444, 24.405498],
              [54.614883, 24.400898],
              [54.615673, 24.399251],
              [54.616617, 24.397675],
              [54.617707, 24.396181],
              [54.618666, 24.395072],
              [54.622131, 24.39674],
              [54.621902, 24.39714],
              [54.627257, 24.399718],
              [54.627486, 24.399317],
              [54.629983, 24.400519]
            ]
          ],
          [
            [
              [54.576817, 24.360547],
              [54.581813, 24.363283],
              [54.577222, 24.370156],
              [54.576277, 24.369994],
              [54.575154, 24.369919],
              [54.575292, 24.361064],
              [54.575247, 24.360528],
              [54.576817, 24.360547]
            ]
          ],
          [
            [
              [54.59855, 24.402442],
              [54.590084, 24.400757],
              [54.592483, 24.393331],
              [54.607956, 24.398211],
              [54.607085, 24.400797],
              [54.604109, 24.400198],
              [54.603833, 24.401348],
              [54.599529, 24.400481],
              [54.59855, 24.402442]
            ]
          ],
          [
            [
              [54.570345, 24.338884],
              [54.575688, 24.342005],
              [54.571284, 24.348342],
              [54.5693, 24.352028],
              [54.56632, 24.348562],
              [54.566149, 24.34772],
              [54.56628, 24.344849],
              [54.566409, 24.344325],
              [54.566629, 24.343903],
              [54.570173, 24.338777],
              [54.570345, 24.338884]
            ]
          ],
          [
            [
              [54.591449, 24.348103],
              [54.591586, 24.348651],
              [54.581813, 24.363283],
              [54.576817, 24.360547],
              [54.575247, 24.360528],
              [54.575121, 24.359714],
              [54.591449, 24.348103]
            ]
          ],
          [
            [
              [54.554017, 24.347844],
              [54.564927, 24.348275],
              [54.56632, 24.348562],
              [54.5693, 24.352028],
              [54.566797, 24.356835],
              [54.558672, 24.356511],
              [54.558714, 24.355034],
              [54.55862, 24.354663],
              [54.558357, 24.354214],
              [54.557356, 24.353248],
              [54.556564, 24.352963],
              [54.553091, 24.352807],
              [54.553336, 24.347817],
              [54.554017, 24.347844]
            ]
          ],
          [
            [
              [54.537201, 24.356221],
              [54.525669, 24.355733],
              [54.525884, 24.351211],
              [54.537413, 24.351664],
              [54.537201, 24.356221]
            ]
          ],
          [
            [
              [54.574701, 24.374419],
              [54.573943, 24.374526],
              [54.5732, 24.374751],
              [54.572539, 24.37507],
              [54.571917, 24.375505],
              [54.571356, 24.376062],
              [54.570961, 24.37662],
              [54.570639, 24.377294],
              [54.570457, 24.377975],
              [54.565613, 24.377267],
              [54.565884, 24.376171],
              [54.566348, 24.375032],
              [54.566947, 24.37401],
              [54.567704, 24.373054],
              [54.568577, 24.372215],
              [54.569548, 24.371499],
              [54.57076, 24.370837],
              [54.571928, 24.370389],
              [54.573498, 24.370028],
              [54.575154, 24.369919],
              [54.575084, 24.374411],
              [54.574701, 24.374419]
            ]
          ],
          [
            [
              [54.592761, 24.301536],
              [54.593913, 24.302013],
              [54.595453, 24.302834],
              [54.596873, 24.303819],
              [54.597532, 24.304368],
              [54.598431, 24.305245],
              [54.599279, 24.306224],
              [54.601158, 24.308861],
              [54.59976, 24.309811],
              [54.597802, 24.311402],
              [54.596548, 24.312612],
              [54.595285, 24.314035],
              [54.585492, 24.32797],
              [54.584568, 24.327434],
              [54.583174, 24.326819],
              [54.581942, 24.315987],
              [54.582654, 24.315473],
              [54.583326, 24.31475],
              [54.592647, 24.301494],
              [54.592761, 24.301536]
            ]
          ],
          [
            [
              [54.539158, 24.32476],
              [54.526661, 24.324296],
              [54.526568, 24.315698],
              [54.526622, 24.314677],
              [54.539751, 24.315193],
              [54.539495, 24.317881],
              [54.539158, 24.32476]
            ]
          ],
          [
            [
              [54.594807, 24.378009],
              [54.591611, 24.383576],
              [54.584406, 24.380105],
              [54.584541, 24.378587],
              [54.584414, 24.377216],
              [54.594807, 24.378009]
            ]
          ],
          [
            [
              [54.602241, 24.386684],
              [54.601796, 24.38746],
              [54.603294, 24.388181],
              [54.600084, 24.393774],
              [54.59336, 24.390535],
              [54.600173, 24.38569],
              [54.602241, 24.386684]
            ]
          ],
          [
            [
              [54.595448, 24.353271],
              [54.593363, 24.351466],
              [54.592715, 24.350774],
              [54.59202, 24.349716],
              [54.591543, 24.348499],
              [54.591449, 24.348103],
              [54.591074, 24.343437],
              [54.592473, 24.342419],
              [54.593089, 24.343102],
              [54.593592, 24.343523],
              [54.594091, 24.343851],
              [54.595081, 24.344329],
              [54.600551, 24.345609],
              [54.595448, 24.353271]
            ]
          ],
          [
            [
              [54.575715, 24.393016],
              [54.574184, 24.397591],
              [54.555473, 24.393863],
              [54.55574, 24.393171],
              [54.556449, 24.39185],
              [54.563303, 24.38697],
              [54.565537, 24.390131],
              [54.571955, 24.392947],
              [54.575981, 24.390567],
              [54.575925, 24.391801],
              [54.575715, 24.393016]
            ]
          ],
          [
            [
              [54.591611, 24.383576],
              [54.598489, 24.386886],
              [54.59336, 24.390535],
              [54.581654, 24.384897],
              [54.582641, 24.38387],
              [54.58344, 24.382712],
              [54.584032, 24.381455],
              [54.584406, 24.380105],
              [54.591611, 24.383576]
            ]
          ],
          [
            [
              [54.595067, 24.378029],
              [54.602915, 24.378625],
              [54.602615, 24.382064],
              [54.60239, 24.382911],
              [54.602071, 24.383628],
              [54.601524, 24.384457],
              [54.600904, 24.385117],
              [54.598489, 24.386886],
              [54.591611, 24.383576],
              [54.594807, 24.378009],
              [54.595067, 24.378029]
            ]
          ],
          [
            [
              [54.531667, 24.337825],
              [54.537705, 24.338075],
              [54.538492, 24.338177],
              [54.537628, 24.347191],
              [54.536898, 24.347243],
              [54.526092, 24.346769],
              [54.526521, 24.33769],
              [54.531667, 24.337825]
            ]
          ],
          [
            [
              [54.53894, 24.329175],
              [54.526712, 24.328628],
              [54.526661, 24.324296],
              [54.539158, 24.32476],
              [54.53894, 24.329175]
            ]
          ],
          [
            [
              [54.586853, 24.366122],
              [54.582265, 24.37298],
              [54.581209, 24.372013],
              [54.579989, 24.3712],
              [54.578684, 24.37059],
              [54.577222, 24.370156],
              [54.581813, 24.363283],
              [54.586853, 24.366122]
            ]
          ],
          [
            [
              [54.536735, 24.365197],
              [54.536519, 24.36973],
              [54.52503, 24.369265],
              [54.525246, 24.364727],
              [54.536735, 24.365197]
            ]
          ],
          [
            [
              [54.556017, 24.385708],
              [54.54866, 24.387882],
              [54.547803, 24.388313],
              [54.545648, 24.389768],
              [54.544855, 24.390057],
              [54.542772, 24.390466],
              [54.541115, 24.390998],
              [54.538592, 24.390497],
              [54.544546, 24.383833],
              [54.545605, 24.384054],
              [54.54707, 24.384174],
              [54.548396, 24.384103],
              [54.549761, 24.383849],
              [54.557383, 24.381831],
              [54.557772, 24.381129],
              [54.558362, 24.380549],
              [54.559043, 24.380167],
              [54.559869, 24.379948],
              [54.560781, 24.379954],
              [54.5617, 24.380226],
              [54.562448, 24.380714],
              [54.562976, 24.381334],
              [54.563222, 24.381831],
              [54.563358, 24.382349],
              [54.563385, 24.382883],
              [54.563308, 24.38339],
              [54.562869, 24.384318],
              [54.562077, 24.385061],
              [54.561143, 24.385468],
              [54.560184, 24.385572],
              [54.559263, 24.385409],
              [54.558437, 24.384998],
              [54.556017, 24.385708]
            ]
          ],
          [
            [
              [54.599915, 24.357135],
              [54.601976, 24.359063],
              [54.604059, 24.361368],
              [54.605945, 24.363871],
              [54.60737, 24.366148],
              [54.593104, 24.371658],
              [54.592085, 24.369236],
              [54.591127, 24.367555],
              [54.590409, 24.366504],
              [54.58932, 24.365148],
              [54.588017, 24.364418],
              [54.595448, 24.353271],
              [54.599915, 24.357135]
            ]
          ],
          [
            [
              [54.570295, 24.293824],
              [54.575627, 24.295666],
              [54.575138, 24.306318],
              [54.566389, 24.303334],
              [54.570237, 24.293805],
              [54.570295, 24.293824]
            ]
          ],
          [
            [
              [54.524968, 24.382819],
              [54.535909, 24.383253],
              [54.53572, 24.38706],
              [54.535596, 24.387703],
              [54.535653, 24.39015],
              [54.534042, 24.390238],
              [54.532908, 24.390427],
              [54.523909, 24.392902],
              [54.524386, 24.382783],
              [54.524968, 24.382819]
            ]
          ],
          [
            [
              [54.575928, 24.387321],
              [54.575763, 24.387337],
              [54.575379, 24.382858],
              [54.576329, 24.382697],
              [54.577221, 24.382359],
              [54.578063, 24.381822],
              [54.578728, 24.38116],
              [54.579244, 24.380349],
              [54.579538, 24.379513],
              [54.579637, 24.378626],
              [54.579533, 24.37775],
              [54.584266, 24.376561],
              [54.584463, 24.377526],
              [54.584538, 24.378428],
              [54.58451, 24.379341],
              [54.584372, 24.380278],
              [54.584134, 24.381165],
              [54.583795, 24.382024],
              [54.58328, 24.38298],
              [54.582739, 24.383747],
              [54.581449, 24.385074],
              [54.579844, 24.386161],
              [54.578009, 24.386922],
              [54.577071, 24.387159],
              [54.575928, 24.387321]
            ]
          ],
          [
            [
              [54.536785, 24.364145],
              [54.536735, 24.365197],
              [54.525246, 24.364727],
              [54.525457, 24.36023],
              [54.530075, 24.36049],
              [54.536319, 24.360723],
              [54.536985, 24.360687],
              [54.536785, 24.364145]
            ]
          ],
          [
            [
              [54.559619, 24.356546],
              [54.566797, 24.356835],
              [54.564987, 24.360305],
              [54.563961, 24.361948],
              [54.562817, 24.363373],
              [54.560012, 24.36652],
              [54.555006, 24.361522],
              [54.558283, 24.358708],
              [54.558579, 24.358022],
              [54.558672, 24.356511],
              [54.559619, 24.356546]
            ]
          ],
          [
            [
              [54.585492, 24.32797],
              [54.575688, 24.342005],
              [54.570173, 24.338777],
              [54.573634, 24.333816],
              [54.573842, 24.333375],
              [54.574236, 24.326041],
              [54.57965, 24.326125],
              [54.581035, 24.326263],
              [54.582327, 24.326546],
              [54.583244, 24.326843],
              [54.584568, 24.327434],
              [54.585492, 24.32797]
            ]
          ],
          [
            [
              [54.59373, 24.372021],
              [54.594164, 24.373158],
              [54.594646, 24.374848],
              [54.594971, 24.376748],
              [54.595067, 24.378029],
              [54.584414, 24.377216],
              [54.584143, 24.376145],
              [54.583794, 24.375252],
              [54.593503, 24.371503],
              [54.59373, 24.372021]
            ]
          ]
        ]
      },
      "properties": {
        "id": "mbz-zayed-city",
        "name": "Mohamed Bin Zayed / Zayed City",
        "officialDistrictIds": [48, 400],
        "officialDistrictNames": ["ZAYED CITY", "MOHAMED BIN ZAYED CITY"],
        "officialCommunityIds": [
          "1894",
          "106",
          "1975",
          "1983",
          "2035",
          "2023",
          "1892",
          "1884",
          "1969",
          "1977",
          "31",
          "32",
          "535",
          "489",
          "559",
          "560",
          "73",
          "1885",
          "209",
          "536",
          "468",
          "478",
          "471",
          "734",
          "81",
          "728",
          "732",
          "107",
          "375",
          "419",
          "109",
          "452",
          "108",
          "278",
          "206",
          "334",
          "208",
          "97",
          "539",
          "2041",
          "1883",
          "2025",
          "1991",
          "2045",
          "1887",
          "689",
          "350",
          "1890",
          "104",
          "1882",
          "1881",
          "88",
          "1895",
          "233",
          "1981",
          "102",
          "98",
          "335",
          "288",
          "596",
          "377",
          "668",
          "1979",
          "2001",
          "1971",
          "1891",
          "2033",
          "1880",
          "1896",
          "1886",
          "1963",
          "2043",
          "690",
          "1893",
          "2031",
          "1961",
          "182",
          "2021",
          "308",
          "151",
          "2027",
          "627",
          "453",
          "1987",
          "1897",
          "1993",
          "1967",
          "1898",
          "1888",
          "409",
          "418",
          "2029",
          "376",
          "1973",
          "1889",
          "166",
          "339",
          "1985",
          "239",
          "591",
          "183",
          "1989"
        ],
        "officialCommunityNames": [
          "MZ16",
          "Z17",
          "MZ33",
          "MZ27",
          "MZ37",
          "MZ26",
          "MZ17",
          "MZ9",
          "MZ30",
          "MZ34",
          "Z12_01",
          "Z13_01",
          "Z13",
          "Z16",
          "Z15",
          "Z14",
          "Z12",
          "MZ8",
          "Z26",
          "Z8",
          "Z17_01",
          "Z5",
          "Z19",
          "Z6",
          "Z21",
          "Z22",
          "Z6_01",
          "Z18",
          "Z9_01",
          "Z20",
          "Z23",
          "Z32",
          "Z25",
          "Z3",
          "Z33",
          "Z9",
          "Z29",
          "Z24",
          "Z2",
          "MZ39",
          "MZ5",
          "MZ24",
          "MZ22",
          "MZ44",
          "MZ7",
          "Z1",
          "Z30",
          "MZ10",
          "ME1",
          "MZ4",
          "MZ3",
          "Z34",
          "MZ14",
          "ME10",
          "MZ36",
          "ME2",
          "Z27",
          "ME8",
          "ME14",
          "ME6",
          "ME3",
          "ME15",
          "MZ38",
          "MZ46",
          "MZ32",
          "MZ13",
          "MZ40",
          "MZ2",
          "MZ12",
          "MZ11",
          "MZ29",
          "MZ41",
          "ME16",
          "MZ15",
          "MZ42",
          "MZ28",
          "Z36_01",
          "MZ43",
          "Z7",
          "ME7",
          "MZ23",
          "Z35",
          "ME12",
          "MZ20",
          "MZ18",
          "MZ45",
          "MZ31",
          "MZ19",
          "MZ6",
          "ME9",
          "ME11",
          "MZ47",
          "ME4",
          "MZ35",
          "MZ1",
          "Z31",
          "ME13",
          "MZ25",
          "ME5",
          "Z4",
          "Z36",
          "MZ21"
        ],
        "centroid": [54.574, 24.355],
        "geometryCentroid": [54.57444, 24.355476],
        "areaKm2": 99.17,
        "geometrySourceClass": "observed",
        "source": "adsdiCommunities",
        "excludedDisplacedCommunityRecords": 0,
        "mappingNote": "Two official district polygons combined; only the Mohamed Bin Zayed City population is disclosed in SCAD's 2024 top-ten chart."
      }
    },
    {
      "type": "Feature",
      "id": "musaffah",
      "geometry": {
        "type": "MultiPolygon",
        "coordinates": [
          [
            [
              [54.471634, 24.371652],
              [54.471843, 24.367151],
              [54.481693, 24.367538],
              [54.481475, 24.372051],
              [54.471634, 24.371652]
            ]
          ],
          [
            [
              [54.511017, 24.373248],
              [54.5106, 24.382248],
              [54.500741, 24.381855],
              [54.501182, 24.372879],
              [54.511017, 24.373248]
            ]
          ],
          [
            [
              [54.511667, 24.359691],
              [54.501813, 24.359303],
              [54.502467, 24.34578],
              [54.512299, 24.346165],
              [54.511667, 24.359691]
            ]
          ],
          [
            [
              [54.516569, 24.359884],
              [54.511667, 24.359691],
              [54.511887, 24.355187],
              [54.516779, 24.355374],
              [54.516569, 24.359884]
            ]
          ],
          [
            [
              [54.516159, 24.368906],
              [54.511237, 24.3687],
              [54.511451, 24.364222],
              [54.516363, 24.364408],
              [54.516159, 24.368906]
            ]
          ],
          [
            [
              [54.491325, 24.372444],
              [54.490897, 24.381466],
              [54.481044, 24.381072],
              [54.481475, 24.372051],
              [54.491325, 24.372444]
            ]
          ],
          [
            [
              [54.512092, 24.350659],
              [54.516989, 24.35086],
              [54.516779, 24.355374],
              [54.511887, 24.355187],
              [54.512092, 24.350659]
            ]
          ],
          [
            [
              [54.515939, 24.373411],
              [54.511017, 24.373248],
              [54.511237, 24.3687],
              [54.516159, 24.368906],
              [54.515939, 24.373411]
            ]
          ],
          [
            [
              [54.492186, 24.354402],
              [54.502029, 24.35479],
              [54.501813, 24.359303],
              [54.491967, 24.3589],
              [54.492186, 24.354402]
            ]
          ],
          [
            [
              [54.511017, 24.373248],
              [54.501182, 24.372879],
              [54.501385, 24.368311],
              [54.511237, 24.3687],
              [54.511017, 24.373248]
            ]
          ],
          [
            [
              [54.471634, 24.371652],
              [54.481475, 24.372051],
              [54.481256, 24.376632],
              [54.471397, 24.376235],
              [54.471634, 24.371652]
            ]
          ],
          [
            [
              [54.481044, 24.381072],
              [54.471811, 24.380707],
              [54.471175, 24.380531],
              [54.471397, 24.376235],
              [54.481256, 24.376632],
              [54.481044, 24.381072]
            ]
          ],
          [
            [
              [54.472691, 24.349151],
              [54.472903, 24.344601],
              [54.482745, 24.34499],
              [54.482532, 24.349547],
              [54.472691, 24.349151]
            ]
          ],
          [
            [
              [54.515939, 24.373411],
              [54.515734, 24.377935],
              [54.510824, 24.377737],
              [54.511017, 24.373248],
              [54.515939, 24.373411]
            ]
          ],
          [
            [
              [54.491539, 24.367924],
              [54.491967, 24.3589],
              [54.501813, 24.359303],
              [54.501385, 24.368311],
              [54.491539, 24.367924]
            ]
          ],
          [
            [
              [54.492612, 24.345372],
              [54.502467, 24.34578],
              [54.502029, 24.35479],
              [54.492186, 24.354402],
              [54.492612, 24.345372]
            ]
          ],
          [
            [
              [54.492186, 24.354402],
              [54.491967, 24.3589],
              [54.482108, 24.358523],
              [54.482322, 24.354014],
              [54.492186, 24.354402]
            ]
          ],
          [
            [
              [54.491325, 24.372444],
              [54.491539, 24.367924],
              [54.501385, 24.368311],
              [54.501182, 24.372879],
              [54.491325, 24.372444]
            ]
          ],
          [
            [
              [54.491325, 24.372444],
              [54.501182, 24.372879],
              [54.500741, 24.381855],
              [54.490897, 24.381466],
              [54.491325, 24.372444]
            ]
          ],
          [
            [
              [54.511667, 24.359691],
              [54.511237, 24.3687],
              [54.501385, 24.368311],
              [54.501813, 24.359303],
              [54.511667, 24.359691]
            ]
          ],
          [
            [
              [54.491325, 24.372444],
              [54.481475, 24.372051],
              [54.481693, 24.367538],
              [54.491539, 24.367924],
              [54.491325, 24.372444]
            ]
          ],
          [
            [
              [54.515525, 24.382442],
              [54.5106, 24.382248],
              [54.510824, 24.377737],
              [54.515734, 24.377935],
              [54.515525, 24.382442]
            ]
          ],
          [
            [
              [54.512706, 24.337138],
              [54.512299, 24.346165],
              [54.502467, 24.34578],
              [54.502888, 24.336753],
              [54.512706, 24.337138]
            ]
          ],
          [
            [
              [54.458645, 24.34431],
              [54.458459, 24.344456],
              [54.458069, 24.344485],
              [54.457262, 24.344459],
              [54.45718, 24.344348],
              [54.453155, 24.344188],
              [54.450856, 24.338298],
              [54.449195, 24.332983],
              [54.447868, 24.328588],
              [54.447368, 24.326605],
              [54.447192, 24.32506],
              [54.446261, 24.323744],
              [54.448758, 24.318947],
              [54.449917, 24.317125],
              [54.451737, 24.314782],
              [54.453484, 24.312973],
              [54.454373, 24.312463],
              [54.456278, 24.311953],
              [54.458445, 24.311847],
              [54.484723, 24.313719],
              [54.48446, 24.319208],
              [54.466635, 24.318469],
              [54.466661, 24.317914],
              [54.458907, 24.317604],
              [54.458901, 24.317732],
              [54.458254, 24.317707],
              [54.458454, 24.3135],
              [54.456829, 24.314066],
              [54.455097, 24.314821],
              [54.45158, 24.318229],
              [54.451473, 24.319434],
              [54.451102, 24.320861],
              [54.450835, 24.321018],
              [54.45083, 24.321757],
              [54.466963, 24.322396],
              [54.466346, 24.335309],
              [54.473345, 24.335584],
              [54.472903, 24.344601],
              [54.458817, 24.344042],
              [54.458645, 24.34431]
            ]
          ],
          [
            [
              [54.482322, 24.354014],
              [54.482108, 24.358523],
              [54.472269, 24.358127],
              [54.472482, 24.353616],
              [54.482322, 24.354014]
            ]
          ],
          [
            [
              [54.464358, 24.358277],
              [54.457962, 24.357961],
              [54.456276, 24.352979],
              [54.472482, 24.353616],
              [54.472269, 24.358127],
              [54.464369, 24.357821],
              [54.464358, 24.358277]
            ]
          ],
          [
            [
              [54.517742, 24.346376],
              [54.526092, 24.346769],
              [54.525669, 24.355736],
              [54.516779, 24.355374],
              [54.51719, 24.346353],
              [54.517742, 24.346376]
            ]
          ],
          [
            [
              [54.492612, 24.345372],
              [54.492186, 24.354402],
              [54.482322, 24.354014],
              [54.482745, 24.34499],
              [54.492612, 24.345372]
            ]
          ],
          [
            [
              [54.526521, 24.33769],
              [54.526092, 24.346769],
              [54.51719, 24.346353],
              [54.517618, 24.337338],
              [54.526521, 24.33769]
            ]
          ],
          [
            [
              [54.483176, 24.33597],
              [54.482947, 24.340724],
              [54.473112, 24.340334],
              [54.473345, 24.335584],
              [54.483176, 24.33597]
            ]
          ],
          [
            [
              [54.524818, 24.373704],
              [54.515939, 24.373411],
              [54.516159, 24.368906],
              [54.52503, 24.369265],
              [54.524818, 24.373704]
            ]
          ],
          [
            [
              [54.482532, 24.349547],
              [54.482322, 24.354014],
              [54.472482, 24.353616],
              [54.472691, 24.349151],
              [54.482532, 24.349547]
            ]
          ],
          [
            [
              [54.481742, 24.3811],
              [54.490217, 24.381439],
              [54.490088, 24.384144],
              [54.481578, 24.383799],
              [54.481742, 24.3811]
            ]
          ],
          [
            [
              [54.491967, 24.3589],
              [54.491539, 24.367924],
              [54.481693, 24.367538],
              [54.482108, 24.358523],
              [54.491967, 24.3589]
            ]
          ],
          [
            [
              [54.502888, 24.336753],
              [54.502467, 24.34578],
              [54.492612, 24.345372],
              [54.493034, 24.336353],
              [54.502888, 24.336753]
            ]
          ],
          [
            [
              [54.481917, 24.362699],
              [54.481898, 24.363113],
              [54.472052, 24.362723],
              [54.472269, 24.358127],
              [54.482108, 24.358523],
              [54.481917, 24.362699]
            ]
          ],
          [
            [
              [54.481898, 24.363113],
              [54.481693, 24.367538],
              [54.471843, 24.367151],
              [54.472052, 24.362723],
              [54.481898, 24.363113]
            ]
          ],
          [
            [
              [54.525669, 24.355736],
              [54.525457, 24.36023],
              [54.516569, 24.359884],
              [54.516779, 24.355374],
              [54.525669, 24.355736]
            ]
          ],
          [
            [
              [54.481578, 24.383796],
              [54.473837, 24.383637],
              [54.471612, 24.383683],
              [54.47175, 24.380698],
              [54.481707, 24.381099],
              [54.481578, 24.383796]
            ]
          ],
          [
            [
              [54.525246, 24.364727],
              [54.516363, 24.364408],
              [54.516569, 24.359884],
              [54.525457, 24.36023],
              [54.525246, 24.364727]
            ]
          ],
          [
            [
              [54.520467, 24.378087],
              [54.5246, 24.378287],
              [54.524386, 24.382783],
              [54.515525, 24.382442],
              [54.515734, 24.377935],
              [54.519531, 24.378086],
              [54.520173, 24.377969],
              [54.520467, 24.378087]
            ]
          ],
          [
            [
              [54.466382, 24.371452],
              [54.471634, 24.371652],
              [54.471175, 24.380531],
              [54.47175, 24.380698],
              [54.471612, 24.383683],
              [54.464258, 24.383834],
              [54.464236, 24.38219],
              [54.463649, 24.378917],
              [54.461861, 24.371272],
              [54.466382, 24.371452]
            ]
          ],
          [
            [
              [54.500741, 24.381855],
              [54.511043, 24.382266],
              [54.510902, 24.385129],
              [54.499946, 24.384648],
              [54.500078, 24.381828],
              [54.500741, 24.381855]
            ]
          ],
          [
            [
              [54.522898, 24.386421],
              [54.522893, 24.386486],
              [54.521646, 24.386442],
              [54.521693, 24.385478],
              [54.514936, 24.38526],
              [54.515083, 24.382424],
              [54.524386, 24.382783],
              [54.52424, 24.38586],
              [54.522908, 24.385867],
              [54.522898, 24.386421]
            ]
          ],
          [
            [
              [54.472691, 24.349151],
              [54.472482, 24.353616],
              [54.456276, 24.352979],
              [54.454809, 24.348645],
              [54.453155, 24.344188],
              [54.45718, 24.344348],
              [54.457262, 24.344459],
              [54.458295, 24.344484],
              [54.458559, 24.344401],
              [54.458817, 24.344042],
              [54.472903, 24.344601],
              [54.472691, 24.349151]
            ]
          ],
          [
            [
              [54.511271, 24.382275],
              [54.515083, 24.382424],
              [54.514936, 24.38526],
              [54.510902, 24.385129],
              [54.511043, 24.382266],
              [54.511271, 24.382275]
            ]
          ],
          [
            [
              [54.525245, 24.364739],
              [54.52503, 24.369265],
              [54.516159, 24.368906],
              [54.516363, 24.364408],
              [54.525245, 24.364739]
            ]
          ],
          [
            [
              [54.51719, 24.346353],
              [54.516989, 24.35086],
              [54.512092, 24.350659],
              [54.512706, 24.337138],
              [54.517618, 24.337338],
              [54.51719, 24.346353]
            ]
          ],
          [
            [
              [54.490414, 24.381446],
              [54.500078, 24.381828],
              [54.499946, 24.384648],
              [54.490088, 24.384144],
              [54.490217, 24.381439],
              [54.490414, 24.381446]
            ]
          ],
          [
            [
              [54.512288, 24.359715],
              [54.516569, 24.359884],
              [54.516363, 24.364408],
              [54.511451, 24.364222],
              [54.511667, 24.359691],
              [54.512288, 24.359715]
            ]
          ],
          [
            [
              [54.473113, 24.340334],
              [54.482947, 24.340724],
              [54.482745, 24.34499],
              [54.472903, 24.344601],
              [54.473113, 24.340334]
            ]
          ],
          [
            [
              [54.524818, 24.373704],
              [54.5246, 24.378287],
              [54.520771, 24.378134],
              [54.520173, 24.377969],
              [54.519531, 24.378086],
              [54.515734, 24.377935],
              [54.515939, 24.373411],
              [54.524818, 24.373704]
            ]
          ],
          [
            [
              [54.471634, 24.371644],
              [54.461861, 24.371272],
              [54.461394, 24.369277],
              [54.459325, 24.361988],
              [54.457962, 24.357961],
              [54.464358, 24.358277],
              [54.464369, 24.357821],
              [54.472269, 24.358127],
              [54.471634, 24.371644]
            ]
          ]
        ]
      },
      "properties": {
        "id": "musaffah",
        "name": "Musaffah",
        "officialDistrictIds": [38],
        "officialDistrictNames": ["MUSAFFAH"],
        "officialCommunityIds": [
          "77",
          "320",
          "541",
          "538",
          "3",
          "457",
          "746",
          "304",
          "379",
          "169",
          "255",
          "649",
          "517",
          "287",
          "168",
          "590",
          "316",
          "622",
          "338",
          "203",
          "623",
          "131",
          "463",
          "319",
          "317",
          "94",
          "583",
          "540",
          "47",
          "762",
          "699",
          "242",
          "675",
          "616",
          "589",
          "64",
          "372",
          "301",
          "506",
          "300",
          "677",
          "264",
          "605",
          "190",
          "394",
          "3601",
          "158",
          "747",
          "676",
          "550",
          "76",
          "103",
          "664"
        ],
        "officialCommunityNames": [
          "M20",
          "M9",
          "M33",
          "M32_02",
          "M5",
          "M15",
          "M32_01",
          "M6",
          "M38",
          "M10",
          "M21",
          "M22",
          "M44",
          "M7",
          "M12",
          "M37",
          "M39",
          "M13",
          "M14",
          "M11",
          "M16",
          "M8",
          "M35",
          "MW5",
          "M46",
          "MW3",
          "M26",
          "M40",
          "M28",
          "M42",
          "M3",
          "M45",
          "MN5",
          "M17",
          "M36",
          "M18",
          "M19",
          "M25",
          "MN6",
          "M24",
          "M1",
          "MW1",
          "MN3",
          "MN1",
          "MW4",
          "MN2",
          "M4",
          "M34",
          "MN4",
          "M23",
          "M43",
          "M2",
          "MW2"
        ],
        "centroid": [54.5, 24.35],
        "geometryCentroid": [54.488056, 24.355431],
        "areaKm2": 40.16,
        "geometrySourceClass": "observed",
        "source": "adsdiCommunities",
        "excludedDisplacedCommunityRecords": 19,
        "mappingNote": null
      }
    }
  ]
}
